0
-46900
30800
-27800
-29600
-56700
-43300
189600
-84800
-37300
-70700
-39400
14900
-8600
51500
-24600
-97400
130100
93600
-202600
-120800
36500
-122400
61100
-86400
28500
-36700
36600
22500
-143000
-33200
96000
-54700
-7400
-45200
-59400
43000
80700
-6800
-93900
71100
-154100
170100
-186100
51900
-117200
272300
-97100
260600
-447900
83100
-43400
106600
-215800
-40700
90900
-129800
157700
-43300
-62300
6300
-156900
18500
82300
-91300
-61800
-102400
182400
-110500
65800
-173800
146400
-221800
185200
-188000
278700
-304400
286900
-256100
148500
-210400
83500
-102000
-68000
113700
-195700
176900
-36300
-12200
-143600
-5100
-3000
-41800
-81800
67300
31500
58900
-118000
58800
-153000
125000
-215600
193000
-93500
241700
-432100
145200
-40000
306200
-395200
116600
-178000
-26700
98300
-97200
28000
-112500
115700
-34200
-20600
-113400
-39000
28600
-44800
-43800
58800
-5900
-19200
-121700
125600
-178600
271900
-267100
168500
-215100
251100
-329200
480200
-417800
-52900
58100
166200
-373200
14100
57500
-63100
66500
-37100
81800
-184300
-44200
37000
8200
-46400
239400
-268600
75600
-47500
-47900
-161700
187200
-151000
259300
-351900
115200
-175200
365100
-255900
66400
-244300
107600
-121400
-68500
41300
50500
-37300
-137300
170100
-76000
-67400
-45800
128500
-200500
51900
-89700
81900
-130200
279800
-221100
26700
-100200
179400
-193000
95900
-113600
227000
-300600
81800
-59500
85500
-171200
-66800
16600
19800
-115000
33900
36600
38600
-41000
-100600
50800
-118700
12400
-72500
317100
-381200
302300
-170400
120800
-306800
255000
-271400
384800
-357100
-24200
-32700
128400
-83700
-48100
-72500
3600
-78600
-60500
-7800
74300
-68600
-3800
51100
-41500
-73700
-89600
35100
11800
-10100
-120700
296600
-255600
138200
-80300
11100
-90800
181500
-212500
-73000
-58800
245300
-250200
188900
-223600
-75300
33100
-106400
-17700
18700
89900
-70700
-71500
48400
51900
-30700
49000
-152200
0
-87300
110500
-232700
193200
-64900
120000
-280300
178800
-107800
184000
-345500
79400
-112000
218400
-181000
-49900
-71200
11400
61200
-122800
91600
-143400
66700
21700
496500
-562700
82800
-163700
299100
-383400
238000
-211500
266700
-344000
295200
-224300
191900
-352000
47700
-41900
110700
-143300
-27300
-22100
106300
-54500
-94700
-58700
-61700
105600
-87600
90200
-150000
-17500
147500
132200
-261000
131000
-277200
250800
-218600
214700
-271900
193800
-127200
291800
-456200
41800
-8400
71000
-152900
25400
-63600
-20000
134800
-125000
-97700
41600
8600
-142300
149300
-194800
34500
43200
154700
-238000
78000
-120000
123300
-161400
328700
-386800
336500
-394200
583800
-559500
12500
-58700
98300
-173200
-28300
26200
70800
-153500
28300
88700
-148900
16600
-5500
-9900
-52200
23600
-19300
127600
-79000
220500
-369700
220400
-385100
261300
-201400
255000
-359300
144500
-104100
4800
-50100
73000
-104700
-14700
-35500
-61000
49600
20000
10200
-73300
92100
-231000
130900
-192700
63200
2500
112200
-208900
148900
-92000
42500
-261400
209900
-183900
338800
-343900
137400
-222900
338600
-279600
10400
-162800
82500
6400
-39700
-35400
-24500
33200
6300
-139700
-2900
14800
36200
-86700
-79100
86800
-65800
173000
-150100
198200
-321400
200400
-188100
228900
-369800
162300
-112000
177000
-128200
36200
-63000
-156700
77600
-150100
-6000
73900
-46200
-97300
83600
-5500
-32100
-80300
56400
-160600
85000
156500
-212600
-119100
318800
-293700
481200
-515300
89900
-139500
130100
-97400
215900
-291200
101500
76500
-313000
91700
-49300
-21400
31700
-23900
-69400
7200
-16800
76400
-127800
69000
-73900
5200
78500
-32100
-174500
108400
-56600
132800
-300400
219100
-257900
347500
-435100
95200
-139800
244300
-128200
61500
-193000
17500
4000
-95700
33400
-33700
134000
-126700
54800
-131500
29300
-30500
156400
-174700
57100
-107400
110800
-276400
336600
-206800
315100
-444000
227900
-332400
58000
2100
-4500
-76800
30500
-57000
97600
-215500
138200
-148500
65100
45800
-180200
85300
67800
55000
-108900
-23000
-134300
189700
-200000
105400
-128500
72400
-26800
210600
-442800
196200
-238100
251500
-322200
162900
-174900
15400
139600
-79100
11600
-111800
63200
-80100
-90400
-10200
71300
-46200
76300
-85200
-26600
-113500
174700
-174800
79600
-148000
346000
-434100
379300
-289700
290800
-358300
182000
-293500
108700
-89200
96100
-206900
156800
-70000
-12600
-78700
11700
-9000
-44100
90600
-113500
212600
-216600
26400
-48400
-81900
7100
123500
-180900
163300
-301400
290700
-243100
412800
-453100
-96400
12600
-15600
48900
-43900
-45000
-1200
77300
15600
-211200
103200
-17900
-51300
71400
-143100
49100
-115300
182800
-88700
24100
-207200
243600
-238300
77800
-197900
513700
-489100
131000
-118000
-47000
-28500
107000
-140900
-17000
-25600
-28000
-119500
114700
1600
-6300
10400
-171700
57300
32600
-42600
-63500
143500
-31400
73100
-286600
203400
-213700
-47300
-10000
284300
-287100
137500
-72200
-26500
-130300
18700
-38200
-36000
45500
-49800
-64500
-54000
202800
-97400
-193700
33300
34800
3300
12700
-105800
254700
-234500
69000
-156100
91700
-198000
299400
-274100
166700
-246600
274700
-288200
297400
-203100
-107900
-13500
-7500
-86500
28700
54000
-47800
-101200
3600
176000
-280200
141400
-165200
-11700
87600
70400
-94100
44200
-102000
205700
-288100
165600
-234800
269700
-353900
161900
-105700
-61800
-20600
183400
-292500
48900
-69000
90700
-87800
-84900
25800
-27800
183200
-130600
158500
-300500
132200
-69300
34000
-124600
99200
-147900
208700
-94500
-48100
-120700
280500
-400200
206400
-180500
97500
-215100
255600
-192800
-37800
-28500
-44900
-11500
-600
104200
-123600
-64600
100200
-80300
23700
-20800
-64800
-26500
-95000
211700
-136600
181500
-243100
245300
-287200
323700
-339600
39500
-73300
59800
-234200
75600
-17900
72900
-189000
-67500
72700
-15900
-19700
43800
-10000
-100800
260100
-182100
6500
-147700
2202100
-2288400
143900
-51900
379200
-492600
205000
-94500
82500
-353000
182200
-199600
357500
-392300
196300
-118500
75500
-85500
-112300
28100
2200
-137200
64900
12500
-110400
79400
-61000
116000
-148100
-11500
-98800
381400
-463900
225900
14600
-162100
7000
128500
-169100
235700
-358900
29500
-52900
46100
-51800
-1400
2400
-29600
-150000
62600
-53500
23200
-23300
14000
6900
-80500
135800
-98400
5600
-136100
87600
-93200
80700
-152600
34800
17000
290300
-297900
-11700
-101800
171400
-262800
35700
3800
-1000
-175300
102100
33900
-84300
-58200
-10500
20400
-70000
152700
-204600
76300
32300
-90200
-142000
107700
-9900
105700
-302400
54500
-52300
436800
-313100
16300
-252900
351300
-423100
104500
-74500
205200
-328500
52600
43000
28500
-152400
1600
200
121900
-43300
-49800
87000
-108700
7300
-132600
105600
-109900
170400
-298500
97000
-126800
501200
-404300
198600
-306700
47700
-241500
35600
-27700
34400
-49300
-17300
-50500
62900
54500
-129800
-33800
-31600
29100
-96900
26200
-37300
160700
-56000
485400
-670500
213900
-192600
-26200
-91800
327600
-302800
291000
-272000
52500
-95200
-50100
-77500
17900
11800
-48400
-46700
-31500
107700
69400
-140100
-143600
114100
-2000
-143000
88000
4100
-103500
210900
-219200
105800
-245600
402500
-411700
146300
-168700
329800
-441900
182500
-125400
75800
-147200
49000
-70000
27700
-54500
-94300
24100
52100
17400
-110300
-25300
1400
5100
-51100
98500
-20700
-89900
36200
310300
-519700
144700
-111400
356400
-416000
14900
-87800
150100
-45100
-7400
-149300
49700
-30400
-132300
21500
22800
73500
-110100
112100
-47700
23200
-99500
41400
-102800
221000
-242200
-4000
-82300
188300
-65100
128000
-324400
240900
-183500
225300
-370500
124200
-83300
110100
-208100
20300
-60600
75700
-102100
133600
-215700
17400
52000
-33500
121900
-215000
107500
-185000
149000
-159700
244300
-239100
83600
-93700
271500
-354500
276100
-328600
278900
-300700
-55900
-17200
130000
-71100
-80900
-94400
120700
-21400
-89100
-19300
-8400
73300
-69100
-26700
24200
-96800
-31400
65200
-23700
18300
34900
9900
-184200
262500
-240000
229600
-359900
186500
-170400
700
-90900
57800
-109100
117600
-189700
-18900
13500
49200
-83400
30900
-29600
-97100
82000
-32200
122200
-235200
99100
-82900
180600
-205100
63300
-155200
232700
-248100
357900
-469000
416000
-409400
51800
-144500
156300
-145900
-15800
17400
55300
-25200
-96600
40100
-133300
87500
15700
18900
-180300
215500
-115600
206100
-349500
166700
-87000
7700
-100400
166700
-316400
270900
-207400
198800
-304400
356900
-348700
76900
-152500
-34900
37100
1300
26700
-140400
127700
-128600
-10500
-107300
161300
-165400
95400
47100
72200
-296500
214900
-234200
78200
-81500
98700
-251600
206100
-27500
160700
-406800
112400
-129400
174100
-170000
2500
-78300
47900
14700
-64900
-35800
-33600
165300
-214900
163300
-216500
94100
-53700
259300
-252800
178600
-225200
-62100
-25400
302100
-314100
123000
-236200
345800
-334300
13600
-71400
100000
-154200
-6000
36400
-113400
16700
77800
19100
-168700
-34400
-16200
167000
-193100
106000
-126900
15100
-25000
125700
-221300
196500
-288500
206900
-226000
515300
-600800
210300
-135200
509100
-626600
135300
-171800
65100
-18900
-125200
21000
11100
67700
63400
29700
-216500
92100
-75500
-38400
17500
-28000
-36200
215900
-116800
55500
-233400
28600
-101700
249400
-274400
109700
-98700
70100
-87700
-44600
-41600
-68800
-30400
-75300
199900
-163900
41200
4600
157400
-220600
-12600
-124100
69300
-19600
126200
-157400
16300
42900
72100
-256900
108600
-211400
440700
-451800
228100
-301500
64400
76200
39900
-155800
-70500
-29400
92800
24800
-110200
-131400
20400
134600
-120500
55600
-175100
208300
-83700
62800
-197800
1221500
-1243100
187400
-128000
16900
-234600
488200
-503500
175400
-187000
79900
-232200
229600
-117100
24200
-175400
-4400
-8100
75900
99700
-165000
0
36300
74600
-168400
21900
-74500
102700
-195300
238200
-172500
150600
-190500
103000
-86800
-43200
-179300
293200
-353100
89500
-79800
50600
-74200
14000
-54700
-3900
-95200
52000
96500
-105400
69000
-141700
187500
-111900
-18200
-144700
71100
-40800
203000
-194600
-7100
-92600
121500
-198400
210500
-280500
281100
-365100
130500
-99200
-35400
-8100
79200
-13600
-36600
-35600
-93500
-52800
54600
57700
-124900
74100
-13300
115700
-203600
44400
-114900
138600
-177000
54200
-59600
197500
-186900
240000
-488100
214200
-196200
231500
-316800
126100
-96800
29100
-57400
50100
-59200
17800
-114400
79500
-7200
-27100
-34800
-34200
126400
-71800
-29400
-109900
263500
-245600
240400
-363900
266500
-343400
524100
-313700
-62300
-231900
209300
-152400
25200
-131600
-800
-17900
18200
-28100
-36500
82700
-117900
105000
-176700
242400
-234100
72600
-78200
109000
-158600
33200
-181600
355000
-402800
307800
-317900
414600
-293600
104700
-305900
150100
-167500
17700
-42000
-27700
-1100
41100
-24000
100300
-100000
-132100
22100
-38400
122700
-79300
228600
-313500
131900
-110700
117400
-251500
239800
-240700
245600
-304800
94100
-156300
318500
-276500
-54600
-23900
77900
-140300
13200
-45700
-54200
20700
165100
-129100
-116900
93200
-103600
118500
-122000
-48500
22700
1100
-55800
166500
-76300
-65000
-155600
250700
-360600
98400
-109000
114000
-4400
262200
-359200
80600
-207700
104400
-95800
16600
-99400
38200
95700
-90800
-60600
-43400
174400
-198700
96300
-138300
148100
-32800
26900
-130300
24300
-80200
145100
-312600
290300
-270400
233500
-244000
-600
6200
-53900
11300
-66000
-83600
-19800
117000
-118400
16100
41300
60700
-181500
85900
-121700
9700
-53200
30600
-61700
128000
-46200
93000
-356100
230800
-124200
274200
-423700
217600
-187300
185400
-241100
43500
-93200
41500
-76000
174500
-226000
-35100
57200
-42300
191200
-250600
48900
-29300
191100
-295000
97800
55800
-106500
-137500
257600
-199400
212100
-328900
243200
-253800
183700
-263500
144900
-105100
20000
39800
-178600
-52700
14600
53900
38900
-141600
-20800
20600
93700
-12400
-163600
34200
-40600
-4100
-159000
136900
-97500
241900
-272500
142400
-264000
257700
-157800
62400
-170300
86000
-178600
123600
-130700
63800
-93400
110800
-134800
4000
12200
-57700
4800
-38100
89500
-86600
17400
-89000
346300
-417900
143200
-109700
88000
-163100
181200
-152700
339100
-471200
210400
-274500
240500
-238700
-81500
-4800
81600
22300
-55300
-119300
-27400
82000
-97200
34500
-5500
8600
64600
71700
-355500
93900
-7800
202700
-319700
106000
-78200
31900
155500
94300
-455300
121400
-125300
298300
-291400
84300
-216200
85500
58800
-59500
-154600
41400
26700
-60500
62700
-154600
143300
-68600
102200
-92900
6400
-83000
85100
-238600
114800
-77200
242300
-370700
295100
-180400
254800
-381600
118000
-202900
23300
-3100
-46000
-34500
57900
-25100
-45600
-54400
-37200
38600
-89000
59900
-22600
15400
58500
400
-127600
24800
-152700
194500
-277100
364800
-387500
487700
-356700
159800
-374000
187000
-164900
64500
-134000
14800
18200
-19900
31700
-1400
-23600
-82700
-12200
29900
24500
-114200
38800
-10500
73500
-23700
73000
-299400
170200
-236000
438800
-504400
163100
-173300
254800
-165900
-79100
-99600
50800
-58800
98000
-114000
-82600
126200
-42100
-70600
-78400
33800
10400
-75700
-59000
204600
-178300
149900
-72400
-10900
-196100
252400
-210300
107500
-186700
295900
-311500
237900
-210400
33600
-126900
99900
-205500
-24100
-34000
168100
-109600
-15100
-57200
76500
-176200
-71300
55800
-43000
116800
-69900
-12800
-115600
288200
-125300
110300
-272800
171300
1512800
-1542800
-283700
336800
-291800
99100
-96000
-104200
-9500
-34900
5000
-43300
37400
-28700
-33700
165300
-45000
-180000
3900
-54900
57800
-103100
14400
-86800
109900
-64500
60100
-99200
192200
-30300
-184500
-105400
177100
-180800
30800
53200
-54200
-136200
-44700
125400
-134700
-20100
-86400
56100
-69300
123000
-21700
-109000
2000
-50300
-46700
58700
-95400
176100
-192400
322100
-256700
36300
-84700
86600
-345600
111300
-79300
176000
-67500
12500
-131800
-600
-47400
17300
-42800
-122300
21200
28900
119000
35800
-118800
-99300
-24900
-200700
224000
-229100
328600
-299200
120600
-122400
322800
-427300
151200
-194400
52800
42700
-27200
-165200
3300
212300
-118700
-50700
-136900
13700
37600
-25000
-90100
51200
-63500
125500
-5100
-59000
-134100
263100
-268900
63500
-137900
295800
-308600
374900
-373800
244900
-333300
9500
-82000
66700
-45300
-53500
-16300
83000
41400
-93900
-129500
-30500
9800
-12300
-3700
-64500
36700
-19700
67300
-134000
240000
-304000
157800
-144900
153900
-177600
108800
-3900
216600
-534400
91500
-10000
164700
-285000
79500
-134200
125000
88000
-167600
-31300
-59700
72000
-69300
34600
-103800
-31800
2700
186900
-122200
-32800
-67400
147200
-294900
186000
-216700
401800
-377900
548900
-522000
42400
-40900
80000
-218100
-48600
72200
7600
-110400
60400
-5200
-6400
14900
-93500
-28800
-16400
40000
-128200
71700
116500
-42100
-229400
228600
-4800
-126800
-180900
540300
-499400
102900
-172800
126900
-151700
108600
-109100
-86900
63700
-38100
-65700
-41100
130500
-57700
-165100
-18000
114600
-29600
65200
-186900
55100
-56800
463900
-466000
82400
-181100
49900
-155800
510200
-521200
165400
-210000
369700
-303400
-30200
-113300
111700
-199300
89300
-79100
109900
-121300
27600
30600
-73600
126900
-109600
50200
-147800
65000
-59800
44700
-60400
163000
-244500
334800
-383400
196500
-219900
208200
-353400
32900
27400
219900
-408000
81500
4700
-42400
-19400
-21600
122300
-109200
97300
-81800
-69500
-65700
86500
-122400
20600
-2700
78000
-180800
269100
-157900
126300
-349900
382600
-349800
52600
-182700
317300
-406400
249600
-141100
135100
-207500
-31400
15300
36700
-139400
58400
-38900
66900
40000
-230800
198000
-195400
67800
-65600
58800
-160800
173200
-172700
173500
-250100
385500
-456100
218700
-181100
256300
-421100
115700
22800
90600
-245900
68800
105400
-161600
-58200
26500
-24300
-119300
101800
-34400
26400
-61800
269500
-355500
122200
-124100
240100
-356100
472400
-372300
153000
-311800
364200
-358100
-9000
-15100
130000
-154000
148400
-125000
-106100
-68700
19300
20100
14500
-45800
-79500
65200
2300
171500
-243400
108800
-268600
214000
-178900
21600
-41000
259000
-204500
2300
11300
-139300
-103600
79700
13600
94400
-256800
-77100
101200
63200
-135100
22500
-34900
-16400
-35700
-90200
58000
-12300
131500
-117700
113500
-260100
141300
-192500
156000
-143000
251800
-285800
253700
-308000
136100
-162500
43200
-73100
40000
-15000
-73400
-49400
66400
-700
-60500
-93200
7300
94600
-145800
86700
-142500
97300
-21500
-36000
28100
-7200
-75900
48200
-187300
164400
-186700
357700
-342400
168600
-329800
377800
-368000
105400
-179800
71300
-37800
8900
27900
-58600
19100
-34000
-103300
73600
-68000
6100
63900
-190100
143100
-131100
66500
-177500
190100
-219000
183400
-192900
315100
-383600
204400
-57100
-13200
-262400
105900
-108400
173600
-206200
32100
-56900
135100
-21400
-55300
-135600
-25000
92500
-49000
145900
-239500
54000
85500
-4900
-176700
151300
-192900
250800
-309300
167500
-244000
291500
-259900
190400
-248100
42800
-79200
-87300
83100
-125800
51500
-38600
90200
-37800
22000
-159100
37600
-106500
35000
55300
-60900
-143800
197000
-102700
187500
-298400
212900
-275400
475400
-501300
168500
-214800
202100
-88600
762000
-923700
219900
-318900
127100
-58100
-22700
-25200
53800
67300
-200100
116600
-190400
101200
-63200
152700
-146200
269800
-294400
127900
-204700
8100
-104100
128600
-89500
187600
-318800
39800
72100
32500
-218300
-69300
57600
30500
-192600
63400
-42700
169900
3000
-218000
88000
-134300
96600
-166000
208700
-232300
278800
-276300
244800
-215300
78700
-178200
190000
-281200
176500
-168200
104600
-118600
171900
-218500
44200
-147400
51300
-32000
66400
-45000
-145000
97000
-46000
121200
-208500
96400
2200
93100
-270500
285300
-327400
252000
-178100
159400
-225600
123200
-204300
188900
-328500
111600
-117400
175900
-78500
-10000
-134000
-28400
95800
-66600
-15800
-111100
135400
-12400
-16900
-92500
-23000
-3600
-45500
21700
14200
-81800
101900
-231000
325900
-182400
164000
-400200
161500
-175800
206500
-313700
132600
-123900
252700
-276000
113500
-160600
92100
-69100
-108300
94800
-99600
173500
-52400
108800
-176300
134000
-201100
-31600
7200
69300
-78800
78700
-59500
145000
-295500
247300
-385000
-3900
11600
146800
-193300
-20900
35200
21100
-111300
-52300
84700
-37300
-36100
50000
58500
-147800
143400
-126600
76700
-131700
53900
-83200
40800
-171400
182000
-212500
343100
-401600
155400
-209200
158900
-176600
-25200
-60600
16300
76000
67900
-133300
-54100
54300
-65100
-19700
-66300
64200
-100600
95400
-63100
113800
-252500
278500
-256100
7400
-98100
129100
-164500
491800
-435000
205800
-295200
70800
176500
-191200
-220100
3500
-13300
35700
51500
-65000
-50100
4800
-53700
-79000
200600
-167200
-28500
-39600
125200
-30100
-6300
-237800
229100
-185600
291100
-315200
229400
-327100
396800
-307700
40400
-135500
53300
-77900
-28200
-109800
60100
-2200
87700
-44500
-161400
68800
-29900
86200
-167200
-28100
53000
87700
-115700
147900
-199900
168200
-323500
192700
-179700
250700
-232400
238300
-326300
13400
-59100
142200
-198600
-78600
-11100
39800
58300
-65400
47800
700
-53200
-64400
114900
-120100
-53400
3200
27700
-174600
248200
-200300
200600
-282500
94800
-111200
360400
-316700
76300
-278800
183400
-70400
600
-79200
-55800
49400
-73600
-132900
144300
-62300
88800
-54300
-161500
148900
-163500
139600
-153600
234700
-246000
162000
5700
7800
-249200
61100
-53500
238600
-438100
199700
-159100
191100
-152300
127600
-249500
-69300
24900
-35100
-60000
185700
-21800
-136600
191000
-153400
-18400
-133300
72800
-93800
2600
54100
157300
-275100
89400
15600
12300
-305500
331100
-315700
321200
-305000
119500
-234600
153000
-20200
-150400
7600
-45800
116400
-64300
-48300
-16100
-19100
107300
-19800
-162900
32400
-33200
38200
-141900
114000
-206100
373600
-293400
60400
-164100
539100
-637800
220600
-179800
-22500
7500
40000
64400
-169700
7500
-96600
136200
-191100
109400
-176700
47800
27600
106700
-109600
-132000
47700
-21100
9500
140100
-295700
226400
-228400
25100
-26700
191500
-238900
187900
-211000
-19500
-27000
64500
-113000
55300
137100
-238500
-4300
-43300
31100
-32700
-131000
97000
-16900
42000
-4200
-262400
143500
-56700
224200
-230100
182500
-285500
191200
-215200
285500
-376500
390800
-357900
18800
-39200
39300
-36900
-97800
37800
0
-89600
25100
24800
-102200
53400
4000
16600
-32300
99900
-121100
-152400
-96600
143500
-148600
233500
-223900
129500
-123300
360000
-357700
68000
-197400
86300
3400
-105600
-141700
68800
55700
51600
-52300
-196300
82800
-113100
46500
-18300
53100
-122100
63700
-18200
135200
-298900
133000
1300
-6200
-150200
117700
-124900
227000
-281400
184100
-65200
-77400
-206000
32000
55000
-42200
5300
-99900
99500
-47700
-89400
79400
-130900
-19700
40300
-33800
32700
-174800
162800
-26800
55500
-142700
48600
-81500
33900
-215100
245700
-155600
229300
-307400
200
-39300
37400
96600
-230100
105900
-130000
161600
-86100
-45400
-181400
75900
5000
22400
-123000
88400
-149000
107400
-5300
188100
-279000
25800
-25500
178100
-343800
167300
-209200
523400
-162000
-163800
-92700
-106700
-96100
95000
-227700
22000
-17600
56100
38100
-89900
-4100
-100
-38900
-103700
67800
-61300
121000
-156600
26100
-73800
160700
-126300
176700
-278800
125000
-187300
313600
-323200
66800
-80800
-22100
22900
-102900
9700
-7000
28400
-96300
-76100
94500
26600
-34500
-44200
-12200
-85300
87400
-47800
-182300
221600
-72200
145500
-286800
177900
-216400
356400
-504000
88900
-10800
187500
-168300
-1100
-128900
5200
42700
-38100
-20700
-58700
63700
-47000
-65100
80900
-86700
31600
-59000
-152500
334300
-320200
229900
-288800
103100
-91800
197900
-196800
179200
-240300
11600
59000
-181900
-51100
130700
19700
-139200
-18300
16900
-68500
-10800
39800
-34600
-74400
60900
65400
-41300
-43800
-158200
78500
-53000
197900
-174800
36300
-20800
238800
-383200
285500
-354000
316600
-306200
26300
-115400
67000
116900
-104300
-25500
-95600
1100
3900
-160800
83300
6500
-16800
39800
-124000
74800
-144200
97000
-227200
186100
-158600
278200
-240300
78100
-125900
311900
-381600
298400
-313100
45900
93700
-127000
-135500
65900
80600
-78900
-74500
-83600
13700
35400
-53100
-59000
23400
31000
26300
-105900
117700
-221300
128200
-127700
175800
-176200
100900
41000
85800
-262700
300000
-209800
-219400
-33500
93600
-135100
-82400
62700
30500
20600
-96800
-2200
-85600
87200
-77300
64500
-178800
172700
-21000
7900
-218400
151000
-144000
141500
-300900
169400
-143400
379500
-306900
-114100
-45100
99900
-92400
82900
-12000
-97300
10000
-25200
-13500
-106600
37300
14300
-30300
-44300
-14800
-94600
51900
109700
221700
-381300
214300
-302700
229200
-277000
607100
-616800
120500
-92300
133400
-162500
104000
-205400
-33500
3500
-5500
10000
-39700
41200
-85300
-1400
-32200
-20100
-143800
228400
-91000
22100
-41900
-36800
-13600
-12000
-194700
132800
-134800
365000
-342000
129700
-258400
373900
-280900
11700
-182200
66200
-3800
-105700
111500
-87800
74400
52100
-70800
-128300
-61100
75600
-61400
-118100
112900
-105200
35700
-20800
224200
-255100
86500
-120500
125400
-228600
193900
-165500
237300
-230300
29200
-119500
127400
-238400
-4800
107200
-124500
-26200
-26500
85600
72000
-139600
-137100
54900
42400
-38000
-141100
131000
-155800
258400
-122900
-126100
-57700
368100
-390500
118800
-183900
196400
-199100
255400
-273000
-66700
167600
-220500
63900
-61900
37400
-109800
25000
10700
39700
-52900
102600
-164300
20600
-106900
-1900
-130200
153900
-55500
246700
-399800
193000
-232000
183000
-140300
196300
-268700
93500
64300
27700
-256200
102600
-132600
74100
238200
-362500
-73300
13000
66200
58200
-143600
-103400
141900
-155800
97300
-83400
116400
-228000
361300
-284200
189300
-298700
333100
-325300
-12900
-98800
68100
-38800
181100
-158700
-139600
2400
-2300
15200
-43200
80900
-72700
-134300
90100
39800
-84600
-40400
-85600
56000
-67600
203700
-224000
97600
-122400
216900
-285200
318400
-382500
63700
-48600
98900
-96300
-92300
65000
66500
-112700
-44700
-79600
33000
48000
-95400
-73000
4700
143300
-31400
-211700
81600
246900
-327700
131300
-274000
120300
-111100
314600
-140300
-37500
-187300
271600
-252700
70900
-207200
59100
-51600
8800
-32800
-57800
113300
-89800
-51500
-32200
64200
-50900
-30100
20200
66400
-146600
53300
-134100
292900
-260700
-46000
-81900
252800
-156800
217000
-448600
144600
-132500
246100
-229900
-77200
6500
44900
56300
-63800
-122900
2900
50200
-47400
97800
-156400
83600
-93900
99000
-90200
-18900
-94100
176600
-202400
-79200
-22100
252700
-151700
308200
-351200
-87900
130900
-141200
-62500
-39700
33300
-44400
-94700
165000
-106300
-51800
162200
-151700
-44300
-3200
72500
-196200
112600
-79600
149300
-260200
231900
-214100
-33800
-85000
195400
-174700
253300
-118700
29700
-188400
153500
-333000
51300
92600
-62000
-40700
59600
23000
23100
-166100
-41100
39600
-130400
56100
-44600
18500
-37600
78000
-16000
15700
-236700
130100
-176600
442100
-431000
49900
-129400
219300
-86500
44100
-176000
-82300
229200
-227000
54600
-92300
82300
-24700
-134600
-81600
94600
-22000
-52900
-89900
279700
-271700
154200
-10100
83000
-302600
214300
-235700
98000
-199500
126400
-95100
104500
-71100
84600
-221800
31300
-127700
24600
38800
52800
-91600
-24400
20300
-29000
6000
-66100
31000
-94700
1100
76500
-43100
-101300
116100
-166800
204000
-214300
225600
-317300
449600
-459800
217700
-314200
160200
115500
-175700
22100
-183400
84200
-98900
-89200
52400
-7600
97400
-16600
-273200
137200
-110000
105900
-127600
160000
-216800
198500
-47300
190000
-426800
295900
-277300
540700
-607500
-6300
90100
79900
-250500
108600
-125000
83600
-75000
-63500
-44800
8100
75200
-115700
37300
23600
-31100
-32100
67400
-106500
-35400
1200
58600
-135300
165700
-156100
169100
-395100
256500
-238900
371000
-419700
87000
-108100
295000
-253900
-21700
-24800
1900
-53700
-124600
114800
-36800
36400
8200
-125400
-5300
-21000
-32900
140600
-143700
47000
-101700
121200
-122000
394300
-510900
285200
-268800
-15700
-100600
60900
-18200
1487600
-1477800
126200
-173900
-68300
153500
-286500
59400
-46300
141600
-145800
183000
-142900
-8300
-133300
228100
-275600
130500
-103300
244000
-330800
191100
-87200
116400
-222900
-81200
7900
4500
-155700
105800
-108600
128700
-57400
-22600
-134600
-22900
112500
-51500
57600
-143600
49100
40400
181000
-363300
104200
-81800
-70200
-4900
131300
-164700
227000
-220300
114700
-190000
30100
-66200
25900
-89000
24300
-147200
126000
-39600
46300
-140000
-38700
17400
-23300
99500
-110400
67700
-115000
80200
3700
53300
-267600
207600
-134800
129400
-295500
260800
-218300
479400
-540500
26500
-118300
157300
-173200
-7600
31800
-54300
81000
-49000
-100600
-75600
118500
-53800
60000
-77100
22700
-75300
-58200
41200
155600
-284700
285400
-285100
161400
-219100
401900
-408900
130900
-165200
134700
-167700
37100
-117800
-56700
10100
700
-46200
10800
106000
-19900
-215600
31800
36900
13500
-36500
-39200
287400
-306600
82600
-134100
29700
-65900
122300
-300000
304000
-276100
328300
-396500
359900
-307700
78700
-169200
-90300
4400
-10500
66900
-58700
-35900
93100
112100
-281400
30100
-12200
46300
-57500
-97900
84000
87900
-105300
171100
-383300
250900
-218400
365900
-467000
228800
-255800
348300
-211600
84500
-278100
21300
21200
-28400
11000
-54700
-54800
190400
-163100
6500
-30800
-101400
79800
-86800
102700
-215900
387500
-454600
309200
-189000
252700
-469600
299300
-294400
348300
-395100
169100
-145000
214600
-183300
-25100
-113300
-22700
125100
-124100
-52700
-10000
163900
-41500
-107700
-59400
84100
500
-223000
27400
102400
-140600
141200
-116500
136600
-310200
463800
-447600
173600
-238600
103800
-112100
97500
-5800
-46400
-101200
2500
-47400
67400
-88900
94700
3000
-201300
155300
-106900
37200
-107100
61300
-133900
234200
-151500
-138700
38300
275900
-234700
121800
-226700
45200
-154100
304600
-428700
93300
-65300
141100
-118200
-112500
21200
-700
92400
-133300
148800
-86500
-21300
50100
36400
-205900
-18700
31700
25500
-64900
34900
-114800
183000
-223200
197300
-321700
406700
-404100
183600
-241800
74000
-74300
-3500
-14500
21300
-67200
-102100
-11600
52900
111700
-169700
143600
-146200
167500
-43300
127400
-462800
184300
-132200
100800
-229200
134000
-138800
501100
-420100
34200
-182000
163800
-231000
-44600
-5400
31800
20900
34400
-88300
-9200
56200
-53300
-61600
48900
-12300
-146300
67900
18600
124000
-197000
-7800
60500
76800
-265900
152100
-242200
254800
700
114800
-379800
-36600
-18200
60800
-201700
49300
179400
-137700
-15300
27700
-79200
-140200
113900
-16900
-33500
-42000
30200
-123500
208600
-161900
212600
-321700
399700
-498400
181700
-85800
337100
-488200
240100
-97900
-74800
-178200
103700
-66000
-16100
-77800
-29900
25500
150000
-60800
-222100
61700
2600
101600
-76500
44000
-126000
92500
-57400
208200
-396700
251300
-180700
212700
-295000
165200
-167700
156700
-285100
168600
-161200
157000
-159700
-56900
-6500
62900
4000
-43400
110000
-79500
16100
-90900
28400
-133100
51400
-56700
21600
-133700
286400
-230200
110200
-201300
155900
-155600
305300
-369900
109400
-210100
437800
-445900
3600
-76200
42200
-92300
38100
-77100
7600
63800
1400
-79800
-10900
32700
-107200
125900
-182600
55600
44800
90500
-116300
33100
-186900
181000
-305100
250700
-265800
349800
-384400
-11500
32600
92000
-166100
-17200
-79600
144000
-63000
-27000
-5600
-58600
117300
-42400
17300
-107600
-37400
-10700
-51700
13400
79000
-174000
398000
-348300
32400
-186600
488000
-590800
238200
-235100
367600
-366700
84400
-79500
15800
-94600
-13300
-1200
-4600
72100
-118600
48000
36300
-16900
-129000
-46100
79800
-83300
-21000
70300
-211800
170600
-106500
323600
-420100
245600
-324700
268600
-261000
117700
-136900
30500
32800
2000
-112600
8400
27100
116700
-274700
99500
-40800
-64300
532400
-507000
-28600
-118800
49900
-101900
226700
-289100
133600
-88500
254300
-249800
33300
-127800
181700
-361000
87100
-1300
109600
-154000
65400
-9600
-116800
63400
-79300
-85400
8300
70200
-57400
-93000
79500
117700
-197800
-45000
-100000
190100
-114300
155100
-234700
63300
1500
213100
-377300
132900
-146900
258700
-223100
-73900
-89900
53000
228200
-172100
-178300
-26500
77000
-21000
-41600
47000
11700
-92100
51900
-139900
318400
-358400
199100
-208000
167000
-160900
52100
-87800
307800
-329200
-12200
-98200
118600
-214000
95000
-83700
-21300
92200
-83300
-16700
-55500
61900
-82900
-39200
-69900
57400
-16800
44300
2400
121900
-234700
55700
-223500
168400
-171700
346400
-347100
117200
-121600
133900
-87800
-8100
-173700
109400
-110200
-52700
15100
-3800
130800
-76000
-210900
-3200
50800
-2000
49700
-112800
3200
-8700
16200
-21400
255500
-422000
248600
-264600
199600
-215900
176700
-123300
232800
-263800
-45900
-47600
99500
-252800
98200
-102700
41800
20000
39700
-43800
-156600
151300
-90100
-41100
-24900
-32200
-27900
170100
-194200
141700
-189600
243500
-309000
99000
-126800
243800
-269300
187800
-215700
90900
-133800
-12000
68500
-107200
39200
-9900
384700
-495900
116300
-45700
-117500
161300
-270700
-5900
415800
-393500
-39800
-29500
153500
-132700
260800
-404700
69700
-80300
249300
-257800
215000
-188100
35300
-47800
50000
-277900
84000
-59400
68800
-50800
-47700
-40300
149300
50000
-214700
6100
16400
-53900
-159700
376500
-314100
223600
-236800
118900
-204100
366700
-367700
123000
-197500
189700
-320500
128400
-27400
143900
-280700
118300
-102200
-8900
-58500
-9300
83200
-115100
191700
-30900
-202700
-104400
128000
5100
-28000
-147800
107100
-127000
423200
-364300
48900
-215700
493200
-502500
193000
-280600
321000
-296900
186400
-137700
-27900
10300
-75400
-39600
-32600
75000
-143100
-17400
66200
109200
-164100
9400
-130700
213700
-228200
200900
-174300
167600
-219500
379400
-438200
9900
-67600
170800
-163700
116600
-185000
-8400
59600
19400
-260900
78200
-3300
27500
-47200
-400
-7300
-100600
233100
-147100
-58100
-115900
42600
-23700
116600
-227700
229300
-165200
169000
-223400
153700
-294000
306900
-341600
67700
-101000
239200
-258000
152200
-121400
2900
11300
-152000
-53100
43900
143200
-167500
72000
25100
15200
-103400
70400
-143700
104100
719900
-694600
-261300
477000
-373700
159700
-280200
168900
-312600
127400
-171200
131500
-141700
-20300
77100
115700
-252800
-78400
269100
-169500
28800
-88300
-500
-56400
135300
-93700
-55300
-127700
165200
-178200
177700
-97500
152000
-239800
201400
-187800
121900
-317300
100300
-96400
74700
-201000
97500
-63200
179200
-160900
-20600
-33200
-40900
78000
-59800
33100
-84000
83600
-44600
151900
-305000
178000
-139700
87100
-151600
105100
-145400
417200
-431300
195000
-368600
258900
-203900
-90200
-25900
20900
20800
-66200
70900
-6600
17400
-148600
11400
-29200
25900
-49700
35500
-147800
234600
-169600
134300
-251400
114700
-220400
244100
-147700
142000
-253000
264400
-177000
131200
-372100
103900
-52000
61300
40000
-140900
-84400
81600
67400
-104700
49000
-96800
84700
-126200
92900
-160100
234600
-178800
86600
-207600
183300
-135700
139900
-323900
152200
-169500
366900
-302000
67700
-237400
138400
-146300
-8800
-48500
-18000
90100
-146100
184900
-84900
50300
-185100
78900
-144400
91600
-42600
7000
-60200
139000
-188100
212200
-322300
137000
-184900
469900
-564700
84200
-48800
399300
-421000
23100
-78600
70700
-151600
60200
28000
-5200
19000
-6600
49300
-119900
-4500
-68200
-31500
20900
28200
-63900
103500
-77200
72600
-174300
134100
-210000
148500
-188400
240000
-426400
128200
28400
123300
-235200
200
901700
-816400
-76800
-78800
93200
-104500
89500
-59500
-15100
-151300
1700
-63000
128400
-219700
226700
-180800
176800
-125100
96700
-225200
106700
-163200
222500
-357400
187100
-98900
151500
-147500
-9300
-171200
72600
-39400
-81000
93500
-10600
10500
-109900
141400
-208900
146000
-136700
433900
-465400
166900
-219600
51900
-1900
157800
-259900
280100
-429400
50600
-22100
412500
-465300
94200
-41100
-10700
-34200
-67100
-60700
53100
41300
-6700
-62800
-36400
95500
-122200
-16900
-89300
87100
-175200
336500
-341400
134200
-162900
438900
-389700
80700
-248900
186800
-145800
102300
-163500
66500
-72000
51200
-138000
-45300
-35600
79200
-11300
-44600
-70100
-39100
154300
-17500
17900
-141800
87800
-123500
164300
-222500
204700
-288400
403800
-386600
171900
-162000
2700
-114100
47200
8300
-113700
-151200
66200
132400
389700
-600600
98100
-85900
22700
-3600
-158800
196600
-186700
257000
-129100
96800
-271400
238400
-272500
87500
-165800
325400
-393300
157800
-127000
-2000
12900
60400
-110200
-43400
-31600
-22200
-6800
47600
46300
-167700
10000
-48400
172700
-189300
118700
-167800
104200
-125300
363600
-478000
337200
-265000
187200
-265100
167000
-173500
260700
-328400
174300
-138200
76500
-274400
16400
-40800
115400
-45500
806700
-833900
45700
-87100
-71100
112200
-214300
-13200
37800
-40400
-98300
202800
-150900
140800
-162200
21300
-156700
242800
-230100
336000
-394400
215300
-107000
69600
-268600
116200
-120200
11700
64900
-149800
-400
7300
76700
-145200
-20800
-17700
53700
-83100
210600
-256500
63600
74100
-4300
-123300
-29000
-56300
215100
-192100
67700
-180600
277500
-298300
121100
-134300
-72000
122600
-252300
56900
-7700
67600
-64300
-12300
-14300
-78400
49600
76700
-115100
-23200
-46400
39900
-188400
179500
-89400
275600
-428700
218100
-220900
312700
-370500
55100
-78000
255200
-163300
-183400
-66900
34700
-12600
23900
-22500
-88500
73800
21400
-95400
-75300
-6400
40300
128500
-192400
107300
-158100
170400
-99100
253000
-420000
263600
-243400
199800
-287500
12300
82200
16600
-190200
37800
-119900
90500
-10400
-130600
22600
-40800
117700
-169800
157000
-109900
-50000
112400
-34800
-151000
54000
-39200
101300
-292000
375800
-256000
279100
-393700
236000
-273700
53100
53600
-50700
-187600
97600
68300
-75000
-42800
-64700
-35900
12600
-13000
-74100
-1200
65600
39900
-145700
59900
-117100
161300
-183600
48200
-144200
196100
-147500
210400
-226200
415400
-521700
352600
-347800
-81300
-56700
91600
82900
-77700
77200
-159600
-69100
-65300
21900
-4900
216800
-222000
133300
-9200
-113700
-76100
56600
-77200
232700
-312900
126500
-126500
290300
-269600
8700
-90400
193600
-390400
155300
-87000
80700
-209400
182300
-77100
-34100
-78900
-31000
9000
24300
30900
-47300
-60500
32100
28300
-57800
56000
-169400
81100
-106600
288000
-327300
184400
-204600
396400
-407000
-53600
-45900
43700
-41200
-20600
-84500
-4100
104400
99200
-198100
-47100
-84700
30400
76600
-124400
-20500
-40400
169100
-93800
133700
-251200
140900
-110900
110500
-293800
333600
-260900
316600
-436000
76500
-130600
254900
-229700
81700
-161900
-8500
35100
81500
-140600
-1600
63500
-139000
89300
-84300
79900
-133400
14000
-11800
50100
-71900
77100
-178500
111300
-224600
404800
-473100
207600
-151800
399200
-510900
63000
-97200
19400
48100
-62000
-21500
-3000
112200
-66600
-194100
94800
34500
-72500
55700
-213900
140400
-98300
188800
-126700
-40500
-117800
315900
-280600
84800
-263600
454500
-425400
274400
-252700
38000
-57000
-57800
-55100
-43900
43100
-7400
-26000
93000
-114400
-45900
126700
-218500
137000
-172400
92800
-117900
163000
-64500
125900
-230700
71400
-257800
283400
-265500
331000
-316200
-54700
1200
1465100
-1476500
25200
10800
-8800
17400
-139500
60300
-78600
40400
-59100
-20900
-52400
-102700
101700
-44700
-47700
71600
-203800
239800
-158300
258100
-307600
134400
-252100
162500
-152200
134100
-222600
157400
-81500
-70100
-74500
52100
-123500
146200
-120100
19900
-103800
120600
129900
-239000
242200
-311000
108900
-116400
133300
-160600
112800
-59600
149800
-410500
326700
-331100
338000
-327000
93300
-179600
77100
89900
-90600
-130200
-9500
71800
-50700
-143000
136400
-86000
800
162800
-182000
900
-105100
160100
-131400
138600
-119600
193100
-340800
76100
-36900
122400
-145400
187100
-309200
57400
-110700
100600
-226800
171100
-31900
-51200
-59200
-89000
78000
-21900
19800
-44300
161800
-221500
163300
-224000
57100
-157500
136000
-53900
169300
-355200
142400
39000
221100
-447000
167300
-189300
236000
-315400
113000
-92600
182700
-178800
-39500
-82900
3600
75500
-28300
37700
-126700
98200
-172700
188400
-145500
24400
-56400
16100
-32500
102900
-166000
213000
-281300
190400
-96000
97400
-301700
41400
-55900
149600
-192300
4300
-41600
128900
-32600
-161600
13300
-43500
165800
-213100
94700
-146000
122700
37400
171100
-341600
85600
-163800
192700
-271900
110800
-137500
383800
-374800
72500
-162200
43200
-86300
42000
-55200
25500
-3700
-50100
443200
-479600
-55700
6600
101500
-89100
-81300
-33400
88300
-94400
147500
-157700
80700
-153100
120000
-175400
79200
-59400
308000
-426700
236900
-124300
171600
-397600
68900
-83400
33200
-45000
4400
49100
36900
9500
-215800
44200
-89900
117300
-74000
-18800
-136700
67900
45100
30900
-158700
149400
-162600
208000
-249100
173700
-244400
169100
-65200
167300
-301300
1600
-4000
193000
-274000
20200
-113800
26400
143800
-139500
-48100
-39700
-29700
-7300
-1500
-100100
74700
24000
88500
-65000
-94700
-113400
180200
-218300
287400
-337500
378200
-388500
245000
-240700
-7000
11700
-92000
-83400
13200
73400
-88900
88300
-14800
-39800
-74200
41300
-41500
-26700
-33500
-17400
-74600
101500
-41700
63300
-275600
134000
-138100
394200
-371500
135000
-177200
165900
-159300
103200
-242500
47600
108800
-122300
14400
-158800
115300
-89200
125200
-110500
-35400
-12700
-141300
74500
37000
-91200
147000
-263600
238000
-129900
93100
-293200
208000
-192300
295500
-249600
164000
-265000
95400
-41300
-35000
-76800
-35700
57200
-72500
46100
-89700
-57600
143200
-64100
-123700
-4900
-46600
36200
-52500
202400
-254100
140600
-88200
196100
-331500
201000
-196300
220000
-283000
21800
40900
-8700
-72100
-7500
-65800
3700
-57000
56500
-166400
185900
-16200
-203400
184400
-88100
-12000
-117900
144100
-210100
203100
2389500
-2513000
-6200
356100
-408000
58700
-142100
115700
-249200
5300
-45700
177800
-290200
256500
-157900
-19500
-132700
103800
-2100
-94900
5400
-48800
74800
50400
-38600
-231400
124900
-97100
191800
-165000
190000
-317200
250200
-123900
94000
-306100
260800
-211900
153300
-241500
71900
-55800
-75900
111800
-45700
-48900
-59200
-99000
11400
58200
15200
35600
-147100
133400
66800
-172700
-46200
49500
-151700
313800
-315900
66600
-182000
499400
-463800
81300
-145600
13500
-30500
53100
-46000
-77700
7700
-3000
-114600
-24900
37000
22400
108200
-220500
51600
-124600
128700
-4200
136200
-265800
108300
-170600
57500
-46700
156900
-190600
275700
-370600
145600
-248100
421400
-452400
124300
-117000
28300
-61400
56200
-74000
55900
8800
-76400
25400
-140400
96100
-38100
-37800
-76600
141800
-55100
-17700
-136200
125800
-142900
139900
-317800
281600
-249300
460400
-375400
-144100
-45500
123000
-66700
-73300
-1100
3900
42500
2200
-82400
-117500
118200
-60900
119300
-156600
-4900
-82900
-27200
92900
77700
-238800
337100
-367900
96100
-123300
211000
-238900
267000
-227100
30900
-108200
8100
-51200
-42200
39300
-14000
-81400
63600
11600
-92700
14300
-68900
65800
-130100
-21400
-56800
76900
-59500
219200
-258500
220300
-280500
304000
-308200
131400
-159800
185200
-372800
200800
-85800
2800
-3800
-183700
56000
-62400
51200
-40300
-26200
44600
147100
-242600
-62800
-12500
42500
-44900
-93400
108000
41000
66100
-35600
-186100
195000
-306800
327400
-433400
255400
-211200
149900
-74000
24500
-226000
82400
-300
-46200
100
-33100
108900
-147600
15800
-2000
-6100
-28200
60800
-229300
112800
-119700
188400
-256600
152700
-122900
55300
-49600
186700
-374000
136900
-99000
169600
-143700
-49400
81900
-184400
202100
-157100
-36800
-71200
15000
60400
-75800
-52400
32200
-64500
77700
-117500
140700
-198500
168800
-222200
176200
-164700
222800
-239700
-6100
-149100
255300
-186200
64400
-191800
41700
99200
100
-196500
-53500
15400
11700
97400
-141600
95300
-127200
59800
18000
90000
-240800
314100
-361100
148600
-158500
151300
-229900
429500
-356000
211400
-395100
195600
-133700
3600
-161200
100900
-30700
39400
52700
-182700
9800
-83500
34000
-22200
50800
-123900
78800
-18600
63800
-138800
-26700
-76100
82000
-171600
143500
-75200
52300
-149500
296400
-312600
1020100
-967700
-52000
-27200
4700
254100
-303800
1400
15700
-171400
14700
39100
-87600
77700
-126100
95600
-95200
50500
-84600
25700
-18700
25400
16100
7500
-127900
169100
-260800
261200
-267900
110800
-236400
23900
-67600
82000
-26100
-43000
-56400
75400
200
-129300
-20300
-51100
138900
-114900
91800
-155600
77900
36300
-32700
-156800
102500
-141400
156700
-235500
117300
-159900
223300
-208100
142200
-224800
94800
-269200
96800
-40100
75100
-100000
-53100
88100
35100
-145100
10100
19800
-74300
72100
-89300
106300
-196200
204000
-118400
163400
-332200
159800
-120500
240900
-338900
149100
-118600
225900
-366000
33600
-73100
53900
-80700
-47500
49700
9300
-63700
41400
-34800
-75700
187500
-253600
156300
-226300
112300
-72300
96700
-9500
40200
-143800
135000
-300500
206100
-197100
286900
-353500
140500
-82800
23400
-106100
-8800
-51900
11500
20300
-32700
-110300
1000
107900
48700
-49900
-64600
-74700
-61300
29600
42300
244700
-360400
222100
-217400
150200
-278300
463300
-458500
91400
-175100
188200
-196700
176400
-110300
-58900
24600
-64500
-113400
2200
-23800
52600
58500
-13200
-39500
-118500
156600
-130900
111600
-229500
185700
-178900
147200
-147100
257300
-361000
364900
-307800
56100
-131500
276200
-424100
552500
-342200
-41200
-149500
77200
-33800
-143900
68000
-31800
-126700
-24800
198300
-55500
-12800
-158100
75700
-100100
100300
-122200
232100
-240600
401100
-430600
144800
1135900
-1081700
-272100
-15400
91800
-117900
-139500
161300
-90800
-97300
-83800
15900
34300
-36700
7200
-41400
101400
-95500
110200
-223300
87300
-130400
169500
-104500
14800
-52000
111200
-230700
178600
-261200
377200
-344600
92600
-194200
121100
-161100
-50800
57100
80100
-90900
-4300
9000
-141300
183300
-98800
-23700
-133600
166900
-43700
-164000
7000
39400
-31700
26500
-186600
186300
-119200
245200
-314300
141500
-226500
270600
-318700
80400
-72800
84900
-137700
91500
-20900
-24000
-53900
-107400
32400
-18100
29700
-178900
116300
-10800
158700
-263600
203300
-249700
180400
-99100
130100
-214100
49200
-11300
230300
-439400
91700
-132700
226200
-228700
118200
-171900
61200
41300
-89300
-129000
56900
38000
-78800
-41200
46600
31700
-114600
124600
-56400
-36100
-93600
159500
-166400
118000
-185100
202600
-358900
371000
-286300
285500
-398100
72700
-123000
10000
63200
-33200
-107200
74000
-34600
25000
44900
-153700
800
29900
9100
-193700
95600
21000
77300
-174400
185500
-255800
329700
-410000
206900
-254700
287500
-203800
272000
-468500
269900
-158500
-3000
-71200
11200
-19300
-78100
188900
-38700
-159500
-90800
92700
-163000
159600
-169900
-13300
55800
190100
-208600
67000
-207100
300700
-293100
139500
-211700
128200
-154700
291500
-232700
45100
-37100
-101200
-61600
200
52100
-91500
56900
-54500
88000
-204500
22500
-107600
54500
23100
-67300
-28800
53400
-87700
159000
-266800
128900
-130200
388500
-384800
256700
-350600
24100
71600
31000
-156200
-77800
-36800
77500
6700
-150600
58000
-20300
116100
-115300
-43200
-51100
84800
-177200
112600
-14800
-44000
50000
259700
-325100
-800
-81600
108600
-272800
155600
-156500
351000
-328600
157000
-93000
-139200
32900
-64000
0
-37800
29800
-66300
127600
-146300
110700
-156300
74400
-172800
74900
-133200
126200
-7200
59200
-82000
317900
-520900
92500
-108300
144300
-81200
179900
-372700
86600
-7800
190900
-297800
-10700
-48700
80500
-49600
-51500
-16700
-38200
190000
-27300
-134000
-49700
-16200
-22600
-42400
-18000
77300
-55100
153000
-240900
82400
-157300
387100
-481500
92100
-84000
88500
-95700
70900
-13800
-164400
189600
-120700
-44500
-35400
72100
-113900
-41500
17800
58300
-84200
-16900
-121500
154000
-142800
208300
-231400
145600
-158800
228800
-296000
304100
-319800
-33300
58300
15500
-142400
18800
72200
-82500
-161700
28400
152700
-103400
-37600
-23800
-21400
-22200
89100
-158900
28800
-99400
253100
-269600
212100
-230100
234800
-302400
426200
-436000
218600
-205100
169800
-338900
122000
-82000
-8600
-80500
146000
14300
-157000
-101800
40200
72000
-105600
-36900
7800
45300
54600
-58600
-78700
42500
-200000
285700
-297200
137100
-154100
428900
-437300
101400
-183300
44000
-16300
-4300
-28400
-66200
1800
-53800
-25500
52900
-94400
68900
-140500
99300
-23300
-10400
-26400
-138500
185400
-107800
69400
-171500
166600
-243500
264200
-291300
175400
-184600
500900
-437400
-71900
-105400
81900
-39100
-91700
5900
-14500
13700
49600
-73500
-55600
-36100
82900
-100500
-67400
103300
-139900
136000
-100
90200
-240900
234700
-316700
273800
-347800
331400
-327800
358200
-320000
180600
-310000
217200
-336500
117000
-57500
69400
-92200
9400
5800
-75100
14800
-98300
21500
-11600
141500
-203800
109300
-117500
142400
-53700
65900
-326900
164300
-126400
392500
-410500
150300
-282800
371000
-189100
-109700
-72500
6100
19600
-70100
-21000
5400
-2400
69100
-48500
-146300
70100
-97300
111100
-137600
41100
-20700
32800
-76300
147900
-131700
66400
-316100
380000
-371700
414500
-431000
-15400
84300
-34200
-72200
-123900
25100
20500
31300
-42300
-69300
-17300
155500
-59700
-50400
-68700
73000
-114600
-26100
-6900
-100500
24300
233900
-167300
33000
-277200
277200
-270800
395600
-441900
108100
-125300
334100
-230000
80000
-177400
81900
-149900
-6300
57300
-234800
137700
6200
186000
-271100
74300
-177200
152500
-144300
187500
-253700
275000
-198600
-27300
-140700
265400
-204700
229300
-265200
5900
-20800
-9500
29700
-22600
-140500
89100
-169800
-16900
130400
-116600
-114400
-12100
228300
-78600
-200700
96700
110700
-194700
62000
-194500
137000
-186800
453100
-334600
-37600
-141500
184400
-142900
231200
-183900
-49700
-48700
101000
-131900
-49100
76400
-85300
-106600
1700
112100
-65100
50000
-7300
94900
-266900
52900
-137900
138000
-117200
204200
-250500
202500
-215600
337400
-398100
375200
-473800
87100
3700
-22200
-213600
75500
106000
36100
-160300
-13200
-80200
19500
37200
23400
-74600
-109800
189100
-115100
-65900
-52200
118200
-208800
282100
-331400
305500
-311900
353200
-342200
313000
-371600
49500
-155100
126900
9100
-93700
-80000
64000
5700
-113700
-101800
51500
99600
-47500
2500
-111600
37800
14100
112700
-232700
267900
-320300
179200
-126900
168000
-234000
135400
-56400
216200
-455000
130700
-59000
-73200
-111100
9800
-28900
64600
-30400
5000
87800
-192300
-26100
-11600
43400
44500
-43500
-121300
149400
-29700
66600
-89700
-2600
-266600
258600
-230900
398300
-422500
255800
-267200
67500
-112700
7200
-103100
38900
23400
-82700
-37300
72300
26700
-125900
-86800
13400
-900
-8100
96700
-175100
177900
-95200
133800
-245400
36100
-91500
186000
-144900
202800
-296900
102000
-121200
295500
-274800
-62600
-100800
38200
-85000
-36500
76900
-78900
124500
-77600
-12700
-102900
-26700
62200
163800
-269900
53800
-161500
208200
-125000
68800
-197300
331100
-336900
172700
-258800
171100
-113700
212000
-244500
-75000
52700
-86300
-137100
55500
90600
-44700
-21100
-13100
10100
-130200
141900
-166000
202300
-230500
138900
-190400
250500
-234700
236500
-280200
220000
-261300
84600
-119800
237700
-342900
65800
-27200
192000
-156500
-198900
-24200
34300
42500
-79800
-49600
-6500
149200
88400
-158900
-112700
53800
-112500
36500
-124700
352100
-387600
372500
-341400
13400
-132800
292500
-210800
171800
-255100
23300
-62800
202700
-261500
-18600
26800
-24800
-7500
-17600
-91000
-13300
56900
23600
115200
-237600
67900
-75800
-30100
-85400
180700
-160100
124600
-204400
183100
-269700
454200
-412300
156300
-260400
94300
-72500
53900
18900
32300
-193600
19400
-40000
-120700
78500
-2700
-32900
6400
-66100
-7600
54100
1050800
-1122200
-22900
73400
-200500
116200
-155300
226200
-243800
164800
-185600
155500
-334800
79000
-84200
213800
-181200
-8100
-8900
-6800
32600
-37000
-132800
15700
119500
-119700
-90600
65400
14600
-22000
-7800
62800
129700
-330600
200500
-258200
65500
-56300
371600
-462400
202800
-295500
81000
98500
-82200
-58100
-92800
152100
-30600
-32600
-162500
-28700
17800
-9900
-99300
75100
-96300
138400
-60200
-76000
-111400
128000
-54800
193600
-251700
92900
-126600
353800
-426200
133000
-222400
194100
-199500
-7700
37400
-81700
36000
54100
10000
-167300
78200
-58100
-102900
-31000
36500
50800
-84900
33600
35200
-53800
69100
-174500
231900
-240500
194700
-203500
127500
-98900
244400
-387400
22900
-113200
84900
-1400
-31400
-101800
-34500
151000
-61200
-145100
-17700
97500
-58500
-85000
-11500
186500
-240800
194500
-157100
25700
-122500
233800
-272300
120200
-174700
184900
-128000
225300
-252100
-21200
88700
-95500
-136600
12700
9500
-18300
12700
-78300
132600
-176400
16500
43500
-106900
-7300
18000
-46000
35100
-20300
160800
-227800
-25900
-89600
152100
-119000
185700
-322200
188900
-175700
278800
-327400
-32500
-58500
-15300
174500
-172800
-64500
18100
137400
-52400
-135600
-33200
88100
-21000
12400
-136900
66100
-51100
138500
-169500
158800
-310200
102100
-123700
437700
-521100
190000
-163700
87300
-30900
-137200
3700
27800
46500
-61200
-120500
339000
-249600
14800
47100
-60000
-12500
-74800
-75900
-55400
101600
-135600
144400
-74900
190900
-333600
383900
-417100
313200
-341600
158000
-338000
169300
-59800
175100
-244600
-57300
-39900
16500
38900
10700
-69500
-47600
288300
-193700
-52500
-125300
19800
49700
134700
-215900
71100
-63800
119700
-213600
85200
-215700
424300
-415300
137600
-209500
187500
-171700
38800
-57400
33600
-50800
-36800
-55200
-24600
133000
-138400
-84900
104000
75200
-71800
-42400
-123000
109300
-134800
116700
-237800
225500
-107200
181700
-357600
332000
-333400
337900
-396000
86600
-158500
159600
-61300
-111600
9500
-67800
117100
-136800
25800
-74200
78300
-80300
90500
-113700
-12800
5600
-80500
45000
105100
-182800
165700
-277300
1081900
-915800
110300
-365400
188300
-153300
171400
-245800
95200
-151500
81100
77300
-147200
-25200
-6600
43400
5200
-82200
-72600
131100
-78800
-51700
-65700
95000
-126900
168200
-200100
104100
-94900
116600
-165800
280900
-332700
115700
-312300
121800
-106100
91700
-87800
64100
-38200
-29400
-36500
-16000
-5300
-40900
129400
-154200
-71200
1301100
-1172200
-29500
50500
-167400
47200
-161000
194300
-241800
311200
-301500
270700
-272500
97500
-227900
61000
26200
-23100
-90500
-33700
-58200
169700
-91800
-81500
-43600
9000
-11300
-59600
91100
-154900
69600
-4300
89900
-187300
86800
-133200
99000
-245200
184600
-184300
406100
-284100
41100
-214800
68200
-13700
-16800
-83800
-53200
148900
-114900
-44700
55500
-1500
-95300
173000
-230900
40000
17100
133100
-213400
244900
-281700
71200
-81400
26500
-170200
287100
-298700
275400
-375900
242600
-103000
-16800
-228000
35100
51900
-16200
-119000
43900
-71200
81100
160100
-268000
6200
15500
16500
-115800
53600
-140600
136000
47700
192100
-398400
263800
-310800
129100
-212500
312300
-301200
171200
-153200
21900
-26900
22700
-205000
22000
21500
3400
28900
-192600
131900
-28600
-13300
-97500
62200
-100400
-37600
33600
162900
-177200
132900
-79300
14200
-253900
291100
-258800
358400
-486700
53000
-48600
370000
-321100
-55500
-14900
-71400
90800
-87100
24300
-35900
-57600
57500
93600
-170700
-20400
-47600
70800
-44900
-79500
-20300
87500
34500
57800
-355500
197600
-178600
383800
-415400
151000
-202900
62000
45300
-56300
-94200
-41900
40100
-13800
-57800
-43900
27100
16400
-3500
60600
-143900
10300
26500
-135500
148000
-134200
75600
-16200
147800
-278400
127800
-219900
299400
-440800
141100
-120800
136300
-180800
278500
-80500
-21300
-213100
25700
-23900
29500
-61400
600
121300
66200
-100300
-245800
139700
-177900
275600
-295400
130200
-108300
161900
-135100
43700
-168700
397500
-555500
194800
-175700
177500
-182200
77800
-9000
-27500
-67400
-61300
-65800
69600
47700
-109900
33300
-123300
248400
-160200
-90700
-54700
28900
-8800
10200
-47200
45800
-160300
330000
-314400
41000
-81200
325400
-461000
69900
-94700
142700
-147900
65400
-66600
-33700
-23000
-42000
26100
-90800
161800
-130200
-113000
214500
-47700
-118700
-15400
-54800
130600
-86900
133800
-244400
196500
-48700
180400
-446900
80800
-38300
129200
-144400
-85500
-3800
11000
-44700
9000
62300
-50800
-47000
-112800
153800
-117900
87000
-156400
136400
-92900
-43200
-54700
103200
-238000
226700
-179800
231800
-259300
169400
-130500
140800
-301300
30000
35800
-94700
-112200
22400
-48000
220200
-238100
24300
-69200
72800
2800
-188500
141400
-163500
95000
27900
-12200
-120200
83000
-77600
179800
-267100
186400
-207500
324300
-399900
207000
-274000
344600
-428000
44300
-17000
51400
-72900
-37600
44800
27100
-37400
-48400
-60700
-20600
71200
37200
159400
-156800
-100800
179600
-96100
-200300
102600
-189000
277400
-324300
180200
-238000
303700
-282400
-29700
-56800
25300
24100
-32100
-64700
-54800
113200
-15500
-151000
85200
-87200
-33700
48400
-152600
162600
-187600
183400
-94000
200300
-336400
214300
-200800
252800
-351900
156200
-163200
248800
-295100
78900
-105000
2000
-102100
125700
-117500
86300
-90600
-124100
126100
35000
-73000
-8600
45900
-173400
165300
-170500
48600
-129800
199300
-60800
62500
-329800
198500
-222100
456800
-437400
-1600
-73700
129300
-15600
-119300
-31800
-14300
-15800
21000
-104700
-4900
58300
47300
1500
-131600
17600
-115300
105200
-148700
283500
-324700
126800
-8900
378600
-552000
545900
-497600
160400
-215200
54500
-180600
50900
87800
15700
-241700
-37000
89400
59200
-224500
127300
-68200
50100
82200
-124300
64100
-231300
207900
-198300
357900
-417100
151300
-91700
188600
-152800
-44300
-197000
430300
-411100
43900
-122100
86900
-127700
213000
-129400
-159100
85000
-97800
29300
-91100
203800
-202300
124000
-22400
8600
-191300
40100
12000
31300
-172200
207100
-283600
201800
-149600
179400
-241500
332500
-273500
-82800
7800
104500
-175300
-69900
169400
-100900
-97200
-35900
-900
44700
-10300
-122800
116300
-90500
108600
-137500
58400
-154000
202100
-260600
110300
-20300
196300
-135100
-44400
-151900
241200
-404800
35900
34100
-10500
-38400
-101800
167500
-49900
30600
-181200
54900
-64000
21100
-68400
10500
23100
27400
-46500
4300
-170000
55700
-90800
163800
-233000
269400
-286800
122200
-136300
212300
-257400
203400
-211100
2000
49600
-123600
-38900
-16700
41600
89800
-140200
-39700
-49100
-12100
40100
-69300
83000
-144300
198800
-69900
-51300
-142000
239900
-215900
-16800
-57000
84700
-76700
351600
-482900
65100
33600
75400
-159400
-10300
-61300
-32300
112500
-138500
87700
-109500
5500
-103500
-45100
-56100
19400
-24900
24500
6400
137200
-206300
216900
-265400
60200
-165900
221400
-124000
194700
-236200
1600
-102000
210700
-261900
64000
-118400
64100
26500
-157000
138000
-55300
30200
-117900
-63900
-2100
72700
-42500
-41900
-99200
244700
-125300
1800
-295900
145200
-135200
422700
-442500
143500
-186800
358400
-145200
-74100
-132700
-73900
95100
-154300
-49500
5500
31800
96800
-24600
-216200
56900
-105700
109900
-111000
124100
-132000
48200
-13300
65600
-261100
184500
-160500
334400
-453300
256000
-222000
251500
-173100
136700
-269100
60900
-103900
-51900
41500
-22000
40700
-104100
28700
8700
-115400
38400
87500
43500
-73000
-56300
-159900
17000
303600
-174500
-59400
-163500
408600
-502900
200800
-192600
250900
-346900
290300
-181200
-123600
-1700
-85600
-3100
49100
-3300
-60600
87100
-3300
44500
-128800
124300
-167700
-3400
-47800
81500
-102100
200000
-232200
292300
-391100
100700
-177700
203500
-169800
18900
-91000
-1700
49000
128200
-304000
76200
-58200
64400
29900
-147600
35600
-84600
186400
-22900
-159200
-25100
137800
-208200
242800
-246500
164900
-98200
138200
-150700
107800
-244600
296100
-402400
150500
-191900
50800
-58700
138900
-35400
-117600
19100
-83600
-69300
-2300
64500
-36700
-71300
107600
-21800
-111400
-33200
-50200
115300
-125800
122600
-262600
207500
-159400
421700
-445800
157000
-231500
45000
-22900
4900
-122600
99200
-900
-9600
-237700
130500
-54700
-3300
21400
-61300
102500
-148500
97200
-11600
54500
-224700
146800
-38500
50600
-232100
96200
-93600
269300
-341900
97000
-163800
266100
-321500
-14200
-37200
36900
-17600
66800
-58500
-96200
55100
-75400
-65200
-27800
106100
-29100
121000
-113500
59200
-156700
9900
-136400
181300
-192300
228700
-250300
230800
-161900
73000
-216200
216600
-325100
52900
-5200
-59100
-103300
18400
51800
118100
-128800
-124100
61200
6000
60700
-92900
5000
-71800
94700
-32100
-86400
81000
73400
-264500
112200
-87600
94100
-221300
414100
-328800
-73000
-78700
126600
-193900
-58000
74800
-22500
14200
50600
-77200
-128600
44400
67400
-27400
-37000
500
67900
-112700
-47600
300700
-447000
362600
-299900
28200
-152200
163000
-192000
325900
-227400
33500
-89000
-18600
-173600
71300
31000
32700
-156300
-67400
186800
-111500
25100
-95600
1300
-84200
-18100
36500
70900
-74800
276900
-286400
66000
-205700
204400
-267300
292700
-269500
34200
-180400
162700
-36500
22500
-167100
-38400
128100
-101400
-110600
43000
-66000
100100
58000
-244800
18100
-46800
84400
-83300
133500
-129200
92200
-142200
174600
-245700
221400
-226400
192800
-250800
145000
687500
-751300
-21900
31800
-112000
-142100
60800
-46700
-65900
-33700
125100
-106700
73600
-80200
-34700
-41600
-10800
-2600
6900
-25500
9000
-145800
226800
-174500
228700
-266500
176700
-299300
252400
-250600
-10800
-85300
204700
-28600
-208600
-40700
-19900
54800
-24700
50600
-114100
-26200
47100
33300
-90700
131600
-119700
-71600
-36800
154400
-252900
225500
-119300
346100
-534400
254800
-192300
135200
-266800
84300
-107600
181100
-115800
13000
-5900
-107600
55100
-137400
65600
-123800
29700
6400
-16900
-19100
-47300
-1500
-50100
-53700
125100
-196700
297000
-68200
-30400
-82800
61500
-250300
430300
-519000
-4600
118300
-59800
-38200
31900
80600
-192700
-95200
28300
-23600
51200
98700
-149200
4400
4500
29300
-153200
86000
-151300
196300
-215100
239000
-311000
396300
-319200
143000
-320200
227900
-124200
148800
-199600
-59200
4800
-22300
-23200
15800
-59300
-43200
-92500
26100
44200
28200
-40200
-143300
213100
-117300
24900
-59700
-2900
-137100
224500
-174900
39900
-208900
489600
-352700
108300
-236800
21300
-61300
31600
-187000
245000
-240400
146600
-70200
-116900
46600
-71800
68400
-65600
57300
-90500
45900
-6300
106200
-198100
16400
-57100
141000
-213900
134300
-243700
321200
-255200
358600
-458300
1400
42300
69700
-195500
20800
-19400
-22000
-55800
103100
-119500
76400
-70900
-103600
119200
-128600
68100
-58000
1700
-35100
103300
-145200
125100
-226900
121000
-124600
394600
-500600
353000
-304000
235500
-172400
-145000
-98000
1200
76800
-140800
81900
5100
107600
-151300
-30200
-104700
156900
-72300
-33800
-154600
157200
-46000
192700
-301800
212500
-265400
295700
-286800
303000
-424400
176600
-108100
124500
-256900
-3300
64500
-105500
2700
-26800
82900
-95000
-39600
27900
-87300
104000
243900
-361500
10500
-46000
-10300
-146500
523600
944300
-1046600
-404000
383900
-370200
132600
-267600
403100
-360000
234000
-303300
78600
-100400
-20100
-28300
-93300
182700
-164000
23800
15900
54400
-125200
57200
-117700
3800
-72000
127000
-227900
237400
-133000
2000
-151400
91800
-56500
276300
-408700
161300
-37100
88300
-220900
74700
-110400
64500
-207900
72400
4300
37400
-60400
-39800
-13000
49800
-88800
-81600
121300
-94600
67400
-121200
-9900
-112600
471300
-320700
-20500
-208700
202500
-207200
287600
-316200
-47700
-38700
215700
57700
-211900
-63100
-55900
172000
-146600
-50500
-71300
70200
185200
-19000
-212900
25100
-74900
-4900
-131000
157100
-205900
191500
-90300
171000
-310500
445400
-436700
194700
-315600
65100
-26600
96900
-93500
-28800
-54400
31500
-60100
-37900
-28700
31000
-27300
-65600
196700
-212900
60800
-144200
111800
-157700
72000
18200
22400
-118900
141800
-97500
108300
-334400
209200
-208900
196600
-205300
126800
-208200
149100
-2000
-158200
-64000
2500
47700
20800
79900
-174000
60300
-32400
-6600
-155600
85500
-101100
162900
-172700
-54700
-23100
139800
-29800
253900
-388500
100800
-142400
99100
-227700
56200
-23700
32100
29300
-112800
-95100
66600
61200
-105200
47600
-119900
-5000
57500
146700
-140000
-86400
-124700
164100
-165200
80900
-62300
-30200
135800
197400
-436800
134200
-189000
165800
-221200
132700
-170200
20400
3100
-7900
43700
-161200
140600
-147100
94200
-117000
193500
-201000
145700
-156000
135700
-244300
175000
-224000
228900
-238800
335000
-350800
144900
-78400
228300
-454800
127900
-154800
147000
-124600
-48500
-28200
-600
38100
-11400
-67000
-64200
120600
-99700
65300
-154800
114300
-78100
95000
-142300
121300
-130600
37100
-108400
81100
-97400
182400
-343300
282300
-167700
50900
-251400
52400
-93000
109200
-102300
-78200
15400
51900
67600
-142400
110000
-147400
151900
-149700
53400
-170300
131500
65400
-17600
-228200
147200
-159400
289500
-307000
222100
-325700
240100
-149800
-14700
-125200
85700
-104600
-28000
6200
-3700
-7700
-45200
-39600
83500
-62000
-90700
38300
-800
-29100
-25200
-16900
-150300
247400
-179400
381700
-522100
210500
-182200
376100
-429300
189200
-286300
478300
-342100
-142000
-13900
-32200
18000
-68400
5400
30600
168100
-142200
109600
-260100
71300
-90200
167000
-201800
310700
-421200
248400
-143200
181700
-323800
165700
-165600
166500
-281300
200800
-105700
29600
-67200
3900
-44800
-94800
-6500
-36500
19800
-51400
-70000
11900
114900
-22000
-120300
-3300
-35500
-57000
103400
-125200
150100
-125200
197200
-181700
53400
-79900
163100
-382800
182700
-149400
92200
-235400
299700
-188500
-95000
-900
-59100
46000
-52000
44900
-52700
37700
-40000
130800
-166100
-106200
-17900
194400
-162300
81900
11700
-12400
-111000
30100
13900
182400
-371300
-42500
55200
84600
-276900
33900
131000
-42700
-202400
-5200
-8500
109800
-111700
-51200
128500
-142600
164700
-35400
-98800
-140500
145600
-105500
175200
-262200
271800
-267800
273300
-254500
151600
-251300
246900
-268600
21500
-54700
47700
-107200
46500
90900
-139600
-168600
-5000
13700
97700
-44100
-98800
54900
39400
-2400
-208400
335400
-351500
192900
-216800
88400
-192300
361900
-228600
297700
-407500
-29400
-11300
104900
-172200
-21100
-46400
30700
-11300
-18800
-84500
31500
-22700
-67200
46800
-97300
51500
-99500
130100
-92400
217800
-270800
209600
-347600
297800
-268000
65000
-180900
311000
-229000
168900
-256900
50700
-54900
-22000
-60600
67700
-144800
193600
-102000
-148200
-10300
7900
117200
-66100
-76700
-57500
115700
30300
-25900
-227200
207900
-215800
285500
-281500
212900
-312800
462100
-376400
114900
-250000
43900
-71900
-36000
72500
-62100
-44900
-19600
-38800
47600
-50300
96500
-110300
-131200
164500
-127900
56200
-68500
415100
187300
-496300
-148200
69200
-89400
297100
-422500
359600
-317400
252300
-262200
-5600
-22900
-128900
97300
-73600
900
-55000
-69800
72700
76300
-81600
-47100
-62800
30700
-63300
34800
-124700
383400
-343900
207100
-305300
9700
-54300
159000
-114500
171900
-324700
179000
-21000
216700
-394000
-68200
49900
-16100
7100
-52700
79400
-118700
41500
17800
-16600
-76500
7700
-156700
36500
400
16100
-68100
140400
-156100
160700
-286600
159100
-139500
267000
-295100
87300
-174300
113800
4600
-92700
74700
-145300
34700
-50700
-98400
-15900
146000
-21800
17100
-198000
49000
-51800
128100
-152000
36100
-7200
24200
-207000
250100
-275400
322100
-376300
156900
-215700
171100
-112900
90600
-71800
48800
-58700
-108000
-78700
200
18900
-10200
-29000
-50900
92700
-64600
-7300
-116600
189200
-261500
176500
-159300
191500
-282500
278700
-133600
250800
-426400
132700
-56900
-77600
-67300
93600
-105900
145400
-166400
-119700
35100
39700
-50600
71300
-110900
-4100
-58500
19700
70600
-102000
-17100
-71900
159200
-273600
223900
-38600
88900
-167400
34300
-135900
205900
-348700
192400
-125200
141900
-214900
-54100
25800
19500
-38000
-54000
75300
-154200
91800
-110600
6800
6800
116600
-76200
-89800
-7400
69800
-203800
158900
-64300
244800
-411800
219800
-118600
118400
-267800
5400
63200
46200
-209700
-17500
111600
-33600
-161100
36300
94800
-77800
-33400
4100
-100800
-16800
46800
1800
53300
-194600
120400
-112800
-11100
12200
65800
-125500
239800
-218700
175400
-178900
112700
-324500
192300
-224400
91600
-125100
42600
86400
-83800
-66600
-34400
48300
-126700
50500
-60100
175400
-235300
109300
23600
228400
-431600
273400
-318300
13200
-105600
292000
-262500
205400
-172800
-86700
-7000
150900
-162200
-83100
93500
-97900
-64000
43500
3900
12300
-90400
-16100
-45200
-14000
160600
-209100
166200
-131500
101600
-238400
23500
-33900
191400
-212100
220600
-194200
48400
-91200
193900
-364900
42800
-23300
111100
-149500
27600
-64000
-35900
159400
-81500
-79600
-42500
36400
-56600
133200
-240400
34900
-14900
249900
-182300
-84400
-83800
182300
-234400
223200
-249300
575900
-715700
321400
-200000
62000
-181300
-5500
-17700
-17500
46300
-92700
51900
34900
100
-53800
-49800
-72100
-37600
-47800
121400
-140100
114600
-120300
234400
-264300
96000
-147300
184800
-214300
315500
-377700
-14400
162800
-57500
-97900
-96800
131200
-65700
-73600
7700
-77600
48000
68500
300
-43500
-221400
93000
-125600
19500
-28500
23600
25800
88100
-71500
-194000
42200
487200
-649800
302500
-262200
233200
-322200
148000
-83000
-4100
-175700
103100
9100
-6300
-41400
23700
-11500
22000
34800
-110900
-48500
-90000
36800
-17500
164900
-314200
150900
-69600
289900
-372700
148100
-249900
1043900
-992300
68000
-161700
222100
-200500
55900
-160300
-93700
88900
-25900
20000
-46000
25600
-77500
189800
-126200
2800
-87200
24200
-39800
147400
-195200
57400
-82900
177800
-277600
186500
-273400
403900
-413300
192800
-315800
96400
-27800
209800
-189400
-119700
6900
-11100
-4400
-109800
-28800
74600
33100
-17800
86200
-218300
32700
-67300
113600
-169900
192600
-187700
188200
-227900
205200
-283300
376900
-490600
135800
-136900
176900
-140000
-61500
22100
55200
-72200
-9100
27000
-89800
104100
-160200
89400
-161800
127200
12400
32300
-178000
63900
-63600
56800
-163800
117700
-137900
264100
-226600
105300
-319300
297200
-310700
-7000
-65600
154300
-58600
29700
-21000
-128800
118800
-136900
16000
-100400
48700
-59200
-12100
97700
46300
-195600
150400
-150000
7300
-86600
253800
-251300
207700
-274400
451400
-468000
-25200
-111100
61100
-45400
-128800
37500
48500
101900
-44800
-116100
-36800
191800
-208200
-78600
155300
-70100
-52800
101500
-140300
83200
-245300
232400
-254100
119700
-200
54300
125300
160200
-534700
34700
-100000
164900
-266700
63000
-39700
30800
-29900
108200
-39100
-133900
140500
-122700
-41100
-71500
92500
-52900
9800
-29400
182800
-309000
346900
-364600
104600
-180900
285000
-307800
137200
-101200
64600
-89200
-29500
-6700
-111200
59200
-100
-7100
-82100
53200
-96100
-36100
-38700
189900
-207300
102600
-167700
182800
-119500
92900
-121600
25100
-118300
226400
-214300
32200
-25800
115800
-233900
17500
-57500
64100
-250400
50400
20500
26100
-124100
69300
-128000
118200
48600
-172300
74300
-118900
72800
-58100
-12200
-81700
306800
-199400
55100
-250000
387900
-468800
261300
-257600
371500
-459200
123100
-42700
197400
-274700
-110700
13800
40000
30500
-6400
-38800
-45200
123100
-110600
12700
-133500
112500
-171000
424600
-438500
188300
-201900
244500
-210100
-14200
-94500
302000
-318400
102900
-133600
272900
-446800
223700
-146200
-26400
-38000
-75200
70300
-34500
-25800
-16600
11800
-800
229200
-338300
-57700
112200
95900
-142400
9600
-233700
221600
-24800
99600
-383800
316400
-250000
332700
-312600
-14400
-68700
88600
-103000
36100
-152100
3900
88500
-74000
-65300
-54600
56600
34000
22000
7900
-26500
-190500
255000
-168000
-105400
-2500
89700
-112400
176000
-252000
187700
-260800
323900
-335000
106500
-171600
113900
-93700
151100
-151000
-93800
70600
-66100
-87200
-17000
57900
46500
-143200
-11600
126300
-196300
33000
-1500
49200
-74900
70900
-231100
149300
-118400
403200
-465400
183200
-241300
149600
-116200
-71100
1100
10800
136100
-106600
-21200
-87000
51100
-71200
-89900
11000
43900
-54900
-3700
-20500
-37100
13400
-14500
25300
27400
-194000
205400
-255700
350800
-335600
183600
-228700
30900
-111200
84500
-132700
-46900
-23500
125700
148900
-305000
121900
-166900
71100
-50400
39000
-39700
-57000
108300
-49300
-218800
214600
-226000
246500
-190000
92900
-92600
329600
-356500
170000
-302000
53000
-107700
115700
-116500
-29400
97000
-159000
46400
104200
-207700
62000
-1200
-161500
97900
-92100
69300
-63600
58000
-59600
67300
-149000
129800
-77200
9800
-191000
329500
-389800
361100
-295100
215800
-287900
43900
-123300
8400
132200
-186000
64500
-25700
48900
-146300
-49800
143300
-120200
-89000
76600
-150100
103600
-70900
86200
-144500
114400
-81700
-45600
-13200
336400
-388700
100900
-2300
165000
-379200
102000
43100
-184900
-90100
50900
-16700
48100
43700
-12600
-123500
-63600
115900
-140100
60100
-108700
176600
-152100
108400
-58700
-28700
-152300
328400
-337100
208600
-296800
179000
-172300
77400
-121400
-35400
65900
-122400
-61100
48200
6100
-22000
-47500
27400
174000
-269900
-24700
-40000
98200
-79200
-14100
-108700
183400
-120600
305700
-332200
41600
-274200
278100
-287200
50500
-101800
74800
681400
-619800
-120100
65700
-60000
-138000
123600
-153100
-48600
16900
63300
145900
128600
-473800
138400
-27500
-25800
-69700
162600
-221300
377400
-303200
93100
-208900
260900
-278400
220600
-352400
29800
26700
141600
-210900
33400
-12800
-82500
-71600
-45900
68500
-17500
70400
18400
-10900
-160000
48100
-126200
74100
-129100
145200
-149000
226600
-196200
186400
-245100
172300
-258200
142600
-183700
204200
-330000
73100
24800
77300
-147500
8900
-90700
-2400
-4400
11200
-48800
-44000
218500
-156700
125900
-254000
162600
-180000
171800
-105800
-18200
-109900
202700
-269000
145400
-184300
254000
-263400
66900
-172100
38000
-59200
106000
18800
-86100
109400
-101300
-78900
-30500
18200
27900
55400
-29000
118900
-134500
-121300
9300
88700
-167700
109600
-300700
251100
-163200
394500
-506700
189000
-179900
123300
-212100
67300
-101900
112100
-33100
-31900
-148800
135200
-78100
-63200
68500
1300
-39800
-58800
84100
84200
130400
-435300
257600
-266700
5400
-88300
164500
-87200
271500
-276700
51400
-144800
88800
-129300
-43700
28300
-85700
1000
50700
19400
-119600
-112500
44600
23000
-16500
31500
-175200
192300
-99300
74700
-162800
217100
-290800
225400
-224600
146700
-131600
152300
-245000
319100
-391400
143600
-216400
183300
-184100
9800
-99100
67900
109000
-13200
-133300
-78500
154400
-199400
56100
-76500
125200
-178100
267300
-242100
90600
-149600
8100
-72100
145100
-129500
180000
-318900
203700
-172500
320200
-367300
65500
-171500
-3400
55300
-58100
-18600
80700
64100
-197800
54200
-79300
52800
-104300
-700
-1600
7200
113900
-117600
-243700
205700
-160800
252700
-282800
175800
-222100
271300
-210000
256700
-360100
22100
-44100
9500
-165700
79100
-8800
-9200
121500
-201900
24000
-42600
79900
-84600
100100
-204400
165300
-156600
398600
-427400
204800
-275500
39900
-62800
180800
-221600
176900
-202400
72100
5100
44000
-290000
58300
-90200
99400
-55700
-41900
47000
-14900
138900
-222200
202300
-274100
106600
-173600
66000
-19400
94700
-79600
222800
-377700
186200
-236600
283400
-181400
35700
-251400
122000
38500
64900
-271500
-22000
78200
-20100
-184200
56500
42200
88900
-54700
-27900
49700
-55400
-110900
-47800
108200
-48600
225300
-367900
355100
-298100
-35100
-141800
201800
-194200
215400
-242900
27100
-26500
99600
-80500
-61100
-32100
-21600
-26900
-61100
139500
-143700
47100
-49100
83200
-100200
187600
-287800
39900
-46300
-9200
-87800
92500
-83800
255800
-338700
179900
-269100
211600
-235800
268600
-270700
31800
73100
-75800
-161100
111200
-69800
-35100
-121300
99800
-29800
2200
139800
-190800
-8700
-78900
193800
-176200
101800
-164700
75700
-215400
194000
-120200
411000
-458600
153300
-241200
40300
-104900
114600
-76700
54400
50000
-187800
-79800
24400
-27000
85100
-55500
-93100
134400
-78800
56500
-96800
36900
-182200
230000
-249200
69700
-110300
328900
-244700
140000
-307800
95500
-120000
69500
-74500
-35800
1100
-34900
-33700
108300
-167900
56500
-68400
3200
13600
-40000
47600
-81400
209200
-203000
2000
-70300
145400
-270500
174900
-243500
352500
-304400
212700
-204900
57700
-151500
66800
-53900
-84300
31900
-71300
-23300
55800
47900
-167100
7600
-59000
184300
-185700
130900
-152900
-4200
57600
-65800
-186400
218600
-187900
281000
-319200
50400
-141000
349300
-254300
309900
-459700
93500
-3500
-49800
-86000
6500
14200
500
16800
-20400
199100
-246800
57000
-157600
-3200
20000
35400
-49900
60700
-154300
103100
-190100
222900
-253900
209300
-263100
276300
-310400
165300
-97800
-21200
-96000
-23400
-99400
20600
63700
-31100
-42500
16700
94100
-125400
-146200
4300
69600
37800
-68700
-111800
65600
-7600
169200
-207200
54100
-185900
302200
-291100
-9000
-82300
174600
-120700
31000
-100000
2800
-40000
18800
-173400
62300
80000
-74700
-3300
18400
-36600
-71700
-900
-51700
64400
-143700
186800
-220000
210500
-63400
-42300
-126400
69400
-127200
393900
-534700
126500
9200
82700
-198200
-44800
-45300
38900
-45500
-43700
-28200
33000
50000
-56800
151100
-251900
109700
-40300
-106000
31300
-7200
-28600
65300
-112600
161600
-276500
292300
-288700
208900
-266800
257300
-298500
5000
3700
120600
-149700
-76100
15700
-35600
88900
-94600
-60600
35000
149300
-138700
31700
-193000
31500
31900
121400
-174700
89500
-150900
227600
-200200
134600
-294900
380300
-355400
134800
-294100
126500
-73600
151400
-211900
-67800
5500
5400
-100400
26300
22800
68800
-7300
-114700
66700
-124400
110800
-94200
164600
-248400
124600
-95000
107900
-123100
-33400
-52200
290500
381300
-568400
-156600
83700
-105600
14400
-73400
29000
-159700
-500
16000
-55500
16000
-79400
127800
815300
-829600
49800
-207200
77500
81700
-179200
206400
-315900
105800
-86000
271800
-307700
68100
-120700
234700
-401500
105300
-33400
81800
-114600
-3400
-1900
-26100
-31000
-104700
63100
-74400
84800
-73000
67500
-96700
113900
-175600
93600
-177500
81700
-95300
162000
-219700
177900
-159600
352700
-454200
114100
-180800
202400
-125700
-83000
70800
-113300
111300
-32600
-115200
-20100
57200
-80400
-46100
-41700
38300
26700
-16200
-77600
223100
-329500
264300
-278000
213500
-248900
322700
-373700
153600
-17900
219900
-366400
71900
-162400
124000
-173600
40900
-16400
-11000
50800
-169300
39500
-42200
57000
-42500
123000
-210600
108200
-88500
272600
-402300
118800
-76800
122800
-271100
180900
-131300
209100
-268300
184400
-193000
126900
-302700
168300
-170100
100300
13600
-171900
143700
-44900
-25000
-107000
38600
-66000
44800
-30700
245300
-359500
109700
10800
44000
-266300
294700
-324500
210400
-222700
151800
-122100
209500
-180700
-46600
-161400
381500
-430400
108900
-65600
-1600
19200
17700
103900
-254600
51500
-58600
-90300
33000
64400
-103900
134400
-47400
-10400
-149400
219800
-251000
185900
-292600
373800
-387200
38300
-14200
123100
-213200
-900
-22400
-79700
177300
5500
-103100
-60200
96800
-99000
-52800
-15200
116600
-184800
185800
-197500
-23000
-65500
146100
-73800
43600
-305500
291000
-234400
336400
-352000
100300
-174800
224600
-137200
-139500
-39000
6700
58900
23600
-59800
-58800
56400
11500
174400
-313900
55600
-124100
35400
-9000
85900
-249600
285900
-242000
208000
-303500
236900
-170700
225300
-320900
33100
-49100
170200
-174100
45900
-176600
19500
-32700
-7100
27900
-97800
184100
-151100
120300
-141900
-72800
-9800
236700
-248800
42900
-88500
117800
-273600
200500
-85300
269200
-456900
61100
-79600
55400
-58200
81100
-100300
100600
-87600
-10100
-117200
57500
-130700
56100
37200
-42800
125900
-125600
116800
-221200
82600
-151700
195900
-113500
34600
-199200
116200
4200
244300
-280000
11800
-140900
279000
-410700
61000
-39600
4800
-1400
89300
-259400
89400
-72700
2000
-14100
1400
72800
-119200
257300
-243300
-59200
-44900
182100
-185300
164700
-251900
40200
-89500
201700
-146600
280700
-397100
-8700
-2800
92800
-157400
5100
-61300
39200
75100
-226700
25700
-5500
67900
-120600
79400
-101200
127600
-47600
-57400
-136500
185500
-153600
96000
-154600
170900
-191400
355400
-423600
352100
-397600
117600
-119000
31800
-141000
43100
45100
-47200
-1100
-12500
22400
-238400
-61000
-73500
196300
14200
59900
-156100
124000
-93100
64300
-226900
180600
-164200
237100
-304500
402300
-445100
327300
-350300
10200
-37300
10600
-88900
-36800
59000
-16200
-131300
70500
29200
-14100
-173000
-29200
96800
-77300
193700
-165000
284700
-326200
208500
-295400
99100
-123800
142100
-181000
353600
-300500
19700
-58400
62100
-251000
2900
-21900
1900
-54200
-55600
-2500
-15500
173700
-87800
-43600
-99600
100800
-103600
-10600
-55600
54600
-11800
44500
-51800
-11200
-111700
218200
-337600
333500
-281900
203700
-341700
179300
-111400
87700
-171400
-54300
-13700
14900
12100
-5600
-107900
107300
180800
-263800
104800
-176900
93500
-43300
148900
-264300
213500
-163600
306200
-389900
265500
-223700
116700
-244600
183100
-148200
206200
-153100
15000
-115400
-112700
-41100
4000
24200
18600
-24300
30700
-41500
77600
-39300
-141300
47500
-103700
129900
-190000
94400
-137700
170800
53400
-11100
-267800
104200
-84300
57100
-209800
72100
-49800
258100
-285600
-95500
105300
-65100
-70200
-41600
-4900
6200
-88500
126500
109800
-272200
168800
-145100
121300
-184100
7500
-108300
157500
-8000
150400
-332500
136700
-172500
215500
-317600
38400
-53800
143000
-39100
130200
860600
-976700
-155000
-74600
253100
-189100
-122100
11400
346300
-255500
-52500
-64400
11000
-17300
300
-182500
201300
-214200
413600
-412200
211100
-323100
285400
-151600
-23500
-168200
153100
-228600
95400
-28000
-12200
-36700
-89800
-2800
26900
178500
-197000
-29500
42300
115200
-176100
98000
-178900
96700
-38000
145100
-221700
103800
-123400
317500
-515100
140400
-137600
295600
-329200
87200
-168800
39900
59000
-67600
-106500
29500
64900
-102700
-45800
-3800
140900
-125900
155100
-131800
180000
-263800
-24100
-140200
262600
-276800
409200
-414500
123000
-139200
155900
-119000
10900
-95200
-173000
151000
-33600
-66300
46800
20600
-88700
13600
1000
-22100
-81500
106600
-191100
69100
11600
197800
-199600
37500
-176100
87100
-141800
127200
-206900
447100
-312500
123000
-314100
-1000
15600
21900
-27400
-71900
-19200
-400
-68900
53100
-101800
33400
-20900
-76900
27100
-40000
116400
-99100
140200
-214700
176100
-230500
107000
-191600
253400
-284600
327200
-356300
225600
-131600
121700
-369600
74100
-74400
66900
-96000
-29900
-6200
92900
40000
-40300
-23800
-134700
120000
-132500
128600
-189400
191100
-83800
16000
-141500
200300
-162100
107900
-244600
134400
-92500
191200
-270300
285300
-386700
102000
-136300
-26400
-21100
-18300
22500
-25700
40100
-59300
64100
-135100
-19900
-68100
39800
11800
-40900
-62600
228900
-89400
193300
-261400
31700
-283400
355400
-380200
379200
-369500
278500
-255200
-2100
-42800
-94500
28500
-64900
73300
-46900
-83400
85000
93200
-109700
-35700
-81700
70400
-76100
10200
-37400
60000
-103600
206800
-295100
150400
-191400
461000
-456400
72300
-217900
223200
-122000
-35800
-115700
14200
49400
-47300
-113700
47900
101400
-123100
27200
-31200
-1900
-66800
-38700
-48800
-17500
-21100
106500
-91800
148200
-208400
243600
-309600
266100
-307200
243600
-258800
4100
-74200
151400
-66800
-88400
-34400
-37400
38500
-53900
-82900
75800
-34900
74400
-53400
-182200
73200
-37800
108000
-160600
232900
-216800
106900
-182800
203000
-313300
362800
-346900
147600
-225400
71600
-51900
-500
25500
-48900
-13600
-97200
20300
-64000
35200
-34300
81300
-151100
139500
-64500
138900
-222700
-7700
-18200
7000
-163000
134000
-142900
414100
-359900
-22800
-140500
224700
-176700
203200
-238500
-35600
101800
-78300
-16100
-57000
-25600
-33800
-48100
-2300
117800
-141900
-11000
2300
-6400
-15200
-90800
54600
45600
-152500
232500
-324300
90000
-33600
439800
-551700
165700
-220800
168600
-106000
-53200
-102000
47000
76300
-40300
-94400
-27800
142200
-136800
9000
-16000
1000
-63400
249800
-296300
54600
37400
-140600
-73400
316300
-411400
133200
-60300
238500
-341100
139400
-169000
286600
-339500
-15700
-72900
39500
58100
12700
-38100
-111200
119600
-112800
-109200
38200
62300
-45600
-44200
58100
281500
-432000
329100
-334300
160200
-239100
125200
-91400
202200
-250100
120400
-168000
151100
-315000
88100
-42100
41000
-155200
127300
-83300
124600
-114000
-148000
87000
-14200
108800
-224300
123400
-149000
176400
-77700
-9400
-167500
183800
-149500
195700
-348500
244300
-252000
489100
-517400
49600
-14100
109400
-195900
-95100
15000
34300
-8600
54600
-84200
-77800
115000
-61700
-98600
-27600
56800
-94500
236400
-180300
57500
-111100
108100
-143900
179900
-219600
351500
-519200
193400
-121900
131600
-209500
164400
-245700
153300
-113200
-75200
2800
-42600
50500
62300
-239500
111000
49700
-83800
34400
-139400
67100
-117400
258100
-222600
54000
-189300
326900
-304600
176900
-229500
280000
-321300
108800
-129500
34900
-76000
9900
-122400
53800
34000
-40300
-75000
104000
11000
-135200
64200
-116700
8600
-1700
-22200
-99900
207100
-58200
208700
-388100
113300
-105200
166600
-335200
146900
-171000
279300
-217800
15800
-131700
23400
32000
-77700
13700
-65100
41000
-55700
105500
-103100
-11800
-6300
43900
-249000
294400
-236900
64500
-72700
153400
-126500
-44800
-100700
330900
-387600
126300
-123900
78300
-117600
106100
-45700
-91400
25800
-18200
-111800
3500
16000
-17400
-77700
68400
36900
-112000
88200
-204600
99400
-108900
230700
-229300
35800
-2800
153300
-325500
199600
-281900
276800
-252900
-48300
-51000
55500
75900
-24600
-110900
-34500
10700
-12200
-97700
34300
51800
-54100
119300
-95900
-98300
-43000
21200
-77100
52300
-53100
267300
-301800
143000
-64500
59400
-224100
308500
-384100
107700
-25500
61900
-228300
108600
32300
-112400
-92900
-56000
15800
-6700
12600
-106600
51600
55000
60200
-125000
-41200
-73500
111200
-230200
153800
-130600
315400
-284200
324000
-408300
265700
-290800
59500
-146700
131700
3200
-142900
84600
-85400
100
-67300
-66400
800
-39400
79100
-85100
-74700
211100
-177000
46200
-33600
38900
-131900
126500
-257200
100600
-57500
408400
-363300
70400
-231700
110500
-148800
169800
-113500
-144900
100400
12700
-88000
-38900
-46100
80000
-44700
-111000
15100
32700
-5300
74900
18500
-159400
150000
-235700
169400
-234100
202000
-239200
377600
-223100
36400
-189100
81800
-200100
46000
-45200
50000
-51900
-105100
127600
-21500
-79000
40800
-118700
142700
-67300
-118900
215600
-232400
235600
-295100
146900
-183800
135600
-181600
70600
-61300
368000
-478800
238800
-163700
80400
-210200
-21400
77000
-145800
-52800
28600
-26900
64100
13800
-149600
-7900
-23300
73800
-104400
71900
-88800
8000
126400
-30700
-150800
65500
-110800
130000
-283000
283800
-229100
223700
-190700
-14100
-146300
74000
26000
-129400
-29900
-24700
78900
-80200
-36900
32600
-110600
114000
-31300
-117500
109500
-150600
119200
-141400
409800
-356900
113100
-222500
273800
-364700
174000
-84400
185600
-325300
100600
-58600
52900
-179100
40200
-8800
-8900
-10400
-156200
46900
95400
44600
-164200
50500
-128200
20600
-14200
26300
-154800
312700
-214500
40400
-201900
231700
-175600
222700
-367800
93100
-121000
292100
-227300
-30600
-57600
-10100
116200
-155200
81400
-171400
91000
-117000
102400
-94500
-39200
76700
292300
-392900
80000
-171900
104500
-204700
284700
-159300
145300
-123900
-139000
-123800
328400
-327000
14300
-48800
78200
76400
-226100
-35300
106000
-93400
23400
-87900
-102300
61700
52600
57200
-188800
71700
-142800
178500
-182500
236500
-349000
243300
-86600
-33400
-165000
140500
-44000
-42900
-92700
68800
-50800
-32200
-82200
35400
-49000
-900
-1900
-51600
-87700
163400
65000
-179200
148500
-117700
-76600
53300
-94700
-88100
125600
-118200
174000
-172300
127300
-195700
319800
-364600
12400
-118000
82900
-90900
-80900
-15800
144500
-33400
-58400
-63900
10700
57300
-91100
-94200
103300
-79700
68700
-37100
-20900
307700
-484900
296100
-302300
131000
-187400
325000
-234700
302000
-432400
2300
-73500
169100
-259600
22900
-31500
95000
-38000
-67300
-5800
-29700
144400
-153400
112600
-141700
141200
-95400
285900
-314100
-17600
-56100
137100
-274800
137100
-151200
400600
-448900
192000
-197900
-17000
-28400
141300
-250800
42200
-21600
56900
-135500
174000
-106100
-28300
62800
-178900
60300
-96400
83400
-115500
157200
-115100
54100
-149200
59600
-111500
85500
-700
123400
-361000
205100
-112500
263700
-346500
-7500
-88300
62100
82300
-166700
9800
-38300
46800
110100
-114000
-104100
61900
-100900
221300
-272500
194000
-209900
142600
-89100
-107300
-46800
141400
-168100
276900
-274100
78000
-92500
306500
-347500
12700
-61800
65400
-225500
152200
-160000
71900
-76000
18500
17400
-90200
90900
-98600
74500
-160000
64600
-78400
-19300
20700
134400
-213700
195700
-184100
137600
-112800
283600
-397400
97900
-43400
58600
-167000
-74400
20300
-49900
-37100
-65800
95700
-43300
-73500
72800
-34500
-81200
188400
-261400
99400
3800
-88600
-4800
312900
-31700
-249600
-121300
216600
-385100
206200
-221400
227200
-296200
164200
-82900
13700
-177800
93100
-74100
85200
-69800
-65100
-47800
135300
145400
-229700
173000
-279100
106400
-60700
-13000
-137400
153600
-14700
126800
-274600
178100
-205800
251200
-438200
125100
-84900
271600
-202400
7700
-167500
95200
-127500
16200
-13800
-22200
75200
-72400
98100
-115400
37300
-106000
-55400
-39600
79900
-101000
160000
-213900
178900
121200
-131000
-166300
351300
-334700
-86500
-22400
121900
-282800
176000
-52600
-54100
-184400
98200
-35800
53900
-66300
-102000
43900
68700
145200
-229800
115900
-246600
163900
-126200
21400
-141000
249000
-134700
112600
-224300
143400
-175300
220600
-364700
138100
-117300
68100
-81300
125800
-119500
27700
-74000
-98200
62400
-61700
97300
-199600
180300
-51700
16900
-132700
-13700
-46900
151200
-169900
165200
-308700
312900
-218500
226800
-417300
73600
-51000
211100
-204400
58200
-140400
107300
-51700
-90900
-60700
10500
104100
-120200
62400
-95000
106700
22700
6400
-147200
43900
-97000
151400
-271600
141200
-139300
309900
-349600
267100
-362300
285200
-303400
80800
-145400
279300
-264800
-16700
74400
-66100
-24700
-37400
-18200
13300
5400
-66900
152700
-183400
102800
-80200
91100
-272000
118400
-96400
46300
-26300
228500
-414600
173200
-63700
245700
-455200
108400
-112300
102500
-94700
7800
-38200
51300
-1500
-59900
75700
-153600
84900
-79000
57700
-110500
31300
-15100
-18900
-102700
154500
-93600
81400
-219700
193100
-300000
361600
-228100
92900
-307500
222700
-179100
108600
-225200
24500
86200
-80800
45400
-41100
-17100
-40800
64700
-112700
20800
-30100
9400
-77600
125800
-167800
96800
-130600
145700
-235100
397500
-412000
75200
-138200
243700
-53600
-209900
-59100
-38600
50900
25300
-140400
40300
-21100
53600
-74000
-57200
65800
-41800
-6600
-145800
265800
-255800
161800
-57800
182400
-416400
307800
-254100
108700
-229300
118600
-77300
185700
-206200
61700
-111500
-37100
-71800
-10300
46900
-67400
-41900
7100
207400
-181400
79500
-198600
97900
-70200
-72800
3700
133500
-138400
109700
-162900
-112600
1900
388700
-390000
94300
-167500
93000
-53200
180000
-131200
-202800
77400
-45800
-107900
35700
700
41000
-30900
-24000
7800
-65800
92700
-124800
68100
-107900
122800
-190700
56600
-80200
139300
-207000
233100
-372400
196600
-54900
74900
-152300
8900
17800
-49200
-87300
-52800
-9800
50500
-58900
82600
-135300
53800
136200
-164100
2700
-48700
22900
-135700
235500
-268800
360900
-409500
212100
-50300
-176800
-55100
351000
-450300
16600
-22300
140700
-228300
123100
-6100
8600
-196600
50800
-82700
15800
92900
-189600
123900
29900
67800
-230400
337200
-390600
185000
-184400
50600
-63200
119400
-106500
237600
-402700
166700
-167900
264500
-287900
-12100
-87700
46600
69700
-70400
-70500
2600
103000
-114700
-37100
-13300
119300
-140300
26700
-47300
-56100
-6200
70800
-122800
66200
-115900
199600
-339100
293900
-218600
367500
-486700
216400
-274000
140100
-160100
36600
-35800
76700
21100
-126400
-75900
9800
131300
-152100
54500
-119000
36500
71500
56000
-179600
26100
-49100
121900
-274600
156100
-134700
204200
-185200
144500
-227000
254300
-393200
62900
-20900
135300
-300000
33500
60500
54100
-45000
-14100
5300
-159600
192400
29100
-221300
-24900
129800
-15500
-35600
-112400
135900
-265000
171700
-249100
230800
-256100
606900
-510600
-37000
-142300
96200
-26900
-48300
-20100
-15500
73600
-22300
-86300
5100
49100
-54200
-21100
-117300
135600
-110100
-30700
-55500
129700
-304700
275400
-279500
235900
-222600
334200
-343100
95200
-75500
183800
-270800
32700
-57800
-66200
47900
-58000
-31500
-18100
180200
-77800
-89600
-72700
103800
-132200
438700
-403600
-60300
28600
49500
-166400
80300
-174800
267400
-299900
219800
-123300
197800
-107400
67000
-161200
-132200
-9200
-88300
-103500
65800
-39900
35700
-49800
8600
33800
-110700
37500
-44600
-23400
-73000
121100
-60700
172700
-181800
270200
-389100
95700
-215700
330200
-319300
228900
-224900
2600
47800
84800
-313400
55100
-26600
23900
9400
-34100
39300
-105300
77800
-72900
7800
-27600
-118200
-13900
127400
-97200
17900
-101600
213400
-210900
207200
-302300
182800
-230700
255900
-291600
151000
-143900
90300
-12400
-80700
-44000
-125400
116900
-84700
17200
-76100
137500
-36000
-8600
-184000
92700
-85100
-63900
-29300
135100
-70600
6600
-27600
66700
-178000
401900
-554600
274600
-274500
302300
-295300
-42000
27800
55600
-55800
-70100
28200
24700
-55700
-76500
116400
-152200
56600
-32100
-88100
-23300
17200
-40900
108100
-83400
124900
-309200
257600
-183100
351700
-403000
107600
-201100
388600
-394200
-12600
-68500
98000
-27500
-69600
-66000
-13100
63800
-104800
120600
-161300
157900
-77900
6700
-128100
65400
-142200
262900
-298700
206500
-243800
344100
-271000
155200
-283400
254800
-372400
74500
-31800
158900
-267000
50000
37400
78600
-242700
26100
93300
-127600
28000
-86700
71000
16900
12100
-3900
204200
-347800
16200
-157800
183800
-136900
292800
-446600
371200
-139300
23000
-201500
82700
-66400
-73900
-57800
61500
-196800
159600
-37100
-11400
12900
-121500
-21700
-15600
114200
-210900
73900
-11800
152900
-243400
-15700
-30500
121100
-115800
180100
-156000
156300
-186100
271700
-407400
700
24800
4600
-124400
-4300
32600
-78300
79300
-49700
65100
-144100
87000
-133100
91300
-115800
191900
-193400
97000
-103800
-2800
-189700
135800
-149000
261300
-275700
234000
-325100
435600
-323300
-104600
-71400
73200
-21200
-59600
14700
-35300
114900
-44500
-76800
-74200
264100
-272000
54900
-216000
75200
-14800
-79100
92100
166700
-291900
82800
-131400
168300
-243800
292700
-312300
181600
-193500
356400
-374100
-57200
-62300
36300
40900
-184500
17100
19200
115500
-94300
55900
-182700
171400
-187100
2600
-39600
67700
-75800
116500
-124800
72600
-206800
218500
-281200
293100
-284600
250400
-390500
191500
-99300
441500
-500900
1500
54000
-63800
-111600
62500
-57900
102000
88400
-216100
73200
-143400
102000
-183400
279500
-218000
176000
-153000
83900
-231900
287400
-314900
170300
-266800
211700
-161800
65600
-174500
62200
-50100
-40200
-129700
101100
-56000
22900
8000
-154000
111600
-28000
169200
-275600
347600
-364000
171000
-238900
129200
-158700
283400
1326500
-1503600
-192400
391400
-366900
203800
-251400
24800
-50900
143900
-86400
-145600
-28300
58100
-44600
-25100
62600
-136600
46600
80100
-26600
-127800
73800
-67700
97900
-225900
219400
-191300
-38800
54700
23200
-100700
207000
-321700
158600
-67400
6300
-132400
53600
52300
-29000
-171800
-29600
15500
5900
-10900
-50200
-28000
-81700
212800
-87800
-45500
-134700
-6400
23700
24700
-47300
92100
-151700
111000
-84400
113600
-150600
167000
-333300
88100
-51000
97800
-134600
42800
47400
-161900
-58300
-22800
-2300
43100
-12700
-21400
-100700
119600
76900
-273800
61400
-83200
128800
-120400
233300
-357600
250900
-108900
328200
-429800
128600
-159800
81500
-281000
107800
44700
-73100
129700
-162200
-81800
-31800
64700
-62900
36000
-105400
16100
18600
42800
-21700
-102500
24400
-26700
-93500
183500
-189800
239500
-315300
376500
-331700
368700
-437600
41900
-146200
171300
-176200
-41100
-65000
148200
16700
-164600
39300
-102300
49800
-19900
-35100
-1900
151100
-177200
72600
-193000
131700
-157800
186700
-218000
297200
-341500
463300
-417900
231300
-373900
111500
-71200
84600
-73700
-125400
-38000
88200
57700
-73300
-127600
-3300
48000
-104300
-6000
-44200
97500
-43500
316500
-362700
104400
-252900
94900
-171000
198300
-119500
93900
-83300
307900
-199300
-308000
109200
-49300
-18000
-85400
35000
-41100
-101600
104400
156800
-198600
18100
-98500
102400
-127800
36600
-80700
46000
68400
-58100
-102600
145400
-271100
331700
-380200
267700
-293200
349800
-254000
-65500
-135300
50500
13400
-56000
15700
11300
31600
-144500
80400
-3800
400
-134000
48000
-93400
33700
-108500
218100
-263700
210900
-108400
212900
-412900
193200
-125300
339300
-357300
88000
-125500
97200
-140400
-92100
-61900
76800
-51100
900
-75000
1800
-17600
82700
-25700
-112000
-32400
22600
30600
-105400
-4500
-4600
72700
-62100
179400
-254900
215600
-390700
271700
-225000
323700
-408700
156300
-47500
47100
-157800
-8300
-83800
44500
31700
-60600
-3900
-40200
151700
-145800
21400
-114500
31300
-51700
-40300
-52300
2700
9800
128000
-218200
226900
-290800
499800
-549000
123100
-177700
170000
-153200
175700
-58000
-186400
53500
3900
116800
-193300
178600
-147200
-101800
18200
39000
-15700
96500
-185800
126300
-205700
-13500
516000
-378600
-40500
-43000
-59800
259100
-488700
200200
-183700
229200
-350900
137200
-22600
101300
-240100
-75600
80500
-18600
26900
-39000
32800
-71900
143800
-127000
-138400
-26500
55700
12500
-4700
-10000
95300
-124200
-33300
57700
158900
-391900
266100
-277400
-18300
-58200
44900
-14500
70000
35200
-204700
32900
-46800
-7600
-62700
86100
-84300
-7600
40500
54700
-109900
-75100
-78200
187400
-122200
249300
-399600
262000
-69600
311800
-503300
90300
-178500
131000
-131900
-105700
20000
10700
138000
-137700
-75600
-23300
140200
-167800
126700
-157300
92000
-107400
52900
51000
-87800
-114000
142900
-193700
110500
-152000
377400
-383100
383200
-333400
15800
-54700
95900
-343900
89600
80100
-99800
-99500
139800
-45900
111600
-138300
-172000
76600
-49200
160100
-212600
163600
-150700
69000
-96000
278100
-317500
141900
-167900
178900
-311500
207800
-155700
231400
-287900
56900
-163800
56300
-38600
-27600
-11700
-50600
92600
18600
-120700
13200
-30300
61600
-131300
52400
-62900
58500
-47500
-42600
90300
-227600
248000
-286800
169400
-223400
514300
-529100
333300
-358300
-11500
21200
-49200
-101000
8300
41500
24000
-171300
128000
-56400
36500
-15900
-102800
151200
-205800
73800
-107400
97800
-46200
107300
-255800
226000
-238400
325200
-376500
325200
-377800
34000
74200
97100
-147300
-119800
27100
-53600
29100
-136900
79500
-65300
-43400
32100
55200
-45400
30600
-92600
69000
-170100
16700
-68300
325200
-113000
-55400
-125100
-48300
-43900
140300
-242200
169300
-146700
78300
-132100
-54400
212800
-218600
-81300
-16400
44800
15100
-7400
-92300
54300
-23800
77700
-118500
133600
-222500
76400
-64800
114400
-106700
56600
-183400
277700
-434800
168100
-172000
343100
-344500
49200
-61600
224500
-151800
-172000
-36800
25800
60400
-80400
-54900
14200
181300
-108000
-49200
-122400
198200
-211300
177100
-213500
110300
-114800
123900
-120100
107600
-203800
329700
-478800
72600
-90000
234400
-211900
31500
24200
-92400
47300
-89000
26200
-109200
83900
-11400
-10300
-61800
125400
-178600
40300
-90000
79300
-107100
-17800
-68200
129300
-128400
348400
-394300
280600
-376400
66400
-30800
164300
-206000
183000
-192900
123500
-142000
-107800
41900
-87600
42600
-52200
26500
-31100
190100
-187700
5900
-87900
6100
-130700
183000
-214500
256600
-278800
191200
-162600
46900
-133400
212500
-290800
116700
-4700
-88000
-156600
128300
42400
-108300
-68900
-36200
10900
-8300
40000
-60500
-20100
72000
-26500
-106100
110600
-145900
114600
-165200
217500
-307700
237000
-71200
292200
-522900
19100
-1300
95000
-185000
18800
12700
-35300
13600
-800
-91400
48000
-75400
-63000
-89700
77700
31000
-122400
137100
-107500
49800
-82400
195100
-251300
88800
-93700
264700
-309400
240700
-113300
-181100
-30300
394500
-411900
-61500
35500
-67700
-64700
118700
-28600
-112300
-71900
57200
7100
-24400
-4400
-74400
65000
18500
33400
-150300
161400
-264600
323400
-367800
111600
-183800
269400
-152800
280400
-494000
104200
-24500
69400
-181600
-7500
76700
-38300
-200
-18300
89100
-174900
-3100
-71400
114000
-154200
100900
-106400
92900
-37300
75400
-246400
199300
-178700
258100
-305000
57600
-181400
347600
-226900
-47600
-150100
22000
-46700
14700
63500
-137200
116300
-23000
2100
-143900
139200
-108300
21500
-55000
28400
-105700
445800
-473500
134600
-198700
98500
-138800
362200
-412300
325400
-356300
-51800
116800
135200
-298100
-3600
32800
-75400
12300
-14400
-23100
-10200
-24900
75700
-89800
-80300
74400
-162700
80000
-74600
55000
-138200
292400
-225100
235800
-314200
220900
-329000
272900
-241800
302500
853800
-1204500
64900
-48200
29100
-116300
-106400
41400
-2800
14200
-6300
57000
19200
-227200
175700
-180700
65900
-111400
103600
-165800
199400
-169300
201000
-205000
197900
-354200
139300
-176400
269600
-282000
57300
-71000
36000
-16500
-77800
-21200
-38800
6900
5800
-1900
-44300
6400
51200
-75500
-155000
91700
-78200
68100
-54500
86400
-186000
322400
-242700
98500
-162600
313700
-451200
50100
87700
-194800
37800
22300
12900
-162400
32300
-1900
-53100
34900
-59700
8800
24400
-2400
60400
-154500
177000
-306500
116500
-147300
223500
-240700
286200
-198600
293300
-434900
51000
13700
255400
-516400
151900
-168400
34700
60700
-89000
-92300
28700
107800
-98200
-76800
-55600
108500
-46200
82600
-107200
210200
-289100
61800
-179800
220500
-243100
308400
-296700
319800
-295400
202200
-290000
245800
-309800
35700
-42100
-24800
-124000
98200
-23900
-11400
-148000
152600
-91500
-101000
174600
-190500
228300
-155200
94600
-162900
22300
-108600
228000
-212700
157300
-164000
60700
-14100
274800
-558200
85000
-59700
163600
-278000
46300
-2100
73700
-11800
-16200
-166200
35600
-47600
63500
73800
-110300
-29400
-19500
23000
13800
132600
-213000
2500
-222400
169500
-51400
286400
-460400
314000
-240800
87400
-196100
65100
-108500
8400
30000
-53200
20800
-200
6700
-104200
-114900
136100
-17700
-12600
-14700
-133000
109300
71500
30800
-132600
125300
-261100
357100
-365800
245900
-281100
396900
-357700
190200
-382600
33100
24200
-19400
-100900
72900
-32300
-55600
135400
-81900
100100
-186600
125400
-233100
156000
-119000
72600
-178000
111200
-23600
-39900
-39300
78200
-174800
361000
-514800
337400
-176400
142500
-61700
-136600
-119700
-28400
-44000
100600
2500
-68900
28800
45900
-136600
-19000
-7900
10800
-41900
-36400
211700
-255500
-38500
68400
329700
-507600
328600
-324700
208500
-304900
191600
-134600
44300
-80200
43100
-175200
90800
-82400
63300
-146800
-20000
-4100
9700
65700
-45700
76100
-163600
267000
-373400
125300
-54400
229200
-272000
146200
-77000
55900
-318800
251500
-216100
310300
-423900
116900
-155700
523400
-460500
-56500
-35500
21400
-8200
-54000
-17700
-16700
96400
1500
35100
-203800
38600
-67500
-18300
-77100
205500
-228700
178500
-182300
229500
-328400
512400
-490200
268600
-304300
289800
-296200
-800
-50700
68100
-143100
-38600
73500
-81300
85800
-125300
7000
-23700
97400
-11500
40200
-240000
97600
-88100
46200
-215000
241500
-214600
339700
-293200
149400
-292700
510100
-514500
-56100
-39100
65800
44000
-42400
15000
-119000
40800
-63100
-93200
32600
34000
6300
-11300
-107600
185800
-258800
144200
-138300
294800
-365000
328900
-484000
355400
-200100
285900
-334100
446000
-536500
82100
-53400
-5500
-111600
-15700
198600
-155500
-128000
22700
80900
-74700
-93400
200
156600
-136700
190000
-239800
37000
-109300
127500
-140900
43500
-116000
220400
-8700
-24700
-109200
249200
-486800
326700
-298400
31000
-130500
75500
-26200
50800
13800
-123800
74500
-76400
-79600
13600
-22200
-79700
68600
9000
32200
-183700
151700
-188300
245900
-293300
146800
-108100
317800
-260500
102000
-211100
162700
-267600
64700
-23800
-65600
-77500
1400
62100
-17700
-122500
27200
-41300
20600
4700
-91000
98200
-181700
205400
-133300
93100
-210100
157600
-146000
166800
-218200
194400
-329700
308500
-130000
106400
-293300
75000
-66400
-61700
-84400
1200
-20300
164400
-25700
-80500
-91500
48200
-167000
-1900
131600
-106600
113300
-141100
350900
-434100
305400
-303400
312600
-493100
383100
-222900
318500
-366000
48400
-103500
66500
-237900
125300
-133100
118200
-91200
-73000
104600
7100
15900
-81000
-45200
-32400
36400
-22300
38500
-73200
110500
-94200
39200
-196100
133900
-202700
429100
-482000
137900
-126500
376000
-476200
-10000
-8700
-20200
7100
-60100
-57100
36900
84000
-6100
-5800
-102100
17900
-77800
42800
-46300
-19900
-17300
-48000
29200
309400
-468900
351200
-385900
211900
-266200
410000
-395000
32900
-32800
78600
-123100
-18600
-105400
41200
-60100
108300
-90800
-103500
78200
-7300
62100
-107500
144500
-278600
1785800
-1702900
152500
-163200
41600
19400
48000
-257400
317800
-329800
47300
-129500
112500
-122500
94600
-41300
-164100
11200
-65600
72900
-39200
-48800
-18300
65600
6700
97900
-252100
88800
-43600
-47800
-128600
359700
-354100
190700
-210600
204600
-283800
480400
-498400
185700
-235300
41800
-29700
24800
-34200
49100
-170900
31800
-37400
-9300
-7500
-4800
18700
-103100
209400
-161800
164700
-281400
117200
-144000
-38500
-37400
225000
-209700
304200
-353800
244900
-370800
341800
-286200
89800
-141800
112500
-189300
71800
-73600
15700
-79700
1300
-78200
41300
1900
-88000
144100
-70700
136500
-245300
86500
-151600
154400
-144100
163200
-268100
119700
-103400
482400
-676200
315700
-217600
131400
-158700
-37000
-57500
61700
28400
-9500
-107500
-63100
101100
-77700
-3800
-89800
107500
-126900
167500
-153500
25700
-33100
38000
-153700
269200
-217300
251800
-354000
261900
-236700
281600
-418500
33300
-110500
166300
-180200
-27700
-40800
115000
31700
-110800
-25300
-39800
93700
-130100
84900
-109100
-25200
77100
142200
-277600
89500
-59100
109700
-294000
249900
-219100
432100
-453700
189600
-302800
67400
-43000
73700
-192900
63400
8900
-60000
29100
29300
-57500
-102700
52600
-86100
94900
-43000
-142000
5900
190200
-43000
-129100
-109600
256700
-201500
239300
-360300
294100
-235100
125900
-60700
-37000
-213500
73700
-23400
-49900
-3200
-54000
31700
40900
-103600
-82400
17200
75900
-93700
-52100
109600
-46400
-67200
90400
163200
-381300
234800
-164300
203300
-377700
292500
-215200
175800
-201800
13400
-125000
83800
-222900
67200
-23500
27900
-52000
-25100
46800
-7500
27000
-142500
161800
-178600
15400
-90900
170800
-201400
182000
2000
-44600
-175200
84700
-157500
427900
-415800
228500
-377700
431000
-302300
-154200
-700
-43200
49000
-13100
-11800
-67200
12700
53800
32000
-194200
99400
-111500
68800
-81600
231600
-204400
-8100
-124200
286600
-376800
327600
-351800
283100
-313800
263000
-265800
122200
-65600
-14900
-109400
-19700
-45500
-31800
-2900
55100
-94300
-120200
116600
-22200
98700
-179600
17700
-48200
73800
-128900
510400
-559900
393500
-247700
98900
-326900
467900
-423100
212700
-350000
67800
-10900
152500
-230100
-21700
7100
-66100
-4000
-20700
155800
-169200
-28000
11700
95500
-119900
-43400
-50300
316800
-411000
239200
-250800
139200
-119100
320300
-346200
243000
-344600
268800
-297300
56800
-96400
30700
7700
1100
-54700
-83000
107900
-91500
103400
-218500
125600
-33600
11700
8000
18400
-111300
-83300
-129200
418900
-382600
278300
-208400
101400
-177500
361900
-405000
102800
-97400
-20700
-155500
132600
40600
-82700
-23500
-48300
-65500
-22800
-49100
13200
7400
-149800
124100
-22500
94300
-192000
129200
-151900
80800
-123800
49800
-185900
181500
-45200
273700
-376300
62500
-175700
170700
-218800
70800
-83600
47900
-66000
40600
-120100
-5800
49600
-47800
32200
-97900
92600
-89700
278100
-200600
-85000
-106300
189700
-150600
172400
-214700
189600
-346200
321800
-255400
220300
-416900
98000
-48200
159500
-227000
-42400
32600
114800
-24000
-133800
53800
-131000
142400
-109000
80400
-151700
38200
42700
-69800
-32100
84600
-135400
181400
-152000
50000
-224000
436500
-346600
118700
-315100
101900
-73700
-9200
-6000
-40700
-20500
-20400
21400
112000
-149200
-49200
194600
-256400
63800
-65100
-23100
-58600
135500
-3200
-94200
-112500
206200
-194200
365600
-488400
150500
-180300
533100
-470300
-17600
-119600
60400
-71900
-35800
-24300
47500
42200
12700
-113600
-34600
91800
-60900
34300
-191900
29900
83000
-125200
79900
99600
-281300
166400
-233600
161300
-139000
451200
-560100
240900
-179200
239700
-421600
76800
-52600
94500
-113500
-66300
-6400
14200
149000
-106400
-92000
-45300
101900
-17700
-54300
-168800
127000
-108000
297300
-280900
166400
-265200
66200
-128900
187600
-183700
345500
-407100
69400
75600
-230300
68200
20000
-154900
-21100
120400
-117600
10300
5300
143300
-149200
-14400
-132400
76200
-133400
327100
-375600
107600
-15000
121100
-232800
98900
-144000
238400
-329300
75900
247400
-186700
-104700
10000
-53100
-21500
-67300
40100
-70400
-37200
38400
4100
-18900
-60400
-51400
7600
-17500
-89200
82100
10100
-8100
-197600
261600
-181700
372400
-526100
150900
-164400
79400
-60800
-3100
-112700
165900
31700
-189100
1600
-65800
95600
-71100
16800
-155200
149000
-25100
-37600
-120200
27900
33400
-62700
-36200
158100
-157400
110600
-114900
189800
-392500
326000
-309700
227900
-216800
42100
-64500
-1200
160500
-165600
55200
-151000
9200
-80100
84000
-27800
-65200
-45100
148400
-67000
-138600
51200
31800
-53700
-9500
-79700
74900
-107100
296800
-392600
131800
-175300
430600
-618300
279300
-143300
123600
-136100
117400
-99000
-36800
-36000
-21400
-53400
-22000
36300
-43600
87200
-89200
33200
-76300
-94100
-4800
140600
-139200
161800
-210900
213900
-133500
237000
-402900
-5000
-28200
126600
-258700
104800
-38800
-64100
154700
-143500
-128900
16900
163200
-156300
9800
-51600
2200
-54000
271700
-251700
-55300
-100300
267900
-279200
227200
-248400
311800
-329900
213000
-120800
62800
-297000
64200
81100
-159400
52300
102900
-252200
103900
93600
-181900
67100
-138900
47300
-93400
107000
-122600
24400
50000
33400
-197300
76600
-90800
150900
-157800
162100
-231600
445300
-515600
206100
-113200
67300
-242000
-62700
31800
46100
-13200
-30900
94900
-140800
-21700
45600
-161700
-31300
51800
-47100
17400
-138000
209700
-109300
126600
-168300
60800
-173100
323600
-357600
429300
-447900
249800
-138400
-58900
-117000
-17200
60400
-84800
-52300
-22400
63000
107300
-186600
-23100
-38300
-15500
-6800
-94000
16000
-38700
147500
-38900
67300
-268400
286300
-285600
69000
-163200
169400
-69900
-66700
-68400
156200
-159100
34100
-113000
-34400
156700
-67600
-27500
-174800
152400
-74600
60600
-146300
117600
-142000
39500
-120200
195600
-228800
265000
-193600
197700
-322500
419900
-406400
286900
-381100
37200
20300
117300
-145700
-68800
25000
-104100
63700
-104700
126300
-165200
33100
13800
76300
-148100
85700
-212300
63200
61000
137300
-264900
89600
-30500
65000
-171800
66200
-66800
213000
-326200
-23100
44000
24500
-138800
36900
-5200
-68000
-100100
-19300
12000
57100
-71800
9600
132200
-66600
-115200
-114500
18600
-34700
59000
-107600
228500
-263100
328900
-242500
180300
-349200
521700
-559900
199600
-246000
105300
24300
-105600
90000
-8700
-183400
-1500
6700
105100
-174600
67300
63100
-71500
-12600
-103700
39000
-95300
47800
-62600
95300
-274400
191500
-71700
405000
-439800
22300
-138200
297800
-340500
117000
-152900
115700
-56100
-77300
-113000
32600
25800
-16500
-34900
-49500
97900
-110700
162600
-165700
-36800
-81300
114500
-123400
257700
-334400
227400
-229900
124600
-167000
343500
-478200
202700
-168600
183000
-201200
35400
-110000
86800
800
-72900
20400
-25300
20100
-108200
74100
-58600
44200
23200
-97500
-39600
2800
-74100
142600
-232700
411300
-484200
206100
-47700
366500
-543000
-2300
69500
-23500
-40100
-81000
5900
-24000
59300
-69500
56600
-140300
18300
-48000
15300
-125300
138500
-156700
181100
-112400
-6500
-97500
172000
-180700
102500
-164300
378700
-435100
262400
-282100
317600
-320500
-10300
-95300
25800
-89200
35200
-59600
110400
-9300
-72800
60800
-91100
31200
-124900
-6100
-1400
105600
-125500
183200
-170600
-44200
-166400
320700
-331600
261100
-291300
112900
18000
208600
-334100
-117200
143800
-136100
-128900
67900
-28500
52600
42200
-30600
-216000
72100
13900
-63800
162800
-91600
-157400
31600
184000
-106700
-44900
-168600
144700
-137800
432200
-610900
225300
-47900
225900
-251700
-33700
-20600
-13000
-131800
15400
65400
-4900
-56500
70700
-33400
-131700
110900
-200100
127900
-105800
2700
-108700
153800
-114100
109400
-257000
220900
-209300
445700
-481000
155400
-142100
423100
-470100
8400
-77700
50900
-160700
23400
-13800
23300
-22400
-73600
144700
5900
-64700
-37700
-81700
84200
-112900
6400
88700
-164200
276200
-312100
248600
-249100
137000
-240700
510500
-499400
-148700
27700
125800
-24200
-71700
-49400
-21700
-26100
17500
-49400
15600
210400
-255700
54600
-113000
76700
42500
251700
-385000
40600
-126600
81300
-70400
196000
-301700
333100
-484600
194900
-155200
319500
-302900
-50900
104500
-120600
-93800
-6000
-36300
45000
-97900
700
134800
-178400
201800
-173800
-7800
-74000
125400
-240200
88200
-38200
186100
-316600
447200
-317500
192700
-301000
134600
-164800
-7000
-191900
166200
-143000
229300
-148900
-44800
-65800
-35400
11400
-25300
10800
-54700
99400
-1500
49100
-225200
35100
-124600
400800
-514200
361200
-230300
104500
-270800
281900
-177800
341900
-519300
105800
-14100
49000
-172200
10100
14600
98200
-199600
-13700
-48400
5900
114600
-103400
81800
-63300
101100
-113000
-134500
-19200
148800
-303400
294300
-209400
177300
-200600
257100
-256500
83100
-133000
56700
-116400
3100
-45900
-7200
-134800
142400
-37600
-1300
-58000
47600
63300
-205400
63300
-40400
-58300
42500
-38000
-2800
-49500
1800
198500
-279000
191100
-180300
223900
-235300
405100
-584200
22100
-98500
117000
-89900
109000
-181200
29400
34300
34000
-88900
-110500
149900
-148900
-48400
20800
85300
-40800
-19000
27800
-12800
-170400
144600
-217800
238200
-279900
503300
-607900
521000
-375200
-36900
64300
-10200
-180100
60300
8400
-44600
-28400
-10700
27200
-61400
-50100
-35400
68900
-100300
-49300
-19300
51100
93400
-65300
-113500
181500
-210700
153600
-180900
183900
-272000
322000
-314300
41700
-153300
39400
-900
-48900
-57900
-42300
97100
-100100
55500
-31900
-19400
-3700
39900
-134500
126300
-240700
72400
-25300
188500
-134100
-27800
-223000
186600
-139900
424800
-425700
144000
-280000
335600
-251600
-24100
-109000
34900
13600
-34700
-13200
-73600
31400
66500
-117400
-42000
94300
-59100
-51800
-40200
4100
-3500
8700
-40000
188900
-216000
118300
-264400
210900
-239900
327000
-422600
151100
-33600
70500
-221200
-88400
22400
37500
10500
-93400
58800
-69500
218500
-134300
-98000
-56700
27100
-12000
-103200
-57000
359900
-359100
216300
-109800
12300
-220100
497600
-490000
296000
-314600
193900
-243400
97200
-67800
1069300
-1194400
36100
46700
-102700
130400
-113700
-16700
-56800
75700
-107000
16300
-56800
225800
-259900
97600
-169400
162900
-113400
226500
-375800
239500
-308100
426900
-424100
-26400
-65700
108900
18200
-41000
-3400
-132000
33800
-31300
-79900
-21900
146600
-74700
44300
-166300
124700
-208600
171200
-138200
66100
-86100
192000
-251800
358800
-341600
360900
-499100
155200
-216200
40600
41700
15400
-108000
48100
24900
-143400
-90900
44300
118600
-138800
67000
-118400
95500
-42500
-83600
-78400
320600
-273400
-41300
-130900
185200
-177200
261600
-159100
170700
-326600
131300
-103300
-37300
-111600
44300
48300
-104100
-20100
17700
-105800
33100
11500
15700
-64200
-46800
48200
-62000
115700
-68400
-94300
-6000
117200
-237800
218000
-158300
172800
-299300
392700
-311800
275300
-465800
56500
-57700
196700
-203200
-168000
32900
111600
9600
-192200
-4400
23000
148000
-155600
64500
-151700
38800
70000
105600
-248300
128800
-165400
171100
-289700
118500
-125700
421400
-523800
287100
-295800
322800
-287200
-94400
15500
30300
9200
-21300
43200
-127000
107200
-137300
-46800
-18200
120400
-84400
35000
-102600
96000
-100500
110700
-222200
244700
-303400
419700
-450400
462900
-546100
302500
-208600
78900
-201500
1900
10800
-48600
-38900
133800
-119200
27400
2700
-126700
31300
-59300
19500
-13300
14300
-126100
32200
83600
-21900
-122200
44100
-83800
198800
-280600
-13000
25000
5100
3500
-1200
-155200
99100
-73200
6200
-98800
70100
-95900
-66200
93400
-31200
89100
-174300
95500
-145800
72700
-72600
218000
-287300
253900
-140900
190300
-326600
339600
-312100
161600
-321600
415200
-446800
162300
-111500
-1800
-27400
-59000
-102300
40300
119300
-160000
53700
-20600
92400
-193900
-23900
-50100
60800
-65700
5600
-44900
106600
-92700
224600
-358600
133900
-155600
345400
-316500
266400
-339300
27600
7100
156800
-332400
22500
29200
8000
-87800
-66300
-19500
55300
222800
-130600
-92300
-113800
86400
-60900
121300
-218800
157400
-112800
131200
-103400
8800
-142100
403900
-708100
402500
-222200
106600
-149100
206700
-26300
-216300
-41800
34800
-107400
-52800
28100
3500
118300
-41700
64000
-201900
13900
-96000
127000
-135900
200100
-226300
388900
-400300
189400
-220100
290500
-549000
226200
-119800
171000
-207400
-1100
37900
13100
61500
-185800
-4000
-24500
115600
-123800
117800
-209300
203200
-32300
-70200
-218900
153400
-106000
71300
-152900
252300
-246800
265700
-208300
-129900
37900
143600
-166500
-42300
-18400
7700
-52200
90400
-24000
-175700
127100
40800
-201500
-66200
104400
-144600
115700
21700
42900
-174500
191000
-359100
282500
-180000
243200
-358600
250800
-173800
163700
-459600
302200
-96300
33100
-178000
-27700
-2100
5600
-33200
31500
-52000
22100
-113500
-32200
87200
-35000
-12800
-138800
204400
-140300
73500
-143700
252400
-293400
153300
-117200
166000
-289400
326600
-252200
181200
-441700
94100
-36100
86700
-135300
-60100
17900
108000
21200
-137200
2400
-58800
59800
-101500
86200
-135100
12100
67300
385400
-517600
133700
-162300
207200
-352100
321400
-253300
382200
-393600
109100
-254800
358400
-368200
76800
-129700
56500
-74100
25100
59100
-41900
99100
-141300
39800
-144400
116600
-156300
156700
-189800
132100
-130900
112000
-242900
247200
-326300
233500
-210500
444000
-537900
254200
-161000
131600
-307500
154500
-151700
20700
-86100
33900
-49700
164500
-44400
-192300
42300
-58700
175000
-191100
36000
-70900
45300
-4400
165400
-442200
501700
-419300
174100
-334900
321400
-152500
174100
-135100
-78200
-33900
2200
-86000
-56000
1400
64800
-127800
90500
-55800
93900
-16300
-154400
94200
-154000
89000
-62800
135200
-218800
205900
-166800
84200
-282500
387800
-353000
211500
-326900
178500
-12500
31300
-201600
-56400
-25200
106800
-79800
24300
-10600
-6100
-5900
-35300
77900
-282200
122000
-131700
189600
-115500
18500
-144000
253900
-157500
-33500
-152500
161700
-126400
302200
-427000
50000
-17900
116300
-196100
122800
-141600
107800
-124300
78700
-60800
10600
-106500
15200
113900
-70300
-31400
-126600
52600
-78900
218700
-289300
163700
-226000
260000
-98600
47600
-265500
111100
-55200
235600
-371900
73300
-90700
42800
-53800
-50800
-32200
-72500
16500
5700
24000
-35400
-98700
100500
17500
-29500
-16900
-137600
35300
-124400
293300
-268000
175700
-36700
174800
-386500
99300
-75300
214100
-331900
3100
69900
-1200
-43500
27500
-160800
66700
-109000
70400
-171700
67100
116500
-100900
99800
-111600
18300
-115200
28000
-139700
386200
-336900
108700
-147000
126000
-95700
254400
-502600
152800
-101300
335600
-489600
36400
-16700
82300
58600
-118800
7000
-117300
191200
-264700
94700
-55200
43400
46500
54300
-81100
-59300
-86300
89900
-73800
142300
-236500
323800
-382600
278000
-399300
364200
-373900
87800
-123200
126700
-260300
140700
-21600
150900
-208900
-800
-27200
-18500
78500
-109500
55800
-71400
78800
-54900
118600
-284200
69400
-11900
94800
-126500
91800
-103600
302600
-374200
-56900
20800
68400
-179400
-21900
9900
-37900
-131300
200500
-32200
6600
-161400
35500
132000
77800
-200900
-161500
27700
-27400
434700
-495900
169500
-144800
181300
-294400
128600
-80500
234300
-362900
220200
-201000
167200
-176400
-20100
-81500
-19900
-79900
25400
64600
37300
-62300
-65300
49900
-101700
65000
-144400
36600
-89900
177400
-110000
105900
-224600
250200
-274800
221700
-382300
480000
-503700
386400
-243700
-6200
-4300
-56000
-126300
48600
-61800
59000
-109800
99900
-51500
-63100
42900
-125700
177100
-215300
103700
-151300
451200
-513300
336500
-325100
280800
-325000
274400
-276200
262500
-358000
56000
66300
49300
-282300
23600
-11200
72000
-135300
59300
-81700
41800
39500
-95400
40800
-19600
9600
-171800
95600
-65600
99600
-168300
312600
-273900
237500
-463900
404100
-303000
185100
-219800
178200
-229300
81400
-90600
53200
-140100
-10200
-56400
-8500
34300
-45800
-93500
144500
114200
-190000
103400
-206300
-2200
19700
221700
-223900
95000
-113000
121300
-249400
105100
-66600
360100
-523200
188000
-223700
135700
-93200
-60800
-98800
25200
2500
-46500
-60600
79900
-39300
-76300
211000
-134800
36600
-21500
-77400
19000
126900
-124100
-6500
-138900
141200
-107800
265800
-376400
140900
-108000
9000
-169100
122800
-132400
120700
-101300
-81800
-19200
-28000
63900
-59100
-36700
-82300
131700
-36600
-16800
-89600
-4100
-8300
-6000
-129400
399600
-397900
179000
-195000
202900
-289100
536000
-647100
203700
-201300
283300
-254800
11400
-28800
32300
-51500
-67200
-2200
-64600
106800
-68400
-96900
5400
91500
57600
-147300
-131000
142700
-90100
118800
-210400
177300
-228300
487400
-346600
65500
-254800
283400
-337300
62400
-22900
-61600
-10200
19200
-54900
-35000
-11900
13500
-92800
12900
99000
-97800
74300
-84600
113900
-140300
80400
-222900
283500
-276400
143100
-275200
452700
-347100
197800
-330600
305200
-288600
-72800
-55900
68200
-14700
-98600
47000
7600
-6300
-105400
-22300
-28800
14100
-9500
114300
-108200
178800
-220800
38000
-129200
140000
-201900
311600
-469600
432200
-358200
540200
-605000
60100
-91800
35900
21100
-68000
-17100
27900
-106100
131700
-24400
-110100
-67300
31700
-12900
-68300
86200
-102800
158600
-85500
114500
-285100
226000
-230100
25400
-107800
189300
-146300
228500
-265200
164900
-251600
57700
-188700
83700
-65900
64500
-184200
78900
25700
70400
-111400
-126500
79500
-61700
92600
-127300
125300
-158400
174200
-7300
66700
-246200
97400
-129200
460800
-686000
337100
-178100
186300
-35100
-187000
-194400
83800
-83400
90000
-127100
38400
-45000
64800
-37100
-46400
143100
-248600
126800
-104700
110500
-238500
183300
-21600
42500
-230800
309100
-311600
159000
-290500
394300
-368800
41500
-13500
66800
-105300
-59500
-11100
-27000
46900
-37600
53000
-149500
87800
21800
-75800
-70600
-48900
4300
27300
-190100
233600
-141700
265700
-280200
-30300
-85800
445900
-443500
158900
-249500
67300
-80000
155500
-142900
-10500
-46600
-44800
21300
-44200
-10300
-60900
33600
-25300
200000
-285000
71200
-127600
109700
-158900
455300
-488800
268700
-228100
86600
-229400
400800
-451700
135300
-240600
134000
-42700
17700
109800
-161900
-19200
-102200
-236500
168600
1700
43800
-20200
-124500
176700
-123700
17300
-86100
129200
-202700
199300
-223500
20200
-57300
262800
-152900
205400
-401900
138500
-41200
39400
-186600
23700
-59200
97100
-78500
-89800
37400
44600
-132200
-26200
66200
-51800
164600
-101300
-4800
-171500
109600
-202400
407800
-436800
295600
-255200
155500
-145300
366500
-498600
171000
-284900
173600
-27800
-83300
-108000
34700
99400
10200
-166300
-22900
92900
-137800
3500
-52600
-25200
45100
114100
-46500
-119300
-75400
71900
-90000
144100
-256500
379900
-366800
446100
-404000
364100
-542300
128700
113600
-148800
-112000
62000
-21500
85800
-109000
-87500
114900
-111700
16300
-88100
86900
-52300
105800
-196100
138400
-186000
106200
-92500
223200
-348000
422700
-417700
294600
-308700
252900
-281400
140800
-213500
-14600
-42700
49900
-72200
31600
-15600
24300
-112700
-38100
-14200
-50800
147900
-88400
-14800
-44500
131700
-113800
-83500
-112700
257000
-241900
348100
-382400
150300
-195400
558700
-408900
-187000
-66600
78600
-119400
127000
-168900
65400
-87300
500
8500
-91700
147800
-202400
170600
-207800
144400
-172800
98000
-2500
37800
-89100
202700
-336100
309800
-311700
393700
-480900
185800
-60500
167700
-441300
162400
-132400
64900
-115700
-28700
-400
-5500
149200
-103500
-73300
-44900
169600
-215100
199100
-161300
76900
-147600
264000
-336600
131200
-122500
217900
-306900
290100
-214800
270900
-374500
53500
8300
-70300
-161300
82600
-72300
14300
-77000
66600
119600
-143900
-70500
-56100
94200
-64300
8600
-114600
56500
-62700
124300
-81500
170100
-361700
464700
-482800
413500
-432300
276400
-250700
15700
-52400
81300
-109100
23500
-90900
-57400
21700
-41000
-117300
88600
26400
36900
-68000
-98900
89800
-123900
102800
-129200
256200
-277000
261200
-212300
-34900
-263000
768900
-575200
94700
-120800
146300
-224500
177700
-176500
-141100
-26800
6600
31500
-40300
24600
-73000
125200
-52800
-6300
-177800
87600
-43900
416800
-450900
58600
-78200
106200
-147900
184200
-322500
401200
-402000
143500
-248800
353400
-395900
119400
99600
-9500
-247800
33800
-50700
-55700
-46200
47100
88500
-158800
143800
-74200
-168900
53900
371000
-434200
131500
-69500
215300
-289900
249400
-229900
328400
-413900
116100
-159700
78500
-252300
118900
-5500
19900
-32700
-179000
26900
26300
16800
-67100
17200
-70500
59500
11200
-43100
-123400
25700
19200
-15500
-66300
151900
-208000
221200
-297700
229400
-373300
404400
-252800
43500
-258100
290300
-211900
-55500
18700
80700
-106000
-53900
45400
-178600
237000
-175000
9500
-47100
211000
-76200
-157400
-75000
250900
-224200
175000
-303100
218900
-199700
458500
-467000
107300
-166300
26800
-68000
40700
7600
-98400
78300
-62300
-4100
-67700
10900
-114500
61200
-46400
103700
-132800
110700
-109100
29200
-50900
88600
-128500
56900
-126600
156000
-318100
217400
-153800
367300
-538600
81600
20400
29400
-164400
40800
-63400
146600
-93000
76300
-175700
-4200
68900
-67200
17200
-108700
102900
-118900
23900
-34400
-17800
27300
133500
-221900
98800
-130500
343400
-314200
115000
-151000
-19800
-138500
226400
-303000
-1800
21400
15000
-20500
-17600
96700
-185800
42000
-100300
159500
-178300
15100
-89500
248400
-181300
11500
-128700
191800
-184200
223400
-348100
173500
-109500
201400
-291600
310100
-492700
238900
-122600
-96500
33400
43800
-75500
21000
19300
-26200
71700
-152100
38900
-128700
99200
-70500
149200
-230600
160100
-50700
73600
-201500
98900
-158400
359300
-519900
241100
-212400
430100
-377000
-11700
-116800
16800
71500
-20400
-92700
-48200
112700
-27800
-37900
-87800
-17200
-36800
-2500
-46500
260400
-260900
55100
-63700
142100
-244400
216200
-323600
147400
-161100
287900
-321700
122400
-46200
-7300
-151400
53300
-104700
33000
-24400
-96900
-6200
27200
189100
-164600
125400
-247200
77100
-49400
118500
-192700
91200
-105600
209500
-178200
-35600
-34600
289700
-469700
237800
-208500
172300
-218100
89500
-57600
-40600
-111300
-37800
10200
21500
87700
-107000
62500
-44800
160800
-256700
108700
-131900
11800
-57600
79900
-216500
297100
-220600
374100
-424300
164500
-380300
385500
-280200
170300
-176400
-6400
74700
-37200
-135400
-8000
56300
-72600
-45400
300
119100
-146400
-19200
61500
-81900
2200
-53700
-38700
49800
-101800
137700
-236500
256300
-155000
216200
-367400
227400
-231300
178600
-230500
170300
-221800
178900
59600
-258800
54700
-128300
101500
-57700
-17900
-36600
-9200
6100
25100
-189300
234800
-180900
-65600
-40200
109100
-166100
314000
-247700
224100
-395800
337400
-292600
48700
-158400
131500
-8500
-125100
96700
-63200
-73700
23600
-111900
63600
3200
17800
-57800
-87300
88900
-82700
-30100
-119700
219200
-230500
221100
-285100
262800
-303000
463200
-392700
233400
-389900
125300
-98000
103400
-242300
62700
89000
-19900
-78400
-36600
-14600
71800
-77600
-126700
55000
-47600
62700
20300
-33100
-121200
147200
-109600
176500
-278000
344400
-401300
216900
-209100
178500
-195800
126200
-221600
-13000
201000
-246100
-47400
200
93300
25300
-67900
-57200
-13400
-33900
-8400
-130300
120600
-140300
170900
-85600
34400
-177600
244400
-286100
91600
-113500
370300
-436400
405500
-353900
-70900
49800
-45800
-141100
23400
69600
-66600
69500
-68500
-22000
-87500
150300
-186800
80900
-139900
129500
-147000
138900
-81900
131200
-206400
120400
-184600
127900
-173000
318900
-467500
186500
-57700
302500
-429900
-3000
-32300
-25300
83400
-73200
30500
-75100
18600
29500
-138800
117500
-218300
-8300
103600
-95700
-900
-43400
137200
-72500
-38000
-157500
183700
-37200
209000
-373600
261500
-239900
76400
-99200
38400
-161700
-40800
11800
4200
-61000
31700
35900
66600
-116500
-24200
-2800
-6000
-106400
-58000
97500
-129800
92500
-24200
268400
-522300
462900
-335600
166400
-225800
239400
-251900
48600
-92400
100900
-64700
-84700
-35500
-42300
-800
3900
-114000
105600
-50100
78100
-39600
-173600
23600
-68700
34600
-2400
250300
-323600
261400
-214200
37300
-156200
158000
-190600
209900
-252200
32300
-51400
116200
-131800
-67200
-42800
62700
-121900
90600
-72400
73100
-46200
-35400
8800
-52100
89800
-141000
195400
-237000
132900
-243400
328400
-227100
101900
-282600
178700
-146400
219100
-273100
7400
28900
122100
-136800
-47200
-78800
-33700
-89900
33300
99100
-62400
67000
-93700
57100
-116900
-94100
-2500
115900
-190500
152100
-192800
225600
-241800
298700
-285600
190600
-218200
15500
-52500
231300
-382300
151100
-158700
23400
20400
-118400
3600
6500
126600
-145600
-8200
-76000
111000
12800
60100
-234400
103200
-54400
-25200
-110400
173300
-142000
157500
-216900
208800
-252100
250100
-383800
124600
-145900
194300
-147700
-9500
9300
47900
-167200
-37000
165800
-187000
129100
-167600
25200
35200
57800
-94400
85200
-218900
-6000
17100
279100
-403000
372300
-443900
274900
-229800
175200
-153200
19500
-61300
-118300
-8800
319400
-358600
19300
-18600
-4600
60800
-162500
111200
-133400
93900
-150600
134400
-96100
137400
-172300
139300
-255100
266500
-240000
275500
-302000
109600
-59100
180200
-377600
54800
-43100
39200
-196400
21500
24100
71400
-136400
-48300
-42900
800
146800
-202000
210200
-247200
86700
-93300
262400
-260600
18800
-55400
147300
-176000
150300
-140000
294600
-541300
238700
-168100
65800
-189500
-9700
-27700
25200
94800
-125000
-17000
55000
168500
-231000
-89800
52000
28200
-74500
51000
-140800
22700
95200
48900
-177100
111400
-146600
298700
-450200
174800
-188000
304400
-203600
-54400
-111300
1000
59400
-29800
29700
-143100
170700
-170100
2000
-18400
-165300
106400
173200
-159700
175700
-300800
9000
-128400
487200
-353800
142600
-321200
184900
-181800
334600
-298800
96300
-235900
289000
-202300
-170100
-16100
78900
-36800
-64400
-7100
100
72800
-21000
8600
-59700
-7800
-57100
-52800
-73400
69500
-105100
243300
-26100
209500
-463100
409600
-482000
391000
-359800
212100
-320100
113000
44300
17800
-234800
68200
-54800
11000
-38900
9000
-88800
1300
146700
400
-52400
-74400
28700
-204600
182000
-179100
112600
-151900
212500
-165200
300100
-452400
246400
-298700
374400
-286300
28700
-26800
-87900
-20400
136600
-153100
-20400
-75600
2200
-4400
-107500
-29700
106000
52800
-231400
240400
-235700
46300
-155200
270100
-235700
261400
-259100
142700
-252000
188300
-82800
74100
-195400
28100
65100
-100100
69100
-105200
33300
-118800
-112400
77700
54800
-137100
-4500
71100
6100
34700
-142400
-79700
67500
-149200
169800
-132200
101500
-250400
470500
-320500
113900
-283100
84700
-8600
134200
-349100
81000
5500
74700
-74600
-52100
-62400
-29200
92200
-63400
-75200
-45100
40100
87800
339800
-498100
118900
-132800
62000
-161400
234800
-223300
381000
-373300
235200
-372300
48900
-51800
111200
-51500
-156900
96800
7500
-74300
76500
-183500
3700
21300
-46400
-11300
-58900
86700
-220600
126300
-28400
-83700
78700
49300
-120100
15200
-117200
398900
-400200
254500
-266800
260500
-329900
-60800
29900
-42700
16400
-15300
72900
-59100
53300
-73000
-32000
-113100
35700
-51300
57200
-133900
27600
111600
-60500
-177400
129900
-87900
86500
-133400
132200
-184300
308400
-366700
176800
-208400
111600
-134200
-96200
68800
-40300
145200
-166400
102300
-91800
-28400
600
-110500
-30100
48400
15700
-43300
-59300
194200
-101100
-104700
-123800
93600
-114600
420200
-621900
268300
-78500
290500
-361300
16900
95200
-21900
-140100
9500
153400
-275500
-23100
127600
-87400
-79500
67700
-56600
51900
-198000
141800
-114900
52300
-5300
152500
-300900
260300
-290100
278000
-323400
428200
-462900
39300
2500
23300
-136900
-62000
-27600
52900
16400
-44100
-37600
29700
74000
-75300
-60500
-97400
72800
-4900
-20900
-165100
321500
-311300
258500
-207500
34600
-233200
490200
-463400
188200
-268600
318100
-243600
-19600
-23200
-53900
-12000
6400
-105500
15800
129100
-157500
6500
15800
-29800
-4700
19500
-96200
-17500
-400
-32000
-140900
302000
-306500
447400
-402500
209600
-334000
456700
-504300
34100
4900
135200
-107500
74300
-232200
12900
50200
-72000
75600
-141300
64500
-53700
97200
-134800
159400
-224000
34900
-91800
339700
-331300
36300
-180400
315900
-250200
326700
-534800
398700
-197800
216100
-352400
320000
-454300
128100
-42000
-56600
-87300
91100
26000
-118200
11000
-15200
95300
-26300
26200
-141000
7400
-4000
-33400
-147400
314200
-334000
290900
-227900
113000
-218500
320600
-411900
281000
-217400
-91400
10000
63100
-64000
57200
-197500
63500
-66800
26700
-48000
-45800
167400
-171300
171600
-102700
-29300
-133500
475600
-536600
232500
-239900
230600
-256700
146400
-59900
169400
-407700
82800
129100
-55600
-178100
116600
-39800
48600
-133200
-23500
-67400
86400
-181700
28400
132300
-96100
89800
-189300
136600
-179300
10500
-101700
294600
-264200
199300
-374600
390200
-263200
413500
-543900
69600
-112700
73300
-62700
-99300
18600
-9300
151100
-65600
-95200
-60900
140100
-163100
123000
-98300
39700
-182100
326900
-394800
160500
-110100
244800
-319200
201200
-226700
435000
-439600
224000
-240700
190100
-223400
-45000
-46200
7800
1500
-60700
8900
118300
-99000
-132500
207300
-193800
108300
-128800
13600
-78500
26900
88300
246100
-589000
343400
-338300
182600
-164200
200400
-135600
356700
-448600
123400
-173900
39400
-59600
-53100
10700
-11800
-120600
46900
1100
78500
-47200
-141300
57400
-56000
129100
-182100
96500
-180100
194700
-46300
28700
-161900
209900
-320500
158500
-186400
232300
-274300
313200
-298800
-22000
-28000
23900
-115400
-3000
9800
28900
-37100
26700
-75200
-49900
53900
-81200
57600
-147900
155600
-167300
453200
-378800
232700
-376500
105800
-209500
259100
-155100
268700
-459900
77100
81300
126900
-338200
70200
-44100
1300
-148300
129700
-114200
119200
-48700
-32900
-73800
-15100
125600
-116000
83800
-170000
124700
-144500
228300
-240900
212700
-261200
326100
-332300
114100
-170600
174300
-249800
164100
-23000
-248700
-30700
129700
-104600
89400
-88300
-150500
91900
-4800
194400
-296600
113500
-185400
150800
-165900
263000
-303100
184900
-97300
214500
-284600
118700
-259400
311400
-302700
-12600
-87400
87600
-2900
-41000
-128200
45600
-11200
-19100
-39700
-9500
90900
-103600
105800
-100900
37000
-75100
160300
-146300
-41200
-90500
111200
-182800
212100
-183600
348200
-589800
334800
-283000
202600
-195900
13100
-119900
170600
-9100
-132400
-43500
-63100
129900
-91100
64100
-186400
91400
30200
-69600
-87000
54800
-4700
-61300
-79800
210300
-233900
189000
-163200
165100
-333000
437600
-300300
-22500
-193300
147800
-116600
-60800
58500
125600
-98100
-88800
-43000
-30000
130300
-109700
-65400
39900
118900
-74100
-147500
-31900
179000
-290800
309700
-286300
181900
-233200
507000
-449500
104500
-162400
136400
-334100
100600
-97100
113200
-107000
-113800
114400
-64500
94300
-127500
58800
-59500
58100
-89900
88100
-134800
107400
-98400
-32200
-149300
179300
-148300
302800
-209300
262800
-379500
397600
-491600
-37100
-54500
125700
-43100
-86500
-14000
700
83300
-49300
-85900
-48700
48500
-11800
-81900
-54600
226500
-242000
162900
-101000
114000
-188000
166500
-264400
211500
-303700
418800
-370800
213700
-284100
118600
-121500
97700
-191500
96800
-142900
138300
-90100
-43400
68300
-129700
-145400
139000
800
-61900
11000
-125200
27100
25700
74400
-118600
226100
-324200
260200
-298000
176900
-204900
114000
-22400
172600
-310600
50600
82700
-149100
-38200
-47300
45900
-6800
-61700
98000
-142700
179000
-233600
28600
49600
-170400
49400
-169200
269700
-203600
138900
-239100
157500
-198700
471400
-437300
55800
-147200
162500
1800
-36100
-158700
-47500
129000
-267200
194600
-234800
127700
44300
-33700
-127300
11200
-60600
62000
-73400
82000
-176700
119600
-7400
253000
-504300
384400
-332300
395900
-420400
137200
-103900
208900
-248500
88900
-215800
77900
-12500
-153000
78500
-31800
119800
-180700
148100
-119100
-300
-61400
-83600
-8500
-46500
134700
-49200
-99400
399400
-360000
106200
-274400
293000
-339700
397000
-288600
2200
97100
-171500
27000
-101200
-38200
-74600
54700
-75500
62100
-62700
-37100
81400
88600
-253600
79300
-91000
-7600
34900
-34100
-36200
122700
-119400
177100
-359200
289100
-312100
477400
-582900
123100
-66800
49800
80100
-89100
-69100
-33800
60700
-124200
-97500
35300
38700
37900
-15100
-6900
-72900
-67600
91500
900
-45700
-190600
290600
-307100
384700
-345200
261500
-287100
-38400
-46600
-17800
58800
-13400
-205700
26800
57300
-86300
300
-92000
7100
34100
129300
-156700
112700
-80200
76000
-190600
45100
-91300
140900
-140100
76600
-288100
260800
-147400
470300
-516800
98300
-291100
192000
-127900
-40600
-33600
-20000
154400
-69500
-68200
-28200
14200
-64500
57400
-116500
19700
74600
132000
-200200
-19000
-55600
35800
-162500
179100
-184400
363400
-390600
280600
-301500
153000
-184000
-21300
-97800
125100
-78800
-58100
-17600
78200
-26600
-116500
-79000
24600
34700
97500
-148300
-122300
83500
43300
18700
-148000
493100
-555600
275200
-310000
159100
-215800
199100
-78600
254100
-396500
21900
7300
54900
-275800
56700
-147400
162700
151200
-97100
-130700
-28200
91500
-127500
35800
-23800
114900
-132700
96300
-122100
137900
-166900
257000
-379400
425000
-409500
144100
-243400
216400
-101000
-67800
-119300
43400
-85300
82900
-87600
-12800
-24100
117500
-95400
-89300
40000
-63600
174100
-215700
226000
-311500
77900
85800
143500
-464400
168400
-14700
174300
-340300
324700
-384900
326100
-302000
263400
-289200
154800
-233300
-5500
5700
63000
-72200
-16300
25700
19900
10900
-136900
51800
-115600
102300
-121600
211400
-250700
207500
-129100
168500
-326500
231700
-203300
30900
-33500
202200
-384500
115000
75500
-175900
-51600
-8900
179900
-185900
1600
-50700
600
-16200
-88600
-13100
-24000
10400
-12900
-103400
155400
-182300
152200
-111400
161000
-310800
350200
-288600
259200
-357600
165800
-163000
94400
-38600
19500
159000
-190400
-131100
-84000
3800
37600
-222900
105300
105400
-1700
-71200
-152400
183800
-149500
94800
-91500
215800
-292500
301800
-263400
293100
-453100
212000
-141500
203500
-357300
78800
5200
183600
-306100
-8900
44000
-27000
-41800
-27000
-25800
-16700
54600
-14200
-115700
-111900
62600
8700
-3400
-165500
182300
-131700
210000
-197500
-24700
-114900
182700
-113300
260500
-331000
-36500
45500
-35100
57700
-85500
46900
-115600
-9300
-116100
77000
-57800
3200
-18400
98800
-53600
-17000
-106200
145600
-199800
197000
-215600
33800
-109400
288900
-172000
252700
-518200
128900
-11400
93800
-285200
54900
-19000
174800
-135200
14200
-61000
-98000
46500
-55900
14800
-88200
139900
-128300
161500
-253500
61600
-71400
22800
-104000
173600
-164900
326700
-258000
100100
-102200
99200
-330500
-9600
123000
-139000
41100
25800
59100
82200
-261300
-16500
-26700
-34900
36600
-15500
-34300
-46900
67900
14100
-18100
-117500
109000
-161300
89900
-211000
134100
-153800
523500
-234800
-179700
-57400
11400
-94600
213800
-322700
-92200
64200
62100
34900
-117400
-25900
-13900
30500
-119200
258100
-304700
-44300
125200
210900
-344200
185800
-234200
267400
-247700
389000
-451000
245000
-267700
188200
-281000
131900
-180000
200
47200
-85800
-48700
8600
156600
-135000
-8200
-104600
124100
-73500
-12300
-43200
125900
-203500
132100
-75200
101500
-274500
304500
-339000
175500
-151700
354500
-402600
181900
-229300
26700
-70900
-30700
-43400
13200
-29800
17400
-90600
127500
77600
-158600
-14500
-113000
121100
-129500
18200
-83200
147000
-41000
-24200
-143000
172300
-128700
224300
-430100
194100
-155200
313600
-229000
26900
-96700
-219900
-2400
73400
-58400
110200
-89200
-97300
98000
39700
-100400
-22500
-22900
-81900
133400
-125900
134900
-194200
255800
-161200
-70100
-134000
213000
-145000
338600
-436100
128600
-151700
155700
-237400
25300
-63700
53800
-83300
45300
-65800
-25100
73900
3800
38500
-157800
37300
-70600
60100
-149300
112600
-110100
87100
-113500
253000
-321000
168300
-271400
257400
-133500
224600
-551700
211400
-42100
176500
-318300
53200
-78800
145300
-147500
24400
-161200
109100
152600
-104000
-86900
-44300
117800
-116900
382500
-412800
103400
-163900
29200
-60200
153200
-205000
158100
4900
-9300
-177200
7300
-12100
197100
-338100
-24200
147900
-153300
-110800
35600
43900
1211800
-1373000
129600
80600
-249800
236300
-179400
-58600
-63800
89200
-27200
132100
-127300
156900
-423900
453400
-435100
63100
-56600
41400
-89600
40000
57200
-39400
-60900
-22300
-3400
-50500
29200
-28800
-47000
-100700
136700
3900
-15100
-83800
-86100
1200
84100
-232700
242400
-162700
262500
-363900
151700
-203800
302200
-298700
44600
-44500
-19200
-51500
12700
79100
-195800
136300
-107400
-5700
-42300
42300
-84800
75400
-77400
4000
-16000
75000
-154100
250400
-278400
126900
-305700
253700
-184400
422100
-592700
205000
-208900
144500
-95300
29600
-164600
47800
155800
-54800
-134300
-53400
120900
-135100
121300
-181900
-12000
38700
88300
-154300
49600
-141900
182800
-286800
238300
-229000
402000
-375300
316500
-307900
-55800
-20200
21800
-112900
48800
156500
-218400
107900
-94300
101300
-157400
-55000
64700
-58500
-26100
-61100
27300
-54500
149000
-105600
-80700
90500
-146300
159600
-234600
84500
-144200
247200
-168000
146800
-253500
10500
-40200
-7600
-97500
90000
113400
-185200
-16500
-300
4600
-52300
11900
13800
-77300
-50200
5500
-72900
241300
-205900
96900
-203800
501700
-525800
329200
-353300
7600
-132300
376700
-236800
-131200
138100
-153100
130500
-155200
-7200
9200
-81800
84400
8300
-133900
20300
-38800
25300
-37600
349500
-416900
80200
-117800
103400
-209200
130300
-153000
419200
-484500
224200
-283200
268200
-182300
94500
-255100
86800
-64900
-6800
-54600
-10700
15800
-31900
-4400
23100
-70800
-23200
98300
-133400
43900
-114800
35000
-79000
173300
-133000
184200
-189700
50300
-272000
330800
-286700
298200
-498100
233800
-68700
-2300
-193200
71400
-57200
52700
-59200
-61500
21500
72100
4300
-150700
226600
-270400
169600
-145900
184800
-217400
150500
-89600
116300
-364700
262200
-213100
450800
-449700
29800
-181200
124900
-1400
-20500
-105300
-700
22100
-71800
-24000
-15500
64900
-71900
34100
-63200
60200
-151700
97600
-142900
195900
-153900
100800
-236300
215600
-177700
409000
-576600
268700
-275000
368700
-402900
118400
-132100
244400
-151400
-139500
-51300
11100
37400
-94100
40300
-49400
34700
34100
-20500
-147500
92200
-69900
93400
-120400
100200
-234300
269200
-269500
160900
-169400
346400
-596400
185800
-90800
190100
-252900
-91200
172600
58600
-108500
-111500
1800
4600
12000
9200
84300
-132700
93500
-73900
52600
-155200
105500
-82900
107000
-208600
72200
-79400
267400
-378400
161900
-244100
419100
-403300
-20100
17500
313200
-428500
151600
73000
-27900
-159800
30100
-104900
-53800
9900
-75200
144700
-61700
118500
-243600
86400
-106600
150600
-228800
330800
-322900
200300
-207700
160700
-232100
202900
-319400
44800
7200
-13000
-92400
25200
97100
-53200
-106400
-22100
-31800
44400
42300
-138600
87800
-82700
72600
-164700
128100
-192700
286100
-230200
96900
-254900
459400
-479000
208600
-136400
88300
-216800
108900
-127900
-31700
6800
5600
-101100
83500
-35100
10700
-155400
82800
-131900
123600
-76100
-89400
89600
9300
55600
-194900
272300
-310200
308600
-399700
317800
-324600
407400
-337500
-41800
-108200
154800
-193300
-31400
-1800
41900
-66100
43600
27700
-81200
60300
-60500
22100
-163800
137200
-107100
139200
-194200
172200
-67400
-27400
-104300
133700
-210200
72400
-70300
262600
-385500
162400
-67200
-74800
-107500
36500
-51900
-74100
46200
-2600
7300
18500
50100
-156500
-29900
12200
-10400
-34700
56000
-107800
142000
-127700
151300
-302600
108700
-67900
299300
-496200
187100
-106100
-7400
-22500
54700
-134000
-18800
-132400
168900
-154600
20600
-16900
-68400
115100
28400
-34400
-15300
-2600
-174200
171500
-166000
16800
-23700
254800
-323700
263700
-376500
176200
-152500
388400
-516900
157200
-143500
324500
-213100
13000
-93700
-104400
30500
-127100
81400
-78000
63100
30900
-80300
-75200
22600
45400
-18400
-67000
101000
-196200
219100
-134500
56500
-270200
531500
-558700
248400
-219400
34800
-64300
32800
22700
-98700
-20700
-82900
-80700
10000
69700
-65100
-17500
-19900
135700
-99100
-121400
75500
-32600
-10700
88800
-297600
238000
-193400
405300
-337200
133800
-271300
498600
-571700
366300
-398700
223000
-253700
135400
-75400
23200
-81100
63600
-118600
-18900
16000
-27900
20500
-8100
85500
-215300
122500
-124500
112200
-184900
100600
-25500
74800
975300
-684100
-476100
577900
-697200
100800
-4200
-182100
15500
-6100
42100
35300
-123900
56400
-128100
3800
72000
-197900
117700
-62000
92900
-27600
-91200
-39600
205900
-204200
12800
-135700
243300
-254000
371800
-280700
21800
-106400
224100
-439700
139200
-122200
123600
-119300
6700
41800
-69800
57300
-79900
40300
-143500
3300
11400
-82700
25400
239000
-180500
-58000
-167800
222200
-212600
320100
-253500
127100
-179800
443600
-570000
331400
-369000
43400
-51700
6900
-49300
-78800
91200
300
-155100
14400
-24400
45400
-48200
48400
70800
-106700
50500
-9400
-36200
-175900
240000
-291300
188800
-310700
544600
-485500
297200
-271000
82700
-83500
-40800
-4500
-27200
-76600
161500
-355700
215800
-90000
2200
-20000
-112800
72500
-73600
139400
-156400
87900
-75300
105700
-179400
129400
-245100
296600
-221300
295200
-485300
228000
-91600
323400
-552600
117100
-72800
80800
-119500
-36700
-7500
-16900
110700
-26100
-107900
-57800
119300
-37500
54200
-163500
66200
-116400
283800
-213600
91000
-217000
145800
-248900
266900
-291700
452800
-451000
246000
-284800
-1300
-400
-19600
-93700
-18200
-7800
17500
-123400
177100
-90200
-76900
5500
-23200
46300
-97500
163900
-202800
312600
-294800
177700
-262200
121900
-156000
204300
-197100
279200
-458100
124600
-67400
271000
-398600
46800
-28600
11000
-34000
-74500
43000
-22300
144300
-130200
110600
-153500
73100
-190800
218300
-235700
77900
-151900
251500
-195200
248800
-459900
176100
-106400
270300
-305400
149100
-245500
139000
-94200
15000
-57800
-40100
-49900
-1100
-3300
-4200
20800
-7400
32600
-203100
157100
-169800
127200
-135700
236400
-276800
276600
-244500
494000
-519600
59200
-112800
222900
-401000
105400
-104300
114000
15900
-6500
-197600
-300
-15500
-2800
8600
3900
-27300
-23900
33600
26300
-23300
-149800
128200
-199900
106900
-60200
133700
-177000
108300
-53400
222000
-469300
294800
-242700
100300
-183000
306400
-397300
173100
-100600
31200
-121500
60900
-121900
75500
-63000
-99800
214100
-137600
12100
-95500
134600
-208300
224900
-260500
242400
-287100
477500
-390300
435100
-625400
182900
-86600
-137400
4400
90900
-52900
-11500
9300
-15900
-64200
-38600
40700
-83600
94100
-119100
41700
-68300
188100
-202200
28100
-129700
52200
-53000
184100
-265900
112700
-148700
371700
-444700
136800
-178500
171500
-134700
62200
-285300
71500
17500
-26800
7200
-16000
54900
-107800
94900
-175400
74100
-79200
61300
14300
155600
-254000
128200
-185400
313600
-364600
279500
-348600
157300
-21800
363900
-528200
-41100
-2600
37600
-179800
43100
-20500
-45200
14400
36600
-63300
21100
-129000
10100
55600
56100
-150100
34600
97300
-110300
88600
-171100
166500
-386600
426900
-252700
292800
-374500
188400
-125500
235300
-481700
95900
-79100
69700
-98700
28100
-86900
105700
-25500
-110200
-26500
173600
-19200
-190300
163000
-326600
279300
-114900
268200
-368700
265900
-263400
72900
-317800
586600
-492400
181400
-156000
115600
-146900
31900
-138800
12100
73300
-66700
-137100
39000
114300
-63900
-101900
-52200
28200
56000
253500
-386800
238500
-257800
123500
-37500
183100
-393900
435600
-394400
161700
-245100
127700
-146400
267300
-258200
118300
-190600
-106000
58900
-39000
-98000
41200
-43100
174500
-68700
-137700
111400
-206800
165100
-159900
74100
-125400
166600
-97000
85900
-245500
241700
-145300
377500
-540700
151600
-268000
239400
-108300
34700
-95400
-20800
-56400
-11700
56200
-85700
78700
-118300
132700
-106800
92900
-241600
138000
-86800
186200
-271500
149800
-137900
139200
-237400
224300
-296200
478700
-488000
168100
-218600
31400
-10700
102900
-63100
-136600
-20500
-29400
14500
-63900
90400
-61500
-28600
11000
55400
-137700
87800
-189700
13100
44100
1400
-73300
127900
-61400
163800
-417500
236300
-217500
383500
-379200
93600
-138200
127900
-81200
47900
-322000
176200
-18100
-61600
-18800
-17100
139400
-317400
336700
-186800
-14500
-72800
191500
-187400
90800
-156500
177000
-304000
297000
-223100
370100
-557900
221600
-204800
225500
-147100
36000
-291700
178300
14200
-187800
9900
14500
25900
-52600
82500
-124200
49700
23600
106500
-291700
88100
-46700
56400
-171300
184200
-173900
195500
-141900
231900
-322700
240800
-390500
102000
-59400
50100
-196000
38700
56800
70800
-259700
180700
8600
-93000
-12400
61700
-133500
-26300
145500
-84100
-113300
-19600
125100
-194500
185800
-236600
112300
-165200
546800
-570700
143700
-88500
91100
-180000
43200
-65100
208700
-317900
164000
-89400
-181300
31700
-37000
135300
-76400
76600
-179600
129500
-74700
336600
-433800
172100
-213400
158900
-365900
619400
-455600
113900
-185200
490500
-538200
63600
-138600
152000
-140100
-86900
-41400
55900
74500
-161200
46300
-78600
108000
-76000
41900
-140300
14100
28200
82200
-17100
-38100
-133000
175800
-203100
78800
-163100
318200
-244000
80400
-192800
2100
-6100
45400
-162400
-21300
44800
-57800
-136300
137600
-48000
17300
-110800
-47400
73700
-72800
107200
-144300
220700
-209400
160000
-177000
51400
-130700
115900
-102100
308400
-523300
255700
-96700
92400
-306600
80300
-29200
50300
-129300
-34500
-14600
37700
102700
-101000
-21400
-70100
127200
-119300
62700
-199500
218500
-218400
303900
-251100
127800
-245200
208100
-210100
131900
-169600
337200
-392900
97900
-132400
38200
-174200
38500
1700
42300
-60900
7100
16700
75900
-133300
-71300
45900
-179000
180300
-63100
-10800
-70400
119000
-69000
124400
-386400
262900
-215900
424000
-543600
225600
-178000
192300
-139100
30300
-207900
149200
-131900
200
-50000
59800
-184700
88200
139800
-78800
-1300
-131900
137000
-213800
161100
-50100
4300
-107400
101200
-104600
182900
-386200
816800
-802600
404700
-443300
-73400
228300
-159300
7000
-74200
-48900
24000
-7400
-85000
125200
-87800
38900
-33600
58900
-135000
29600
-91800
16700
-700
-49600
-120100
189600
-119500
417900
-573600
122700
-171500
284200
-211700
-29600
-98700
67100
89000
-54100
-156900
-27000
15700
3500
-52700
51100
-34600
-51900
71800
-129000
-44500
50900
93100
-145800
506900
-565300
287200
-198100
-16700
-99200
86100
-129300
211900
-294200
61600
-68500
19700
-181800
130100
56500
-152200
-94200
51500
65600
-62900
-60900
-34100
39200
102600
-70200
-162400
132800
-157900
142200
-89800
87000
-216300
369200
-371600
192500
-232400
256000
-412900
74100
-118100
37300
-111300
-16800
96100
-5200
56200
-157400
33500
-35800
-9000
-21300
25400
-100400
145700
-157100
27000
-150600
251900
-258700
334000
-278500
186800
-292400
629200
-517600
-97900
-88600
150000
-317500
114800
-21800
36800
-19200
6600
119100
-198800
-59900
-32600
25700
-107800
69100
-15300
71300
-115600
311100
-322700
100600
-197000
66400
-135600
479000
-431500
83200
-47200
260200
-393600
14400
-57100
-51500
-19400
-1200
24100
-74500
36200
-33200
-57200
57500
-108300
-77900
84600
-71000
117400
-140800
207200
-115800
64700
-189600
81900
-165400
393900
-392500
33400
-82300
215600
-232400
60100
-60800
145800
-338500
32200
-131000
123500
-25100
16800
147500
-164200
138100
-228800
76000
-129600
222100
-249000
176900
-82900
69200
-310400
194400
-194300
443800
-430000
70500
-145500
369100
-228200
-32800
-187200
79700
-63500
45000
-32100
72000
-173600
-45400
57700
7600
70900
-185400
147700
-188900
99000
-105200
344100
-415200
306900
-237200
140600
-250800
137200
-167100
307300
-348800
-6400
-116200
311600
-208600
-54000
-69100
-2600
-78700
77200
-89500
2200
133300
-71700
111400
-214000
63700
-120800
-91900
0
126400
-62700
-25800
-99700
218100
-260400
394200
-448300
97500
-153700
52900
-18800
54400
30800
-55600
-119100
-10800
-1000
-83200
80200
-79200
44000
-98200
170000
-121700
-7700
-22500
161800
-368700
212200
-238800
211400
-194500
348200
-341500
224000
-323900
449900
-485100
255600
-321300
73100
-42000
100400
-144600
-34000
72300
-69400
-76900
19600
134100
-170100
88900
-72500
107500
-151300
-76800
-68100
356100
-332100
15000
-175500
244900
-137200
308900
-498200
305300
-269500
348000
-431600
36100
-58300
-12000
159000
-53000
-138500
-1600
94300
-35100
-131800
9900
15500
6300
76100
-209000
108900
-118600
58100
-70300
130300
-235300
253800
-315700
418400
-356800
425100
-511600
51700
-90900
260600
-208000
-112100
35000
-6200
-64100
-39400
30300
-27700
7000
-98600
136200
-184200
227600
-235600
144900
-259500
237100
-250300
193100
-140600
272800
-518000
394700
-172900
399000
-622100
56500
-64200
224100
-192900
21200
-88800
-5100
109300
-69700
-83700
-2800
96300
-117000
-29600
-21700
-27100
53800
112400
-159600
-5800
-100700
110800
-319000
259200
953400
-641500
-535700
276000
-84700
-48700
-226600
258000
-311800
24900
-19700
54800
-115200
129500
-93000
27700
-93800
-96000
88100
-76200
154600
-202800
111800
-90500
69800
-193600
231900
-199700
316500
-360800
233600
-347700
170700
-57800
157100
-279700
300
-50600
-13300
-112100
35600
-29300
69100
-35700
120300
-240800
70500
-80700
35800
119800
-181000
55300
-95800
520200
-486800
190800
-303800
214900
-323000
346700
-341600
303200
-406100
78100
92700
-21900
-138500
-3300
-10100
10100
-158000
99800
-73400
109200
-33000
-83800
2600
-41400
56200
-64500
5100
-132900
75500
-41200
206700
-304800
224200
-277800
454500
-543900
222600
-188700
307100
-341800
100200
-193500
89500
-79800
57400
-144700
39400
-67700
-4700
129800
-92300
48200
-248000
243600
-160700
25000
-23800
76100
-187200
269200
-198200
125200
-222200
273100
-248900
327800
-498500
89500
4600
156700
-149700
-28200
-82100
-81700
101500
-159200
10600
-12800
89000
-29100
-63100
-118500
62300
-41800
212600
-244900
73900
-99300
19600
-89800
221600
-342800
431500
-420100
131200
-196800
359300
-422700
98000
-26200
62000
-168500
-48800
26600
-34800
94700
-128700
63000
-80400
181300
-121300
-120300
-49500
-28500
48700
19100
-133700
162800
-149100
315600
-396700
240900
-254800
298500
-331200
277100
-375200
14400
108100
-85400
-32200
-5200
-50900
30700
-54000
27400
-93600
-9200
67700
4500
-15700
-129600
1700
-8600
-52400
-66400
261400
-254100
227300
-279100
205800
-130400
196700
-403600
92200
-83400
196300
-199200
-95300
32800
76800
-13600
-96200
136100
-181600
-48300
14900
-11400
13700
60600
-37200
-123000
-39900
304300
-313800
155800
-307600
192400
-130000
429800
-399500
76200
-225500
46700
-69300
-23100
-9300
-10500
143900
-115400
13000
-157000
95700
-83300
-5000
-66600
14200
61500
-78300
-23600
178800
-271400
184600
-198700
226900
-285000
272600
-251100
149000
-192200
159900
-168000
88400
-292600
75800
93900
-83000
-12200
-134900
118300
-28300
31300
-190500
85900
-85100
70300
-89500
103700
-188100
178600
-13000
14100
-251300
203300
-155100
146800
-200200
199100
-296200
464300
-371400
-90200
70500
-198900
44400
95100
-214700
47800
-7600
91200
-28400
-159900
6100
-70500
218900
-197900
172100
-227500
3800
104100
-101400
-101500
268900
-244900
165200
-249800
80200
-62800
202600
-187500
185500
-241800
43200
-131000
-52900
60000
-82000
-119900
44500
70000
20300
-54300
-152000
61900
-17300
100700
-125400
-28600
-22800
171900
-124500
41600
-188000
239000
-251000
368500
-397000
105600
-125400
292400
-394400
54500
-108100
45200
-62600
-76600
-4600
-10700
51800
96000
-179600
-22700
156100
-210200
268700
-325600
91800
-27800
79300
-38500
44300
-162000
207500
-352200
204000
-208400
331500
-326900
23500
-37000
103400
-177700
-18900
59500
-128800
71500
-66200
-140200
34400
194500
-90000
-173700
-16600
91800
-9000
-129000
-72500
243300
-182700
280500
-312300
122200
-229100
309700
-496100
430900
-300700
190500
-138200
-2900
-75400
-75800
72100
-82700
-13200
-43600
166400
-158700
-40100
45100
63600
-96100
35200
-195000
122500
-51600
11200
-123000
257500
-221700
301800
-435800
177000
-197100
238100
-219100
169000
-237600
21900
63400
-72300
-129100
-11900
24200
-18500
-234500
148000
86200
40600
-57200
-97300
52900
-60300
-7300
186400
-149600
-208600
270300
-213900
392800
-436500
361600
-353000
21200
-75700
-89700
-42800
144900
-152200
-13300
23900
-70700
45400
-63300
-28000
-31900
101700
-108700
12400
-6200
109500
-218200
226100
-311100
213800
-146100
70300
-260600
304000
-233200
484200
-602800
293400
-292800
150400
-102400
-80000
-55600
-23200
144700
-45500
-97900
82200
-79500
32400
-29100
-171700
103900
5600
6800
-12400
-38800
-144100
14400
-166800
259400
-231700
365700
-339500
345300
-347500
188000
-247900
-180500
110000
41600
-47300
-29400
-21400
50900
64000
-147000
-59900
-46000
55100
-15300
39600
-140600
142300
-89900
53900
-191700
251100
-306000
241800
-240700
242200
-280700
189200
-166700
320600
-409600
38300
-30200
11000
-111600
-17900
13700
-33000
-53100
60700
-55300
-54800
55400
-9100
-600
-37400
-15000
-163100
258500
-307700
244000
-179900
223200
-325600
320100
-351600
174500
-176400
188800
-151100
-12400
-130100
8100
99300
-106300
-137400
122400
-126400
376200
-419100
40300
147300
-135600
-40400
-22800
24700
-17600
76900
-121300
-39200
-90000
162100
-117400
220000
-443100
124300
-120100
302500
-208900
65900
-230700
135600
-8400
-107500
-39000
-36500
46300
-47600
1400
-15900
87000
-270800
81300
-58700
110600
-184900
115300
-48700
193500
-162900
107500
-304100
225000
-110700
38800
-98100
230300
-289100
37000
-25700
-10000
-190900
55700
-46000
62000
20700
-210800
65700
56100
74300
-178400
5800
-27600
34100
-95000
105400
-168500
175100
-97800
77400
-277400
170900
-202500
476200
-463100
79500
20800
52200
-142800
-15400
-107100
-139700
286400
-185800
50900
-98200
11800
-68300
73700
-118000
-8200
20400
-93800
-90200
95600
-75900
183500
-191300
333300
-420800
191100
-225300
325900
-457500
82400
-75200
232800
-204100
49900
-60600
-37700
-57200
28200
-84500
34900
76600
-225200
57300
64300
130400
-225000
-71000
13400
-5400
115300
-95200
-32300
118800
-117700
279900
-382900
141800
-156000
270700
-459500
191500
-164500
52200
196300
-216100
42400
-152500
99300
-100400
-200
-104200
121700
-183200
181900
-128200
-60400
37700
156500
-212200
137200
-192600
140900
-167500
288700
-317000
266200
-339600
261100
-361500
122300
-15700
-17700
-59300
8500
42000
-89600
-65000
-35200
78200
-80700
-43300
-23000
-53200
158900
-28500
-173100
64200
-86600
107000
-106700
-12100
-103500
316100
-296200
417000
-560000
82100
27400
146900
-180600
14300
-28100
-55400
173400
-105100
-65900
-157500
137600
-115400
50200
-92100
79600
-90000
81600
-49000
-65100
19700
-13900
-175600
246600
-272200
350900
-386800
354000
-202200
376600
-514200
50800
67000
-138300
-145500
-17500
63400
50700
-53900
-84400
132800
-161800
106300
-150700
56800
-22600
27000
-57900
14500
-130800
206600
-427900
350700
-160300
210700
-376900
232900
-133600
236400
-451300
192200
-128200
20100
-68800
32700
-23100
-76800
127500
-9300
-214800
58300
74700
-44800
-15300
-52300
24400
-84000
137000
-134800
131500
-293000
297400
-288000
246300
-267000
468900
-651300
364700
-254000
-117300
130400
43600
-107400
-75600
49300
-34400
-114100
113300
-22800
-57400
-77800
-55400
114900
-12200
-92900
-125900
202700
-26800
91300
-192600
119500
-250700
395100
-513700
312600
-254800
307200
-222500
-47800
-153200
112600
-98500
8600
9800
-93600
63400
-50300
54300
-49600
18500
-102000
-11600
-102600
102800
-61700
-19500
-25500
134600
-118200
117400
-188000
67800
-23500
347200
-580400
180400
-124100
144600
-108700
-110500
-55300
81700
-109200
-30500
-18400
32200
-29800
79300
-40800
-145400
58200
-64100
165900
-211000
125500
-128300
84200
-43300
169600
-273400
116100
-238200
199700
-111800
113000
-223200
-9600
81700
57600
-308000
67900
-53700
44700
-115100
63400
-15500
29200
14900
4300
-68500
-159600
250300
-233200
322500
-517600
303500
-202000
299300
-265600
192300
-219100
319100
-377400
140800
-381100
215600
137800
-130600
-88100
-50700
-28800
-16400
-12400
-21800
81200
-106300
24500
-22600
84100
-100000
-78400
-69100
159000
-140600
86500
-192700
244600
-139100
237700
-586000
346600
-172400
287600
-430200
104900
-57100
54100
16900
-8500
-143100
-22900
-37800
-20300
-45200
97700
60600
-182700
203200
-248200
114800
-95000
222800
-334800
336500
-303400
135600
-145500
229200
-229600
223300
-371400
1000
-72100
347800
-351600
-37900
-57200
183500
-78300
-172500
30400
-48300
127800
-106400
-10100
-6200
30600
400
-46100
-67900
128700
-93400
18400
-352900
402000
-399000
553600
-494800
212800
-187400
249100
-272700
20500
-119600
72300
-17300
-35700
83500
-103700
65900
-114500
14500
-103400
125000
-145400
129700
-196700
138200
-35000
-189600
35800
105900
-118700
157500
-241300
219700
-270900
575000
-712600
247800
-187800
256400
-257300
-93400
56600
-19300
21000
36000
-77100
-48300
76600
-74400
-97500
-50100
92400
-65200
-11000
7000
73900
-192500
209400
-202900
282300
-385100
423100
-464700
218900
-213100
210900
-274200
190400
-181800
-31600
42600
-62500
-35200
-67100
251700
-196800
-127100
9300
63600
45300
-137500
-107300
134100
-97200
143400
-178300
242400
-314200
309400
-407300
376000
-347800
197900
83700
4000
-262000
167700
-219500
97800
-218200
-24700
-30300
44100
10200
41900
2900
-165600
170900
-205200
135600
-188900
96700
-110300
202000
-132200
162900
-303600
238200
769800
-944000
-80800
93100
-40100
185400
-390400
144200
-187000
72600
-85700
-51600
21200
-56600
13800
-47800
41800
-12700
16300
-95100
177600
-245500
-32300
107100
-16100
-139500
214600
-54500
22900
-307900
190400
-204300
391300
-501800
190400
-135000
567800
-497300
-197300
6400
45500
-111300
123000
-44300
-9700
7200
24100
-21600
-146200
83500
-54900
-24700
-66800
196600
-244000
159400
-211800
422300
-444300
400900
-432100
287200
-344700
10500
40500
-24100
-10500
1800
-126400
29500
-20700
-13100
-122400
18800
26100
-96200
185700
-107500
115100
-218400
120600
-223700
104500
-76400
160300
-226700
236800
-108800
159200
-458700
247500
-204800
312800
-387100
156700
-173700
150200
-46400
-109800
-86700
43000
17200
-17400
-2000
-57700
96100
-55400
-12700
-132100
61200
-6700
-55100
-199500
309200
-205400
188200
-322300
290000
-281800
479400
-506600
39800
-95500
102300
-32300
-65300
7600
-7500
-54700
-10700
-141100
59200
17000
49600
43500
-103300
74800
-111600
-62000
8800
16600
-150200
228100
-264600
209500
-202600
327200
-284700
304700
-347500
-44000
-49700
100800
-226500
84600
-7200
127300
-155500
5600
-119600
-50100
50900
77700
-61800
-25600
5100
-142200
177200
-162000
223700
-314900
251300
-382600
265400
-221600
305300
-221600
50000
-148300
-13100
-26300
105600
-283800
98900
-46200
55000
9600
-34800
-93200
71700
-84600
-8200
24900
6500
-64100
-148000
125600
-69200
41700
-143900
260400
-316900
364000
-326800
276400
-357000
231100
-106900
-133700
-124300
81600
-69200
121000
-292400
82700
-14300
96500
49900
-125200
20100
-99600
90200
-31300
79200
-231800
35200
108800
164700
-388100
105900
800
135800
-251800
186100
-213800
345300
-395500
162300
-291800
208700
-156300
-26500
-218600
203000
16000
-91600
49300
-33900
-8100
-104000
101900
-136100
77400
-89400
19900
-50500
137600
-65100
-63800
-67700
67800
-114100
302600
-456500
188700
-146000
358900
-396700
20600
-75600
33300
-77700
-37800
1900
9900
-119100
148900
-5000
-35700
-37500
-132400
62000
-65000
126900
-126600
430900
-540600
340600
-367200
197300
-204100
395200
-428700
121100
-193700
31200
78500
96300
-215300
-49600
-10300
-5200
-108100
33700
117600
-114600
24200
22000
-59000
-131100
137800
-174700
134700
-190100
118300
-74600
180500
-150100
270800
-397300
146300
-223300
293600
-252400
-55600
-211100
354600
-116300
-61400
-24700
-89200
1500
-12100
-53900
157200
-63300
105200
4700
-369800
245600
-143700
-2100
-132100
496800
-539200
186900
-86900
135100
-271600
416200
-484600
146100
-333600
323300
-188000
-24000
23800
60300
-115800
-30800
-42900
31100
32500
-72500
59000
-246200
348300
-180500
58200
-192200
70000
-58100
18600
-149400
290500
-298200
360800
-290200
-29000
-89700
121000
-75500
-54400
-68200
63200
-118800
191000
-247000
-25800
24800
36200
-94600
40800
-89400
43300
-12000
-25000
151000
-288700
169800
-235100
413300
-520400
345000
-262800
70300
8900
320600
-459100
400400
-369100
-69300
26800
75200
-265200
-50200
144700
46700
-222900
32000
-11400
-7300
177400
-136300
80300
-109100
107600
-159700
115000
-196600
107500
-68100
7500
-147700
178100
-131500
210300
-296200
99300
-148100
309900
-348200
59400
-122000
19300
-49600
97900
-112700
-38300
34000
20300
-13000
-65400
-400
-61800
146600
-269000
124600
-22200
57900
-212900
242300
-164900
53400
-163500
226400
-110700
283600
-548100
73300
-113700
250700
-360600
155500
-58700
-26000
104700
-37800
-174800
75900
115900
-185700
77800
-58800
50600
-157800
257600
-221400
38200
-133600
79100
-168800
425100
-479600
275000
-304200
590900
-604200
-70500
-6600
228300
-248100
-86700
16100
-20400
16800
60700
8900
-59100
30500
-134700
-28900
262600
-309900
-74900
69100
17800
173600
-312700
201500
-151400
267100
-329700
106500
-134400
267900
-268900
7400
-133000
61100
-100400
22500
109600
-199700
60200
-59000
154000
-110200
-138600
39100
11200
-79300
115100
-127500
2300
-55400
262000
-234200
130600
-374400
329500
-295400
191900
-171100
82700
-134500
127300
-19700
-90700
-158900
53500
67500
-68800
-26900
-98500
169900
-165700
12000
-30300
31000
-9200
-108000
-81500
53500
-49400
94600
-56500
279800
-545500
443400
-298100
8300
-91200
167800
-122500
172700
-195000
14700
-118200
-17800
80900
-38900
-37700
-117100
40200
-82600
316300
-144900
-82600
2700
57900
-144500
-29500
-38100
21500
-12400
274900
-327400
246000
-285100
318400
-547300
604900
-488900
163900
-226800
133700
15300
-138400
-77000
7900
86700
-134600
30000
-97600
117000
-149600
30600
-133100
118600
66200
-144200
-147900
179800
-165900
117900
-36800
268800
-396300
312900
-316400
289700
-292500
-83900
45200
15800
-108200
51000
-204900
150100
-41500
16400
-47200
-47600
57700
-103900
59300
35600
-51300
-131800
111500
-130100
43400
24200
9500
-125400
148900
-148300
378100
-687100
362400
-228900
226000
-196900
-58700
-33900
53900
127200
-229900
76500
-173200
154400
-124600
-41700
25400
-11800
147600
-173900
-90200
69300
80600
-131800
18700
39700
-156200
141700
-256100
430100
-495200
158900
-128900
206800
-267600
139800
-175200
4500
34300
90700
-209800
13100
-46000
48900
-26200
-63300
105800
-20000
12000
-47300
-97400
-8300
156800
-241000
163300
-148200
254000
-384300
219900
-163400
267600
-359300
79900
-139800
52800
-70900
-104200
65700
56800
18400
-136800
-26600
-47500
187700
-180300
74900
-141400
5900
142100
-58900
-64500
191000
-351700
228400
-222100
285500
-321200
398700
-389400
226200
-364100
134000
-220800
75500
-6900
-39200
-13000
5600
71800
12900
-47600
-128200
8600
-61100
162900
-56700
8900
-185800
133200
-3600
51300
-231100
232600
-156100
100100
-252700
257600
-395100
577900
-566800
66100
-109000
125100
-120100
-87600
-39800
62900
39500
43300
-27400
-105700
24400
-95600
96000
-125700
113700
-49400
-64900
53000
271000
-431300
102100
-152000
128400
-252300
387500
-423400
392000
-231100
-150100
32000
59500
-326400
140000
-31800
84700
-114300
132700
-98400
1200
13600
-128300
-22900
-14000
138200
-228000
235200
-214200
110700
-37900
109200
-242600
156300
-189300
331100
-515900
261700
-215800
510200
-523500
9700
-64100
97500
-106000
13300
-91000
10500
36000
6100
45700
-177700
62600
-58200
75500
-67100
76700
-121100
201200
-149300
-23600
-210900
267000
-269200
298100
-405400
249800
-190900
76300
-37900
-5800
-66200
-47900
-45300
9800
88400
-150100
-1300
-35100
180500
-126800
-14400
-130600
45400
-29100
-22200
-57400
-23400
-45100
201800
-186900
82100
-150400
247900
-289500
122400
-188600
109700
-157400
179500
-107400
-106200
84700
-85700
-120000
15000
86200
-110000
-89200
172800
-21100
-73600
3700
-131500
258500
-304600
171400
-105700
224000
-370300
472700
-388100
245600
-386500
199600
-133200
-105900
-2900
-16900
68900
30800
-193500
-89100
151100
-94100
57700
-117500
138900
-241700
165500
-51000
11400
-15900
-42800
-70900
365700
-470500
249800
-253500
350700
-315300
321400
-401900
-211200
96900
62200
-11300
46000
-234400
159600
-27200
-27400
-27800
-32300
-191900
137400
46300
-60100
77500
-116900
75400
-194900
190200
-229400
128600
-111300
130300
-278600
206800
-40900
371100
-483400
102300
-125100
60300
-246400
-2900
102000
-68500
-15100
140300
-226800
46100
-17000
-2100
-37600
-45900
141600
-144900
220300
-154600
-125300
51300
-1200
-84800
177100
-210400
186300
-318400
321900
-165400
20200
-304700
86700
-82200
105800
-38300
-42000
-15600
58400
-128400
-29800
26400
29300
-89800
46100
-96200
-32700
101100
51500
-32000
-89900
-12700
-38200
161000
-332600
50800
-88600
197200
-170900
436700
-448000
-138500
61200
39500
-147300
-3600
-22300
79900
-25000
-49800
-26000
-25000
148100
-179500
107500
-160900
56300
-120000
264300
-184400
-20700
-56400
116100
-321400
290800
-292900
431400
-427900
83100
55900
14000
-176600
15100
10300
-60300
-126400
40600
-34900
103200
-49800
-50500
-38900
-45000
111600
-87100
48800
-152900
75300
-13100
111200
-220600
109200
-84500
276400
-423200
201400
-220300
326700
-376500
143100
-221800
186200
-256200
231500
-215000
123000
-121900
22000
-37400
52800
-38800
-193900
166400
-90100
32200
-187100
330400
-261200
208500
-99600
79800
-319500
239900
-199300
291700
-434400
131800
-136600
395000
-338800
-128300
1800
66600
-201500
123600
-59400
-9900
75100
45000
-15800
-178100
10300
8800
88800
-98200
205600
-418200
122100
43700
166900
-298700
301700
-360900
167500
-215800
277000
-306900
-6100
34900
54200
-133700
-99500
-17900
27200
31900
-141900
104700
-42000
171300
-138900
-140800
69200
48500
-139100
68100
-34600
116700
-375000
459000
-304600
-10900
-111800
1157200
-1342300
335600
-151000
379400
-479800
178300
-84400
-162400
-53500
90700
-60000
-32300
-24300
-46700
198200
-97400
-6500
-138400
72700
-20400
-27500
-52000
114600
-27700
137300
-273000
505200
-655200
184300
-76000
171700
-341600
7200
-23400
94800
-140900
47400
-53100
39600
-25100
-122900
-38100
76100
-9600
-122700
100600
-8200
-73100
-37300
28200
-37000
64200
-188700
99400
-126500
230800
-24300
132300
-397000
57300
-36200
64600
-114400
-59100
83800
-99200
93000
-272300
105100
22800
18600
-63200
-6200
-1600
-600
38600
-43400
-99800
-40500
-101000
198300
-217200
258100
-248700
75500
-39000
275900
-299100
127100
-263200
45800
-24900
15200
-45900
-59200
24000
112700
-260900
6200
45800
-6500
26500
-194800
69800
-48000
134200
-91800
124100
-290500
182400
-157400
150000
-233300
265200
-255200
299700
-341600
-105500
61100
218500
-259000
32700
-200
-69900
51900
-49300
-88200
-1500
50500
-88700
56600
-109000
53500
-15300
-117200
29400
102000
-132400
10800
-52600
90400
-183800
318600
-408600
225000
-121000
282300
-489800
280500
-291900
45700
61400
-50000
-112800
12600
92100
53400
-174600
-76700
67000
-75900
66500
-113300
49400
-64900
103600
-87300
364500
-498600
243600
-230600
410600
-611400
285100
-160300
395300
-400300
37900
66300
-171300
20500
-94700
68000
-60700
-98200
67600
-95700
52500
-27600
-30700
-11300
5400
-143800
94200
66600
-117400
80300
-146400
65100
-136600
344900
-185600
-50500
-34000
44300
29500
-108100
-165000
13300
-86300
-5400
173700
-173500
105800
-287200
217400
-55300
-67200
-78400
74600
-69900
-42200
-48700
58400
-45900
125900
37700
-76100
-194300
264600
-423800
257600
-88100
147000
-231200
82300
-10500
-251500
74000
-900
19400
11700
-74000
38300
-160100
144500
-47500
-163200
99200
-91200
63700
-45400
267400
-350400
209200
-194000
163500
-221300
260100
-358400
315300
-388000
74400
-1500
114500
-157200
37100
24600
-206200
95700
-137700
69300
-44600
32200
-261400
363600
-133100
-55100
-63100
48000
-54200
-21700
-142000
189400
-196700
338300
-328000
64000
-126700
27600
23600
213000
-246300
-146100
215500
2100
-310100
77500
-9200
-11000
11000
-75700
73100
-43600
-145100
110400
33100
-103400
-70000
-19200
169200
-268000
227600
-231800
177100
-222100
375500
-524800
504500
-518500
80200
65100
-57100
-251900
148300
51800
5000
-113800
-13600
-51400
-9400
128000
-157500
26300
-107000
143600
-60500
39000
-117700
204400
-223700
56300
-251400
248000
-299800
513100
-534400
131100
-146500
120300
-29600
57600
-196800
17900
76400
17400
-90900
-79200
-24600
93800
-31700
-167300
142600
-52500
-70600
64500
54400
-153600
13900
-127800
218600
-186600
90000
-214500
470800
-420000
161600
-179700
-31600
-106300
174800
-199300
-46400
14400
-8700
55000
6000
-79200
-75800
115900
-171400
1300
66800
4000
-211100
325400
-247500
107000
-98700
176200
-309500
222000
-286100
393900
-411800
265000
-123100
198700
-471400
79400
-21000
78500
-157300
60000
-51900
127800
-49800
-48400
-49900
-53600
28400
-63600
126900
-181000
75500
10200
1300
-158000
133600
-111100
154900
-302700
206600
-210200
557500
-477600
208300
-386800
246000
-262200
-23700
-7500
-9800
-23800
-131400
256300
-115000
1000
-66600
28800
-86700
-22400
91300
19700
-183000
242300
-215000
37400
-206700
244200
-266400
326100
-374300
267000
-283500
454500
-505300
76000
-105100
63100
-82200
-42700
-19800
-11000
106800
-50600
42500
-144900
75700
-33400
-75600
-66000
270800
-218200
-16800
62500
-10600
-116900
199700
-298400
301000
-324000
504100
-518000
-89000
84100
34600
-66800
-155900
-7100
31600
10500
-7900
-24100
-88000
117200
43400
-155500
900
-21600
900
25800
-173400
142400
-148400
249500
-202300
109800
-244600
448500
-562900
263000
-260700
370800
-482500
379200
-248100
-45300
1000
-19200
-100400
17200
123300
-96100
-105200
68600
30300
-167400
82600
-119800
125300
-133200
139400
-220400
289000
-178300
131300
514600
-727900
-8000
433700
-594100
329200
-336900
77200
-40200
36500
-155000
-25300
12900
-70100
178500
-181800
103000
-114000
155000
-136500
138500
-252600
115000
-157700
125600
-184300
210500
-220500
196700
-172800
196300
-244800
151700
-349100
143100
-241400
241300
-219200
170900
-91800
44300
-109900
-82900
1700
148700
-147300
72500
76200
-26000
-39300
-162600
135400
-103700
300300
-501400
367700
-312900
-12600
28600
198000
-220100
284600
-386500
21700
-106100
171800
-271800
138500
-51100
-104100
-1000
-2400
-67600
40000
109200
-217300
158200
-118800
82500
-8000
58300
-140600
119300
-266700
146700
-300000
223800
-136900
411600
-422600
139800
-158500
200300
-302800
103700
-159600
137500
-146700
36200
-2700
-68600
80100
-2000
-112000
-50800
-41400
29400
193000
-126700
42200
-209100
221900
-176500
119900
-129700
114100
-420500
548200
-343600
454700
-647200
117600
-126600
66400
-12200
-111300
-16200
40000
58200
-28400
-153500
59000
-48800
6400
28200
-147300
103900
-20700
94800
-45600
-111300
-137000
322400
-356700
173000
-137700
251400
-258400
358500
-336800
-122000
12100
-1800
-266300
161900
-72800
82500
-82600
-102800
124700
-31300
37400
-118900
128600
-153900
106400
-144900
350600
-453100
266000
-215300
141600
-224800
442300
-501600
269600
4800
-11400
-297500
215900
-242700
133000
-333600
132900
19500
-19900
-40500
-130000
253000
-66400
-184100
31400
138700
-202200
248800
-337900
142000
-135900
114500
-98300
132000
-133300
66100
-218300
319900
-243500
211700
-422200
183700
-220500
193400
-242100
68100
-50600
63600
-47600
-76000
-48200
187500
-76900
-119000
-41900
-14500
43000
-16900
84700
-171000
259600
-179300
245300
-422600
190100
-135700
300600
-390900
124500
-226800
338800
-332300
191700
-259900
115700
-42900
-92100
-30500
72100
-104800
10800
130000
-151200
95900
-144100
78600
-140200
24800
-13000
-43800
14000
185300
-200600
199200
-371700
246600
-403100
598800
-497100
36800
-101100
436900
-379400
-110800
-8600
50300
5700
-41200
26400
-105100
87200
38700
-215500
8700
49600
-17500
-50200
-18300
108100
-95200
138000
-250100
199300
-250700
368300
-363400
137900
-240900
84100
-87000
97800
-110600
34300
-82300
-1800
-26300
-53200
46900
-48300
-53500
-54400
278200
-180700
4700
-285800
204900
-106500
188100
-291700
303000
-400700
422300
-382300
222600
-322100
424000
-309600
-65000
2600
109500
-271500
153600
-38800
-58800
-7800
-14700
-73300
42800
-30600
-104800
99000
23500
-13000
-264900
412200
-339600
73000
-180600
514500
-438500
205500
-193700
106200
-198000
254600
-315200
105100
-114100
14200
-93100
20700
16000
24500
-223900
95800
-54000
51000
7800
-149000
105300
-100900
223800
-89000
-119200
-127700
165100
-203700
117300
-136500
116600
-52000
367800
-609100
243800
-175200
197700
-198900
56200
-56000
-41900
-50100
122100
-43200
-109700
-110900
79400
-50000
52200
52900
-100200
153600
-196100
66200
-232800
225500
-205600
232400
-249100
255000
-316400
371400
-310300
164700
-269500
-12400
-25700
57000
-205100
41700
-24900
71100
71800
-146300
-51400
43000
9200
-166300
186800
-172100
81000
-98700
152500
-123400
-47900
-80700
-7700
-61100
127200
-136200
371100
-402800
191100
-76900
31300
-212000
-2900
15800
-48900
-100500
27200
-43400
115500
2500
-143900
-8600
-54500
87200
-24100
17000
-163900
44000
42700
206600
-296800
154500
-267700
88500
-139500
412900
-419700
196400
-200300
51500
-85600
126300
-194800
-34400
56100
-39600
-135600
55200
146900
-66200
-68800
-70800
84900
-99200
111700
-178900
120000
-68000
30900
-192300
194600
-223600
326600
-394100
81200
-120300
120600
-135900
130500
-46400
-77000
-43700
-6600
-124500
39400
-14900
66400
-63400
-21400
10200
-96200
132600
57200
-165600
19500
-50300
-71300
215900
-355800
291900
-286700
370400
-367200
176300
-261900
562000
-516900
-94300
74900
16100
39500
-164500
43500
-50700
-21900
-21900
22500
-92600
143700
-66800
-94500
-48400
142000
-144300
-56900
-140400
169200
-92400
178800
-158000
130800
-281400
186900
-170200
202800
-223000
-109600
92700
168300
-168400
-101400
29500
-194200
237700
-172500
-13900
-23000
-40200
16000
74700
-57100
-38600
-56800
45900
-47700
30300
-181600
210600
-117600
232200
-379300
80600
-121600
186400
-183200
172800
-200500
-3900
158600
-84900
-128100
78800
-50800
-77400
11500
-77900
88900
-87200
100100
-100100
-22500
-92900
32200
-90100
13300
14800
62600
-98100
125200
-144000
296400
-385700
160900
-223400
104300
-107700
69500
-175200
122100
94600
-197900
20600
-120100
94500
-96500
5153200
-5386200
129500
112400
100200
-148600
-99900
-88500
165200
-149700
160400
-243400
524100
-365700
100100
-203500
463600
-606600
-31800
74300
-161000
19200
3400
140500
-12200
-340200
196100
-157700
128100
-68500
-171100
131700
-67700
216700
-86200
-47600
-87000
127500
-163900
-24500
-93100
201000
-129100
364400
-308500
-20300
-130400
121100
-287500
60600
44500
-40700
7000
-89200
78100
-95900
69100
-135900
1614800
-1634500
81000
-127800
-7400
371700
-308600
-157600
172200
-225300
246100
-262100
474700
-531800
313200
-273100
348700
-411300
400
-70500
79500
-92400
1100
-7700
-29600
122500
-74700
-24200
-57700
46500
-137400
71400
-103800
109900
-120900
159000
-197700
242100
-242400
64400
-234300
143400
-152500
516000
-533100
75900
-104000
141400
-186000
46000
-171800
91000
10800
-45000
3100
-46400
103100
-163200
28400
-89800
49500
-124400
88200
-99500
35600
117100
-51300
-152400
161800
-227400
288600
-488900
335300
-142900
256900
-360500
53400
-108100
130800
-177600
36000
-131500
128300
-132600
-27100
-103400
151100
51700
-181200
162100
-213500
91800
-79000
154300
-208800
176900
-144300
207600
-363300
140100
-89400
292000
-473000
271700
-141600
47700
-147800
-86300
15800
52200
-48300
-5200
-81100
30700
-70000
49900
-24800
-93400
65500
-114800
78700
-82100
80200
-53400
435200
-462700
249100
-343500
281000
-371100
118800
-28800
137300
-305200
85600
38400
-26700
-233200
44600
-35000
87200
-109200
70900
-242200
177100
157600
-107600
-1000
-180200
61000
-69300
194600
-411200
414900
-425900
523800
-328500
21200
-97200
322200
-513000
90400
-47100
95000
-183500
152300
-26600
-73400
-86000
55600
-2300
-50400
5500
52800
18100
-83200
69500
-214700
23200
-61100
80600
-48600
206100
-297800
338700
-269500
343300
-466100
586600
-671500
151300
-186900
89000
-8600
15500
1600
-64800
-76300
3000
-97700
86000
-162200
103000
78000
-228200
176200
-80300
60400
-170400
216400
-244500
154100
-186800
164600
-264900
382500
-293400
299700
-379800
-35700
123800
-17300
-254800
39200
-23200
110700
-32900
-80700
-97000
39500
62600
-84600
-100400
40000
134200
-289900
270100
-167400
47000
-109800
260300
-350700
194200
-148500
295800
-286700
239000
-355800
259800
-287500
20800
-55900
75300
-240400
79700
42000
106900
-201000
-100800
52900
-17900
136400
-137100
-102500
30000
179900
-105400
-13500
-208700
266700
-185800
66700
-122200
179300
-270900
521700
-526600
104800
-172300
342200
-411600
-11000
-6400
24500
-176800
228700
-92400
-57100
22300
-119800
18300
-30700
155300
-155800
-77400
-21400
33700
25000
109500
-186700
123300
-288700
435100
-311800
312200
-392300
195700
-212500
153800
-237300
-23900
-17000
99700
-56400
-48100
-3100
115400
-181000
-85600
29900
1100
141700
-213400
110100
-214500
256000
-248000
299300
-299300
165000
-307900
299900
-234700
216900
-201200
362100
-442200
2800
-79200
131300
-139000
-84600
8500
105500
-125300
43700
6400
-57500
-41700
34100
10400
-109400
-29300
-48300
93800
-59500
247800
-375400
323000
-313900
173100
-237800
216500
-238200
228400
-234000
24500
-38200
11500
-59500
-75500
27900
-44000
-110000
33000
67100
69100
-101100
55600
-98100
-42800
66400
-65200
305100
-416900
257400
-211900
-23900
-76600
170000
-137700
335800
-445200
500
-88700
462600
-479400
23400
-58000
151200
-170800
63800
69600
-212400
-100
108100
14200
-164500
78100
-57700
-45800
-2000
46700
-60800
20200
-25400
178100
-258700
146700
-292100
326900
-364200
179200
-222300
129800
-157300
196900
-356000
131600
-115700
134700
-47500
30600
21800
-40500
-64400
91200
-278700
-10600
29200
-12900
88700
-266600
420300
-331900
336000
-274100
134200
-299400
518300
-624800
283100
-278500
151500
-126100
198100
-324000
80600
-136400
98600
-97700
22800
194200
-212500
73900
-33000
-18400
-87300
21500
-211300
214200
-200600
123400
-220500
270800
-179600
342300
-360000
-6800
-32400
181700
-319400
151900
-110100
143800
-7600
-28900
-224200
38700
-8400
7800
-72900
22500
1402200
-1618500
420900
-190500
-70000
-63200
49800
-211600
289700
-234900
247900
-179500
140500
-255300
357600
-335200
-47700
-107300
184000
-144200
-32600
-179600
286300
-205200
42800
-5700
145400
-237400
47600
-28700
-135600
84000
-23200
112000
-285400
283200
-368000
239000
-134200
253700
-317300
367700
-532900
338400
-289000
321000
-351500
76800
-136400
22100
33700
-26200
22500
-6600
-1700
-127300
-3000
-35200
91200
-91700
-27500
30300
159000
-261300
55400
-11200
294800
-360300
137100
-265300
250700
-229300
472500
-466600
34700
-172800
236200
-235000
-102400
55000
4500
-15300
48700
-59100
-87000
139500
-155600
43100
-103000
54900
-10300
41700
0
-41200
-43700
-9500
-218400
184400
-171000
407200
-625900
438100
-257800
400200
-371900
57900
-241500
37600
-23900
53600
-65800
-36600
85800
10400
-226000
66800
101200
-158000
111200
-231500
166300
-95700
332400
-278900
-83200
8600
169300
-275300
203100
-190000
99200
-239500
20400
38200
156800
-354500
193500
-154100
90400
-134500
17500
-68600
97600
81500
-129200
200
-105500
112900
-113500
-65100
-39100
46800
100600
158000
-400200
131400
-26900
261800
-470100
143800
-102700
247700
-320000
89100
-162600
12100
43400
-124900
27800
-9100
70300
-61300
5500
34700
35000
-165300
34100
-108700
120100
-163000
109300
-73100
235500
-153300
-49200
-176300
192900
-221000
401700
-499200
177100
-152900
297700
-400000
-30600
-10300
62900
95600
-88600
-23700
-26000
-18700
-9200
67300
-290900
153600
-71700
117900
-165800
97600
-186200
352500
-216100
167100
-295500
333600
-548200
321300
-242200
273300
-283300
8900
25200
34000
-122000
-7400
-77900
-7800
118400
-95300
25800
-96500
247200
-186900
-161500
38000
75800
-96100
202300
-255400
152300
-210300
65000
-18900
373700
-481600
-50600
-91700
204000
-203100
21500
-100300
148400
-5600
-29300
-259500
97200
136700
-152600
79400
-97000
124400
-180500
291800
-261400
-136400
37400
-5900
-116000
405500
-527500
417000
-227600
231500
-349100
424700
-452200
-107600
80100
41600
-40900
-75800
80200
-70800
-44300
10500
-86800
-43500
106700
-79600
-189200
175700
63900
-55500
-77000
-116400
156000
-137500
231800
-236500
88700
-156100
473000
-408200
316400
-415500
-29500
20800
23900
-206000
110200
-103600
160900
-224200
39300
-35900
41700
24500
-20900
-118700
31800
-14800
105200
-99300
-287500
259100
-134200
243700
-375700
369100
-318600
184100
-275900
327400
-296100
261100
-254900
-13300
-50900
24600
-194000
123000
-27600
59200
-99900
-22300
53400
-89000
124200
-119700
62700
-150100
109700
-87900
388200
-519600
250200
-239600
104900
-216100
290600
-218300
356100
-482200
-1500
9400
-97100
-45500
58400
1107900
-1192600
11800
221100
-121100
-25100
78300
-215800
20400
-101700
62400
-90300
61000
40400
190900
-340800
89400
-56900
-31100
-51700
343300
-503900
249700
-94700
268100
-568900
184000
-129500
111400
-161400
118000
-245800
189000
-5800
-54500
-30000
-30900
108500
-119500
-35300
10200
-27800
-53400
598000
-550300
70500
-296200
335500
-384300
386300
-276800
436500
-525200
81300
30700
-44400
-138900
1000
51900
-72800
-36200
-45500
39300
-3700
38800
-169600
208700
-189100
28400
-145000
68800
12500
-58000
201300
-105900
-180900
280200
-455100
315000
-356500
489300
-486600
22600
70800
136000
-159900
-95200
2100
-137400
136200
-41500
20100
-54800
95700
-68800
-45300
-76900
65500
22200
-29500
-107600
89400
-135300
164600
-169200
195900
-229300
299600
-479300
214800
-216200
336800
-320500
205900
-350200
68600
46900
-27500
-91800
38900
44200
-122900
65800
-55600
194200
-274500
189900
-278800
56800
-3000
-4300
-126800
79500
120400
-26800
-160400
82500
-273200
402100
-389200
98300
-24000
92600
-187400
50000
-101700
37700
-105400
52200
-92300
17800
121900
-174000
88800
-24700
7100
-129300
56400
-97800
45500
-41900
253600
-376800
399800
-272500
75600
-242300
369100
-395800
265500
-451900
142800
41700
27400
-79900
-152300
282000
-295900
70500
277000
-328400
-34000
24000
-8500
83200
-254600
21500
-41700
114300
-100400
142300
-314500
383400
-306200
308000
-277600
278300
-409500
145300
-129900
108500
-174400
-10500
106700
-45000
-86300
-72000
29400
-45200
153900
-184200
57000
-133000
160700
-110400
-32300
-120000
241500
-309300
244400
-112700
33500
-272400
491400
-442000
70100
-197400
277000
-385700
128800
-106300
18100
4400
83000
10600
-180300
183000
-188900
-1800
-48600
9100
19700
7700
-75000
84100
-174700
116400
-168800
276200
-303900
392800
-423200
175100
-128600
117900
-159400
161300
-304400
-3800
50700
-49100
-65600
74500
56700
-79300
-84900
-44000
167600
-125600
21900
-90700
44700
-131800
254100
-232300
-53700
1500
40100
-94300
35300
-59800
485800
-657100
281600
-158800
180700
-337100
159800
-162600
58500
-86000
-65600
32900
90400
-45300
-79100
26200
-84500
250800
-229000
-19100
-63000
70000
-34600
261200
-528700
387600
-372500
420000
-421900
267700
-226100
238100
-186500
-110500
34400
-24300
-119100
-91300
15000
159700
-75900
-53900
137700
-40800
-160100
28100
-66400
1900
19600
-97600
289500
-304900
175700
-87500
-100
-166200
376700
-408000
390700
-407800
122500
-102200
286800
-400900
9000
-89900
106500
-10100
-162900
18700
103900
-144200
194500
84400
-150400
-122600
-51300
37600
-101500
51400
-97200
129900
-69200
137000
-350200
337400
-358000
378200
-519800
464700
-339500
120100
-82400
42900
-158200
68000
-95800
3700
-4800
-58400
11500
-63900
145100
4500
-189800
-52300
127600
-85000
-75000
-79000
198200
-231700
349400
-216900
109600
-304100
468000
-498800
177500
-195100
139100
-218400
228900
-305000
31100
25900
-22400
16800
-71700
116600
-120800
69200
-78800
84900
-103700
83500
-214000
40900
-72600
73300
-188000
319700
-223400
371600
-393200
-94100
-33400
420100
-490300
3900
-128500
115500
114400
-78200
-106300
24500
43600
-75500
-12600
-40200
29800
-40600
-30800
81400
45000
-152300
-48500
-6000
-16500
-21800
87000
-155600
198100
-229500
229900
-286600
185500
-278000
44700
-55200
133600
-139200
37000
16200
-236800
18600
31300
-21100
96600
-61800
-3500
-55200
30000
109300
-393400
261600
-174400
132600
-135600
-40400
-39400
196200
-122700
361100
-595100
283900
-179900
74200
-112800
-1500
-31300
-24500
10000
87200
-200500
57900
29200
-12500
-38300
-200600
185000
-268200
403300
-251300
43900
-143800
56000
-66800
173400
-180400
174900
-247400
191900
-121700
156900
-419100
129500
-119700
175400
-173400
131200
-99700
1700
97700
-184100
98900
-128400
-49500
94400
-24800
-92400
161800
-65900
-76600
-220400
205000
-137900
137600
-196100
166600
-359700
600000
-434200
151300
-261600
153700
-64100
-22900
-170500
26700
11200
-16200
-6600
-15300
-16400
-170700
61000
-67000
87400
-40000
-19600
-40300
134300
-84400
45700
-59800
147500
-284900
287900
-458100
279500
-240000
256400
-116300
-20900
-141800
37800
-29700
-53100
-136900
67200
-17300
139600
28800
-405700
144900
17800
212200
-211500
75000
-155000
60500
-6500
71800
-353600
435700
-338800
186600
-206000
478900
-522800
206900
-226300
42700
-97700
95700
-169400
-19800
53600
-41700
-82900
9300
141400
-44200
-103100
-64200
107200
-81600
113400
-152400
-21800
-48500
22300
-123200
180800
-249800
348900
-344200
162900
-159600
285400
-379100
130900
-124300
-143400
90500
-94400
22100
14400
-7700
-46400
72700
1300
20800
-142700
46000
-69000
54600
-65400
78000
-246400
191100
71000
-2700
-335900
319800
-293900
453600
-605700
248300
-196300
17100
40700
123500
-173400
-130300
82100
-59500
-62600
1200
42300
-44400
23100
1400
-73100
50300
-88900
-99700
139600
-145200
196500
-205800
500900
-633400
379900
-314700
203400
-293000
151400
-131300
75100
-148200
116100
2300
-176000
176800
-211100
55400
-13200
-59600
33900
-65100
-25400
110200
-175200
-38000
-23800
-3200
27300
-37600
18300
17900
-18400
161300
-320400
146300
-220200
346800
-427700
141700
-152400
55900
85400
3200
-209000
-9500
163300
-174700
85100
-119200
104600
-97000
-10500
56000
-13800
-108400
8200
-119200
134200
-166600
243600
-209900
181800
-162700
295100
-560200
220700
-176000
57100
-19400
-22600
-30300
15500
144700
-318600
-1300
134700
-126400
74800
-176600
13900
48700
1748100
-1860200
49500
38700
-82100
280600
-381900
265200
-251800
49700
10500
281000
-470300
-70200
158100
63300
-252300
62900
-108100
65500
105900
-138600
-37600
-23500
124400
-273600
155500
-168500
63600
40000
82100
-203400
97500
-131600
101500
-122100
280200
-358500
238800
-271900
440300
-326000
-91500
-30400
128100
-278600
-52700
113500
39700
-10300
-78300
38900
-110800
122400
-67400
3500
-102200
26900
-67700
74800
-74900
-7000
-104300
447000
-484800
162500
-118500
208700
-319000
118200
-69700
338900
-547000
131700
-145000
97000
10000
-159700
-18400
72700
126500
-112400
-89100
-22400
117700
-165400
23300
-74200
24800
-31900
176000
-185300
66500
-199500
20900
-27100
142700
-135200
27700
-225700
304800
-70700
-71100
-222100
104200
125700
-194700
21800
23400
124500
-178300
92700
-199200
62900
-75800
57900
-96300
93800
-146800
5100
127800
-63100
-136600
229200
-251500
193700
-347500
250700
-256600
274700
-176700
295500
-398900
-5600
86200
-158500
36000
-91300
135900
-167900
117400
-49700
-50600
-75000
-5100
-1300
163200
-190200
-17700
-208700
260900
-118200
-43900
-41600
195600
-334600
259500
-334100
405500
-240200
80200
-156800
-27500
21500
-41100
1800
-179100
142900
-75800
-38600
-52800
122900
-20200
-26400
-145500
78200
-93000
109300
-117700
116300
-119800
246500
-358500
285000
-330700
351000
-379400
280000
-326500
60000
81300
-81200
-163800
13500
-34500
79200
-34600
-161900
63700
-18400
151000
-93400
-50100
-68000
27000
-11500
101700
-182900
112300
-103900
191300
-312500
142300
-193900
518600
-506400
55300
-145200
161800
-157300
173100
-107200
-148300
114600
-69600
-114300
69900
18000
-99600
-55200
100300
71000
-221700
39600
-84700
87300
-100600
183400
-142800
51500
-156600
305600
-431800
155100
-135000
204500
-275600
120500
-143700
74100
24900
-113200
-75900
24200
114000
-95600
-77000
-21300
125000
-160300
51700
-77900
-124300
45600
2800
62600
84300
-129600
131100
-295000
237100
-212200
433400
-546700
243000
-222000
75200
-198500
95500
43100
-68700
135700
-157300
-145400
100500
-19600
-51800
88900
-131300
-107300
122300
-11400
-151600
86000
-184900
414900
-448200
357900
-445500
319500
-180100
552200
-720400
288000
-260800
100200
-141800
84000
-3800
-103400
146600
-97300
-176900
36100
21700
17300
-57000
-61000
93500
-130200
183200
-68700
-116200
-121700
122300
-58800
145700
-283800
237400
-270500
577600
-487800
-4800
-245700
205500
-58800
-5000
-1400
-217600
116400
-59400
141400
-268300
141300
2500
-61400
-57600
145500
-140000
48300
-38200
70100
-316700
304200
-358700
144900
-82400
264200
-159700
73400
-169600
181300
-239800
125400
-348100
152800
-94300
97600
-100
-33900
-33400
45800
-189900
81900
-23600
-61400
116700
-151500
155900
-206400
108700
-19800
-64100
-257700
262300
-157500
219400
-295800
29700
65700
234800
-288400
600
77200
-185100
89300
-245700
128900
9200
-95700
30400
-6100
-82200
105900
-241900
138400
-49100
-17000
-29100
232900
-191600
51900
-193300
157500
-110700
-50100
8500
285500
-392000
-85000
91300
371900
-604400
72300
-10700
-35500
175800
-138900
48200
-201500
275100
-140600
-17500
-211300
199500
-150200
-71900
86200
159800
-136400
39500
-65800
-49800
-63100
302900
-412900
152700
-29600
135900
-450000
481500
-171100
-13100
-215300
-103000
642600
-699000
70700
64900
-110500
46000
12000
-133800
53400
-184100
534400
-575100
233200
-191200
257000
-276800
287800
-215500
213500
-534500
275000
-168200
285800
-311300
22800
32200
-47700
-103300
-59500
121000
-107400
8000
-31400
-72400
33800
141300
-37100
-189100
-20000
40800
-184900
346200
-380500
287700
-104000
310600
-331900
156500
-332600
345400
-492300
87900
-17700
151000
-177300
-14200
-101800
58000
-63700
37600
-117400
101500
95800
-124100
32100
-148000
143000
-149000
49400
-36100
142000
-114300
54900
-288700
365400
-254800
349200
-537000
71200
-38600
136400
-284100
211500
-131400
500
73200
-31800
-113000
-39100
89700
-72300
-55300
-17100
15200
-5300
221000
-176400
-49900
-99000
79900
-209400
281100
-341200
387400
-321300
128200
-86800
75700
-119900
231800
-322900
410600
-494100
123600
-109200
103200
-119300
-24300
28000
-27000
-85300
-16500
46600
10100
12300
-26500
23600
-171700
37500
-8100
231700
-366400
256600
-322200
182900
-143800
190700
-237400
217400
-220200
-58800
-13000
500
-122200
38800
114000
-64200
-169800
92400
-167000
196100
-12000
-219700
255500
-126700
12200
18200
-8200
-71100
-6600
-185100
176600
-218800
489200
-587400
375700
-250500
-27000
5900
109600
-227700
117600
-80800
-77800
298200
-360500
-4200
-62300
119100
-52100
64900
-96800
-7900
-129400
42200
-52400
181700
-243800
189600
-227200
142300
-247300
516000
-396400
324700
-365200
343100
-473100
33600
-101700
30300
39600
-124000
-67000
-48800
258900
-17000
-184100
36400
139700
-212400
335600
-379900
7100
19500
25700
-38800
41700
-112200
335400
-573200
316500
-274500
416800
-455600
298200
-246300
-113000
-67400
134800
-125200
30400
-21000
61600
-128500
109300
72400
-126000
55600
-182100
-12200
-8600
221600
-324900
159600
-32500
62200
-275400
222500
-215100
479300
-620700
352000
-295000
295600
-167500
85000
-387200
-38600
168700
-113600
86400
-112700
89400
-81700
96600
-89700
52300
-101600
-3300
-71600
76900
-62600
-42600
-106900
273300
-255300
193500
-220100
79300
-165200
414100
-400200
193900
-323300
177600
-104200
-241300
195300
-27700
-21400
21400
-70200
-24300
86600
-31200
-68800
-93100
66000
3500
32300
-221700
180200
-160200
179900
-208100
194400
-229600
412500
-560800
229800
-152600
285100
-302600
80100
-155800
21400
-21500
-36900
-61700
-22600
-68000
112100
10700
-112600
267600
-114700
-37200
-194000
74600
-72700
331500
-387500
207100
-309600
204500
-120500
373300
-591900
448200
-407600
86400
-38800
10700
-104200
1031900
-1076000
41000
-62900
-6900
36300
-104600
9000
27600
13000
-28500
32900
-102900
10900
-137200
366500
-547500
302900
-257300
301800
-219200
387300
-508800
366300
-406000
48100
-2700
42000
-119800
-47800
129200
-36100
-136200
52200
16700
-122500
107400
-117300
34900
-115100
169900
-147100
142600
-155100
-63800
-42000
175300
-190800
166800
-301400
278300
-219600
398600
-655600
188900
56200
-161900
11200
-35600
-150600
329800
-167400
-87400
-3000
-19500
74100
-29700
-71700
-43800
-47900
82200
115800
-228600
130700
-173500
274100
-276400
169700
-125600
229300
-223800
28800
-102100
-62300
-82900
-78600
36400
17000
-145800
45600
152100
-61000
-22500
-250900
188500
-105000
-83400
119000
45000
-75700
77200
-143900
110900
-164000
149800
-294200
229300
-238600
353300
-323600
222900
-248800
-40600
5600
71000
-115700
-14200
97100
-233600
158200
-160000
204400
-248500
6900
-70900
74900
-11900
-102900
48400
-113600
67400
85000
-271500
387100
-318700
343100
-358800
219500
-249400
289900
-262400
15400
-189700
88200
-43000
-60900
99400
-142400
94200
-35800
-37400
-82800
-35800
-47000
80900
-140000
131400
-212100
205100
-221100
400800
-413800
268000
-333200
223600
-214400
247500
-196700
273600
-351900
112200
4200
-38600
-330700
123300
89700
-38100
-98100
56800
-2900
16200
100500
-370600
205100
-57200
-23700
38700
20600
-316200
247000
-93000
199500
-334300
113700
-244300
318600
-321200
390100
-302800
30800
-84500
239100
-498700
197100
-164100
182500
-58600
-86200
41300
2000
113800
-108400
-74400
-40600
40100
-61900
-23300
1900
119900
-185300
123700
-132800
139000
-147500
253600
-344500
97400
-154100
220100
-214700
75400
57000
-259500
-29600
-110200
174000
-73900
-88200
-6700
-22800
200700
-55200
-228700
143100
-60000
-41300
-152800
271200
-218900
210600
-158600
166800
-324600
459700
-448600
85600
-182800
90600
39500
-179300
76300
-17200
75400
-122700
-52100
-118400
149300
-84800
-67300
67800
53900
-3800
-122300
-111500
75700
-84500
90900
-117900
168700
-253100
370200
-282900
-16700
-127500
193200
-170600
103600
-224600
88300
-43400
79100
-108700
-90900
-101500
95600
-23500
-86600
97000
10100
23100
-103200
63000
-160500
53000
-108900
155100
-110700
117600
-256100
113700
-22100
384500
-469000
75700
-178600
189400
-199800
70500
-128600
75900
23200
-14800
-271500
138300
22100
-66200
7900
-68400
49500
-18100
102600
679200
-806000
-132700
362700
-131700
-212500
-83200
188200
-162600
306000
-248500
-12800
-53600
35900
-183600
-500
112100
-165200
-85900
104500
71600
-171900
-68800
-90800
210000
-148700
39200
-25300
-55600
54900
16000
-203900
78900
-133900
236000
-147100
202900
-412100
258500
46600
232600
-566200
209000
-317800
225700
-82500
-60200
-68500
61700
154100
-103800
-64800
-57900
44900
-80500
-122100
155500
-75700
-195300
284500
-78100
-20500
-224000
133600
-24600
148400
-169700
31400
-184400
484100
-375500
-47600
28200
-41200
-174900
48000
58300
-147100
107600
9400
-24700
-166100
129300
-108100
-35500
21400
48600
-54400
-37800
66400
-4100
-172300
132000
-235800
112900
-118100
471400
-575800
207500
-122600
238900
-334200
-19100
51300
-45300
47600
-130500
4900
-37500
171000
-168500
26600
-91800
-58800
52500
100600
-170900
34900
-56600
104700
-101200
-77900
3700
170900
-265200
166800
-320200
500600
-342000
43300
-105500
77400
-104300
-37000
45800
-156300
207000
-186400
52900
-74000
167500
-255200
159300
-240600
123700
-57100
349100
-357600
57000
-38900
43500
-146200
29000
-68900
343800
-517000
189100
-163900
172600
-254800
191900
-143900
168900
-151400
-78200
-36100
-25000
18800
-29900
19000
8500
-39500
-94000
-125900
45100
-22100
87200
182000
-341600
282000
-103900
57700
-321100
61500
-60900
258100
-276600
48200
-134300
326600
-217900
-298300
208700
1301900
-1517500
140700
80500
-195600
75600
71800
-1500
-200400
9200
31200
5100
-44900
96700
-192100
115800
-217900
304900
-250400
357100
-614200
307900
-180600
147700
-135500
-15700
-78500
106400
81300
-365000
143000
-166400
197700
-88700
49100
-216400
203200
-47800
-115400
21800
-10200
8600
1600
-96100
127200
-207500
366500
-308800
41100
-309300
479100
-343100
-39900
-24500
-7200
88700
-50800
69100
-167100
15800
-36600
-46600
-24100
-1500
44500
-177600
164000
-14400
-35000
-96500
-101300
121200
-121500
155800
-215900
203200
-144400
453000
-677400
249600
-189600
53700
30100
-10500
-17900
-107800
178400
-80900
-134200
-32400
-18800
72400
-64600
-146700
138500
-65200
175500
-241100
45400
-118500
139600
-155100
101600
-173000
361600
-307200
129300
-187300
67200
-131800
170400
-323200
98000
73800
-110900
-68200
144400
-45500
-86400
13100
-126100
14400
-80300
153400
-127800
145500
-147600
115100
-154200
161000
-199800
80400
-116300
211000
-240400
9700
-10300
278900
-524800
114200
-36500
55300
-124100
16700
-64700
-65000
125500
-56500
-186200
85400
96800
-130900
30700
-125100
46600
-64500
344500
-283500
85600
-168400
-12000
-134500
294200
-311800
492000
-453500
243300
-242000
89400
-140800
-160200
2700
1268600
-1149800
-210300
239800
-118100
-36000
-26100
-143800
92400
60100
-138800
130500
-287600
311500
-257900
269300
-228700
181400
-311500
423200
-378000
255000
-387000
56500
-15300
166100
-361700
162400
48100
-168900
49300
-40700
-18300
42100
54500
-68800
-78900
-20600
34500
-45200
-20300
-72700
76200
-158600
291400
-240900
123400
-147500
257700
-325100
141100
-182000
-2200
-95400
148300
-58200
42900
-81100
-87900
-81700
59600
-19100
-41800
-121000
149100
141900
-341600
167900
-95400
133900
-100800
-21500
-131300
151500
-43600
133200
-413400
270400
-259700
456200
-504200
169800
-123300
278000
-193600
-50100
-115400
9400
113100
-309800
250000
-149100
144300
-149600
36700
-108900
56900
2300
-300
-110700
54600
-107300
94800
-332900
446600
-251000
335700
-442700
112400
-128900
96600
-172600
191400
-150100
57300
-134500
121700
-193800
5500
92200
-149300
24200
77100
-68600
31300
-99300
-86300
137000
-106600
24100
-124700
175800
-207800
262000
-170600
143900
-307000
435300
-458900
297600
-482600
176800
32900
-63800
21000
-36000
-158900
44900
60300
-253800
166000
-38600
-18800
14200
110200
-54900
-15800
-222800
272400
-199000
73500
-198000
371700
-378500
311800
-226300
119400
-326700
76800
-23300
122100
-208100
56600
-11100
43200
-68500
556700
-730000
94700
-63700
-700
78500
-77300
-56500
11600
53700
-136600
45100
-166400
205200
-184100
140500
-331900
505100
-326500
361000
-479100
27500
1890900
-2074100
105200
95900
-124900
-42400
18200
109800
-101400
-51400
-24400
61500
-198500
-4900
40400
-17500
172800
-56700
-116600
-247700
255600
-272500
187000
-127800
97700
-104300
336500
-307700
-15500
-12600
-91400
-107100
38000
24000
24200
-200600
136600
-102100
7100
56400
-107400
0
-62300
93000
-67000
66000
-64800
34900
-58100
214000
-272000
12200
-18700
251400
-382500
208500
-219500
199400
-393100
367300
-212300
-95500
89900
-102700
-46200
-110500
218300
-20300
-238500
67800
21900
47300
5000
-252200
157800
-101700
106700
-28200
155700
-298000
342700
-388100
-54100
-31800
169700
-143100
243800
-214600
-164200
83300
-22700
-148000
56200
-34600
42500
-39900
-30700
-47900
28900
-89700
57200
53200
-206400
64300
-20500
33400
53600
118000
-295800
258200
-339700
321600
-361000
552300
-567400
140500
-79600
90300
-183700
-16000
-58800
76900
117800
-195300
-22800
-55400
199900
-99600
-259000
34100
70500
22800
203500
-280100
236800
-262700
101000
-60000
99600
-287000
288200
-280000
71700
-125400
1500
17800
-27200
3600
-91900
117500
-190700
-144600
125600
93800
-65300
-165800
163000
36100
-303500
203900
-21000
9700
84000
-82700
-138300
41900
-175700
453000
-389600
147700
-197900
455500
-592900
163700
-160400
68700
4000
24400
-200200
40200
-1900
-21900
-17700
-19500
74200
-111300
-9600
14100
-124800
386300
-386500
-70800
193600
-312100
324400
-378200
547600
-361600
322600
-482000
117400
-159200
60200
23800
-21600
-163900
152200
46700
-156700
-31000
-27100
80600
-130400
-22200
50600
21200
11000
106700
-331100
67700
-26700
42200
-230700
392400
-337200
198700
-226200
358300
-351500
61900
-83100
-57600
-79500
97100
-237000
167200
35400
-27400
-115700
-26300
-50100
66300
-93400
-123900
243500
-126300
85100
-88300
56600
-160800
222700
-256200
314900
-267700
27400
-143600
436100
-447800
177000
-255800
138300
-131900
-61300
10000
-57900
900
97400
-123600
-10200
-5700
28000
-16600
-123800
36500
-3300
13900
-97700
94400
-167700
100000
-124000
233100
-279400
277000
-225600
84000
-110900
442400
-580500
108300
-149100
55500
-18500
-32900
5700
-89700
138900
-91400
-112200
-14000
103400
-125300
200
-42800
71800
-61000
33800
59200
-149700
-119000
116000
-158800
267500
-244200
425600
-461800
239900
-384600
222300
-206000
79700
-114000
91600
-185200
38400
-25300
91100
-13500
-193900
107000
-40600
115200
-125100
-35600
-57100
199000
-123000
151300
-195900
-40700
-69600
18900
15100
149400
-233200
63400
-33000
218800
-426600
98800
-32500
-52200
-191000
155900
27400
-51300
16700
58600
-216700
79500
-104800
-13500
289400
-288700
63100
-158100
488900
-445200
232600
-304000
243600
-343800
462000
-459100
-56600
-130200
400500
-165100
-103400
-19500
-67700
12000
-28300
-151500
108900
-100
140100
-77300
-71100
-5700
-44700
-5800
-113900
113100
-130100
254300
-159400
464600
-675000
314400
-304800
263200
-329000
111800
-8900
172100
-319800
144600
-170100
41000
-172300
37800
13400
52300
-115800
82600
-63400
-35800
4500
-6400
-25600
-67700
94700
-148800
181700
-204600
210100
-133900
149500
-296700
260300
-303700
196200
-453600
222500
-62800
263900
-396800
82700
-187300
227400
-101400
-50600
6500
-39200
2700
-6200
7800
-15900
98600
-151400
91500
-186900
195900
-209000
31200
-3200
167500
-198500
195400
-427300
225600
-87300
13700
-88200
45100
-180000
226000
-196900
73300
-120500
-79200
59300
-165200
125100
-37900
36400
20300
95300
-332700
239100
-160400
244300
-400900
331300
-197100
134600
-113400
223600
-359000
350000
-398000
58800
-69400
-58100
-83500
138800
-73100
77400
-184600
1000
-33200
-2100
119200
-119200
89500
-76700
93800
-141100
-47500
-69900
155700
-150900
37000
-61800
153800
-28700
182100
-415900
280900
-228400
-8000
-92700
140500
-170900
-54000
73600
6600
-118500
-47300
-17900
-26900
-8100
-58800
234800
-224900
117700
-136100
12800
-121900
108500
-109600
69700
-89800
166500
-219600
309600
-284700
151300
-263200
69200
-125400
120100
-246500
24800
-2700
100200
25200
-119100
-1700
-34400
78000
-239100
134000
24900
743200
-761000
186500
-328300
232500
-355700
224300
-254700
290500
-287700
258700
-218300
388000
-459700
-74100
-103700
206600
-57100
-60400
-138500
98400
45400
36400
-135400
-34100
-131000
129100
6200
-90300
104400
-193500
145900
-29400
32400
-159800
164000
-369500
301300
-235800
364100
-444200
507000
-303400
-108400
-56000
34900
-203600
66400
-24600
69500
-108300
126100
-109300
-19200
-66200
-71300
84700
-46500
25300
-73100
285300
-242600
117800
-225600
262600
-381100
321900
-286100
53800
-211700
250500
-225400
358700
-348300
-47000
-28900
-10500
21200
-17700
-6300
-500
-20500
43900
700
-124600
76000
-293400
245900
-81100
33200
-170400
242300
-295400
32200
-48100
259700
-234200
296100
-437200
193000
-131200
248500
-252000
-72200
4900
1000
-80500
600
1400
-123300
1200
103600
112400
-310100
181800
-262100
108600
52600
86900
-117700
100800
-216800
230200
-444500
883700
-623300
-28400
-141900
357100
-299200
-71600
39200
133200
-248400
-57500
-19300
-32100
-69800
61200
30800
-135100
80500
67500
-87500
26400
-15300
-122800
332100
-357000
35100
-208300
364400
-342400
317100
-288500
30100
-181700
237200
-59300
66400
-351100
312200
-108200
-80500
-53600
-29500
53000
-60700
-153800
50800
130300
86700
-63400
-226100
95200
-90100
34500
-134700
412700
-521800
392200
-223800
124100
-277600
453000
-567300
398800
-367400
359300
-369000
93500
-54000
-37500
-84400
-69600
2100
50400
47400
-83400
98600
-82700
10700
-121800
27800
-20400
259800
-312500
-110300
-54500
175200
-195800
379000
-398600
70300
-77600
129300
-174700
131000
-311500
172800
-52700
197500
-181300
-87300
148300
-87800
44900
-58800
18700
-177700
-66600
149700
50300
-142900
-82700
121700
-143600
-128000
212700
-242000
535100
-480900
294500
-338300
328200
-391100
49000
-132100
26000
50000
-63700
79500
8900
-124400
-37000
125600
-197800
132400
-139600
21800
-221400
324600
-99700
-49300
-15000
-157000
-5700
233800
-248400
152400
-155700
214800
-221600
49600
-135500
34500
11600
-105300
-53400
-8800
-2300
109400
-258400
96400
41300
-136000
60100
49200
-156700
8700
46200
20300
118500
-261400
110800
-255500
243700
-262200
436600
-379200
239300
-103900
564200
-675800
-53900
-20400
-29700
25900
-125300
9100
77300
26300
-111000
-35200
-4900
-48600
-47200
69200
-139000
180300
-79300
-2500
-92400
-12200
-93500
200500
-189300
206000
-248900
102300
-104700
455200
-602200
38200
-28900
30500
-58900
-76900
131000
-98600
-9800
88700
-28200
-106600
35000
-32500
-8900
-152200
150000
-103100
174400
-173600
63900
-164200
152900
-146800
142400
-238600
161800
-219500
273900
-223300
7000
-80200
-42400
-184500
199100
-43400
-47000
-46100
33200
14200
-21500
36300
-159200
43000
-180600
142900
-6400
-11700
46700
37700
-119900
65800
-175400
259800
-335400
201800
-322000
224100
-184500
142600
-46300
-95700
-66500
69400
-62200
36100
-85700
27600
-155000
253100
-114000
-76300
-11900
-27500
27000
-7100
-128100
-112900
119600
86700
52500
-234800
-5600
69000
-200
-141400
418200
-632900
221800
-132500
89500
-78500
-112900
51700
-55200
124700
-118000
68700
-63800
71700
-2600
-102100
-243200
174400
48800
-95900
-16800
50800
-268700
479900
-346400
153900
-191700
58300
-28500
180300
-474800
155700
-61400
131000
-128600
12400
-68000
-69100
108400
-116800
-13700
43500
-51200
102300
-26100
-85600
68700
-119700
-32700
-104400
245800
-190100
-160200
130500
214200
-286200
-17600
74900
36800
-94400
-180600
36100
105200
-144900
173900
-360400
213900
-57600
3500
-112900
37200
-123600
39300
148600
-136100
123400
-218700
84100
-40000
95300
-184900
104000
-257400
248500
-76500
196900
-488200
292200
-203600
117700
-149400
-36800
-75400
243800
-95900
5300
-107000
-168800
75800
-56200
123000
3600
-158500
136000
-116300
14900
50300
-45500
-285900
108400
285600
-255200
108100
-102900
504500
-797600
348200
-158400
76500
-120300
-15000
-52700
-84100
77000
30900
-141000
29000
-98300
110600
-77000
12400
-25100
21400
92500
-164300
59700
-222900
118100
-68000
61600
-95000
90400
-183400
407500
-348200
103700
-319700
115700
-57300
80200
-192900
81000
-39100
91000
-38700
-104200
160800
-167300
86700
-126800
-86800
-37000
60100
43700
-18700
-80600
4300
-122000
303100
-331800
208200
-310200
420700
-303400
277400
-326100
5200
-22200
-7400
-128100
3500
-11000
-40800
19500
82100
-184200
89200
-76600
66100
-43400
-36100
103300
-165200
148200
-152600
89800
-248000
204500
-126600
222100
-303600
152900
-169900
184000
-173000
12100
-152800
142400
-193400
80300
-110300
50300
-20100
39000
-29100
-113000
27100
-10200
-35200
37300
7100
-186000
87700
-50800
103800
-222000
256600
-201000
234000
-300300
484500
-532500
123200
1000
181900
-569900
259900
-108700
-7900
-5900
-44100
-54800
-34300
107700
-15300
-58900
15000
-39200
5800
2900
-113500
187800
-219900
14400
-38100
175100
-391000
327700
-179000
337100
-416000
200200
-117700
-28400
-93700
-35300
-47800
-60700
22500
34700
-207800
166800
-72600
109400
-60900
-87900
-15600
33100
-53600
-31800
349700
-345200
-171100
212900
82500
-287900
110300
-169900
248700
-328100
296500
-385600
255900
-160300
134800
-135300
-46000
-63600
-12700
20100
-38200
-81600
93000
36800
14800
-79300
-26800
62800
-187000
331500
-388200
120000
-165000
218800
-271500
3200
10900
69900
-133400
261200
-406000
278900
-189700
169400
-192400
11000
-92900
-65600
93100
-41900
-156900
86200
26000
2000
59500
-110200
49900
-120800
122100
-28900
-85800
-245600
322000
-146100
91600
-351200
406300
-217100
13600
-270500
230200
-131400
82900
-70100
33800
-47800
-182300
152400
-139600
-69200
154100
-84000
39300
-67300
101300
-169100
-19200
152400
-171500
17400
-176300
213600
-47300
52400
-145900
125000
-300700
163000
-122500
86100
-238700
250300
-214300
164000
-73800
-64300
-94800
16200
-33400
14100
126000
-323500
191100
58600
-69900
-34300
-4400
-23200
-67800
-32100
333900
1388000
-1737100
54300
33200
-142900
17200
-153900
163900
-248600
64800
-69600
48300
-76200
12700
14100
-44100
-7500
7300
-36500
-5700
-45400
-69200
200800
-174100
37600
-122900
-75000
94400
245000
-338600
192600
-185200
444000
-366200
-224000
94000
89100
-193600
127500
-135300
39000
21100
15500
-174800
17600
42600
-31500
-282700
147700
-1000
-36800
89400
2200
-54400
-143000
140100
-98000
34200
-82100
164100
-122000
84100
-310300
305300
-269400
8200
-65200
-53400
900
-78400
185400
-107800
69300
-146000
3500
-34800
63600
-24900
-52800
-79500
109700
65500
-180500
39900
-29500
-51700
14800
-73200
240300
-393500
241300
-155300
446700
-423100
-11800
-51400
-62900
-40200
38900
-11700
-22100
-78900
106200
-20700
-105000
31900
-133400
131400
-152700
178500
-186800
16700
-166700
254300
-218100
-94800
-34700
407000
-325300
97300
-275300
382000
-286600
107200
-102900
-59200
-12700
-145500
156200
-162700
99600
-20300
61900
-12700
-194700
69200
34000
-131700
-110500
76500
157300
-228400
102700
-21800
-19800
-118900
473200
-495700
-3200
-115600
410200
-343800
72900
-190600
5700
60100
-144700
2400
76600
-25700
49500
-106100
72600
15000
-174800
13000
-45000
23100
39100
-90100
-20000
-84700
214200
-314800
121300
139300
-86400
189800
-308700
153600
-212500
132400
-233200
154800
-198600
110200
-253300
144800
-25900
58200
-119800
12500
86600
-102300
-42900
31900
-14800
-6500
229000
-374700
-35600
-83700
481500
-300200
-96200
-40800
461000
-510900
252000
-308100
166100
-145900
131800
-191400
28400
-38200
-65500
-22400
43800
-165600
87600
52900
-7500
-149200
13600
72200
-132600
39800
-177800
176200
-21700
70800
-71900
96500
-300900
214900
-221400
2900
-72000
99700
91100
-85000
-97600
57200
-97000
-12200
-237100
187200
76400
-135200
-69100
95600
-39500
29500
-70900
-62200
185800
-388600
287600
-333300
148900
28700
333500
-363200
111900
-197100
299600
-398400
86900
-98200
-1700
-42400
118400
-78000
-18400
-100400
66000
-171400
73700
19000
-66000
57300
-31300
144400
-238500
71000
-108700
89400
-106800
30300
-113400
86700
-89500
216200
-283300
222300
-257400
52600
-208200
47200
-134000
224100
21100
-25800
-73200
-16000
-67400
-24400
149600
-364900
233500
15100
70900
-154400
-11100
-130900
143800
-167300
300300
-478900
364900
-275800
252400
-123500
48200
-149200
-150400
-12500
52300
-32300
-16500
-33700
75800
-35400
-15700
-197800
93100
8600
-57900
33200
-91600
136700
-118300
133400
-201600
195500
-262900
158000
-2000
-97800
-97800
1200
35200
308900
-483300
32900
-15900
52200
-108000
5100
-15700
-184300
179200
-7700
-82400
-34900
-45200
11000
41100
-96200
150900
-118000
123700
-149400
47100
-172700
34300
-69700
249300
-278900
181500
-237800
370400
-264700
-66200
-149300
-89900
81700
39000
-211000
76400
-98700
144200
60000
-263300
128900
-97600
161800
-88000
6000
-245300
242700
-8700
-101100
-101100
189400
-122600
239500
-419500
196000
-235700
231700
-173200
117900
-105300
-80800
-85100
52300
-27100
-22400
-86600
73500
-27000
63300
-120700
-10500
-24300
27000
95700
-204500
131900
-192300
260400
-251600
85700
-160300
342800
-393000
162700
-104200
-115000
-55000
136400
-17100
-215600
49700
36000
-32900
24100
-122000
81500
-69300
103600
-75200
-55200
2300
-85500
144300
-177900
181000
-266500
179500
-172100
279200
-261300
296500
-495700
286600
-266500
20500
-13300
-11100
81100
-86700
-58200
-75000
-64800
-51200
132400
31000
-64100
-46000
118100
-35200
-103500
68300
-19300
-37200
142600
-180800
-68800
-48700
262300
-284500
312600
-505400
348900
-194100
-188000
114400
26100
-73800
17800
-10200
-52900
-13700
-32000
-46900
47200
-42700
11800
6600
-4600
-5100
-126000
61800
-49100
84400
-200900
132300
-5600
2000
-110300
255400
-442200
193800
-176500
70300
-88600
-62500
-18500
67200
-32100
39500
-126200
36400
-188000
179600
-105800
-49600
146200
-263000
237800
-60100
-74400
-24900
191500
-196700
52800
-123000
142400
-115900
264000
-418600
31000
-2000
-165700
99500
99800
-307200
167700
-45500
104700
-61700
-128500
-5300
61800
-257700
72000
175400
-130900
73400
-62000
122600
-289100
247300
-259000
56400
-115600
236600
-240600
126700
-194100
568100
-642400
240600
-352200
285700
-114300
-57700
-44400
-88100
161500
-28100
-212600
165600
-98400
17100
-143100
48900
114400
-239300
289400
-138500
-3400
-159500
131000
-115600
282500
-348100
210400
-243000
290100
-140600
-91300
-107800
-3700
-66700
1600
-74900
55700
-159000
246400
-165900
-142200
189900
-127000
-120100
95600
89300
38400
-114800
44900
-189600
16400
117000
-173600
-102300
70500
312600
-275300
110000
-164000
306200
-360400
35500
-258500
321600
-319800
125000
-185200
140800
-65500
111500
-12200
-66400
-108400
-117700
182700
-30200
3900
-82200
7200
14600
79000
-106400
53300
-253700
303100
-269500
136300
-344700
474300
-298200
-236800
104800
84800
-65100
-113100
-7700
37100
57800
-35300
48700
-127300
-113700
300
225200
-195700
83400
-43000
-61300
300
43900
-38700
116900
-80000
-5500
-234600
222000
-304800
140700
14900
-25900
-284600
159200
-172900
112800
-69800
-34600
52000
30900
16200
-95000
-21200
24800
-139100
35200
-20100
-130000
203800
-103000
126600
-201800
150700
-304900
260900
-359500
510700
-329800
-2000
-111000
196100
-151000
-108000
-87900
31100
-117600
96900
-112700
107000
-155300
246400
-38500
-38800
20700
-232000
190100
-53100
-287800
157300
108600
-82500
159300
-263000
395800
-456400
136500
-109500
-2800
-150400
56700
34000
-51500
-98200
32500
-59800
29500
-46200
32000
-38200
1500
147100
-187400
-86400
-58100
116500
-52600
184600
-275100
217000
-228500
290200
-324400
381400
-442400
-12600
-117100
165700
-242700
174700
-100000
-14800
67100
-96900
14500
-140600
66100
47500
-60200
-300
27200
-82500
140400
-131300
213500
-226300
-194500
54600
191200
-205000
64400
-106100
375200
-529600
262300
-232000
3100
-17400
87200
-160800
35500
52500
-61800
-106300
-22000
19200
45600
-85100
96300
-145800
-7300
202700
-55300
-219500
-6900
35700
-152000
172000
-150100
235600
-125800
159000
-349700
353800
-331600
-3900
-205700
60500
11000
69800
-104600
162500
-96600
-75200
112300
-154500
-42500
37400
-6300
-92200
69400
29900
34700
-132300
-66500
206000
-412800
76100
188300
-189900
167600
-142200
387500
-594400
148400
9100
-12300
-146800
28200
-34900
12800
-12800
81900
-177000
50300
-118800
179800
-97600
-36700
92300
-123700
129500
-198100
117200
-110900
54800
-131800
189200
-326000
238000
-315600
728600
-623100
41400
-174300
75200
-67400
-2600
4200
-36800
-4200
-109300
-8100
68600
-52200
35700
-45400
26300
60200
-285600
335100
-168100
-17700
-250100
382700
-288000
157800
-341000
680500
-606500
193100
-185100
350900
-556300
288700
-155900
-17400
-47900
5400
-47800
-31000
68000
79600
-174600
39200
-127900
106600
-46900
-12600
91600
-121500
140800
-191900
5300
-223100
328300
-272600
218600
-171100
124000
-358100
328700
-113700
-97400
-70400
34700
-107300
3300
16200
-3700
-86600
247500
-117700
-98000
-124400
16800
174800
-126100
91900
-246600
78600
-116900
164200
-199600
151000
-133600
205100
-258900
287800
-298300
-29200
10800
72600
-159200
-51800
-11700
67300
-193700
177200
-119400
67300
-19200
-59600
32100
-79200
54400
-113900
36800
-54000
126900
-158700
104300
-158700
67000
-126500
254600
-451600
328800
-199500
-26900
21900
174600
-119000
-118700
-80500
67500
-95300
53700
-96300
70800
-41200
20400
38200
-127100
26500
-70300
134800
-88600
43100
-149800
111300
-180400
627000
-544000
-36100
-44500
-178800
148100
-192000
60000
23300
50600
61500
-234700
-56500
33400
23500
-33500
37600
-111300
39700
81800
-28800
-197200
27500
-35200
-39200
162800
-224300
89400
-73800
243200
-175400
321400
-459500
149900
-149400
-57400
-172100
180300
-81100
-10800
-90900
143700
-84300
-60300
4000
22300
-65300
25700
-48000
45900
-62700
-41800
30600
-199300
127000
-87600
163200
-49100
149700
-271100
249800
-507700
347600
-84500
-243100
36000
-87700
67000
16000
23700
-59700
-165200
67400
-5000
99200
-93500
400
43700
-80400
45400
-49500
-50400
-58400
478300
-636000
334600
-286000
166300
-107600
388500
-354300
43600
-88000
-18800
-180100
81000
-87500
30300
-57900
98100
-141600
-12200
30400
-126400
77700
-65900
125100
-152700
57200
25900
100000
-405400
126300
-31600
36000
-57300
69800
-165000
265300
-172700
230400
-329200
98000
-143100
138400
-212200
-64200
29900
8200
23700
20400
-82300
-116100
94800
-37200
-79600
2700
48100
-32400
-47800
44700
-2700
-112100
280800
-326600
378200
-498700
199500
-125200
318800
-379900
41200
-196800
57600
-36000
92200
-144500
18100
-43200
138100
-23700
-63900
-193800
155100
1100
-107100
15000
-42100
78000
-51900
182600
-268900
-94300
29700
199900
-251000
280900
-359500
314600
-285200
53100
-142100
55300
-60200
48400
-23400
-53900
-9500
3700
76700
-159800
28200
-66800
14700
-205200
193700
-90700
98400
-109800
119900
-145000
-50100
-35300
307200
-349400
195500
-371600
408700
-292900
105100
-88900
-14200
-118300
24000
-79700
2100
34800
1600
-7300
-56900
18700
-70400
23900
-5600
3200
-104200
60300
-53000
-109300
43900
155400
-234200
13800
-46900
426000
-476200
68600
-219100
309300
-136400
-11400
-137500
24700
-20900
-19100
10700
-110100
6200
-18800
23900
78300
-141300
40700
-6500
-18400
-14500
-21800
-68800
-195700
290700
-225300
115800
-137400
197100
-243700
197300
-239900
190400
-163200
163300
-307700
141700
-85000
87200
-102600
-37800
-109200
13000
26500
40100
100900
-219600
56300
-43800
-14700
-200700
175200
-104800
260800
-123400
166900
-375500
145600
-172200
134400
-317800
207500
-79300
67700
-21100
-35900
-28500
-2000
-219900
174300
-111700
96600
-175700
65600
-38400
48200
-40600
-4700
-70100
38300
-122300
-97700
267000
-239600
228500
-155800
96400
-259800
78300
-15000
17600
-118400
-50700
-77400
99500
-22700
-4700
-15000
24500
-91300
-6200
24200
-88700
-62000
184400
13700
-176000
43800
-247400
128100
-237300
356400
-267200
156500
-102100
362800
-516300
28800
47100
55200
-148800
-15100
-1600
-154200
243500
-55900
-68100
-4400
-31600
-20200
-13400
-118400
143500
-84000
-126400
142400
-141300
-92300
223300
-118600
7000
-271000
366000
-265000
362700
-274800
78900
-249700
97900
-271700
219000
-165100
6300
60400
18700
-56700
-86400
-31700
-6700
7700
-11000
-25100
159100
-104600
-12800
-53800
-82200
181600
-205700
244500
-308800
405900
-481600
350200
-268200
166900
-250800
43800
-136800
-15600
-39100
95100
-91100
10500
900
37100
-71900
-23800
-236800
157000
2700
-32100
-17500
-54400
144400
-104100
88400
-153700
229200
-359900
119800
700
100800
-274400
261700
-214200
15600
-51300
-17400
-29400
-52300
-153900
199000
-153100
139800
99600
-99100
-100200
-45900
17200
-123700
118600
-93900
56400
-25600
181300
-257300
133000
-265500
205000
-371800
506200
-429100
201800
-256200
99400
-109400
88400
-46000
-71500
-49500
45000
-23200
27200
-21800
49400
-113100
-13200
-34000
-10000
-36900
-65200
-16800
72300
53800
-238600
251400
-222300
160000
-178600
16100
-59600
241500
-330000
197600
-99500
-20600
-151200
24800
-11600
6200
-55700
113200
-217000
143800
-22700
-44700
-124200
11900
52400
-66100
249800
-286300
137900
-151900
263400
-305400
109900
-280200
252100
-228700
128400
-119900
83800
-11500
-43900
-66200
11800
40300
-143100
62900
-103400
-131800
55500
220300
-184500
-39600
41600
9400
-93000
69300
-114500
105300
-204500
288500
-295300
224500
-216800
174000
-284300
-77300
-108400
384000
-426400
180900
8800
-160500
73500
17700
-73600
8200
-17500
50400
-75000
34900
-24100
-83400
61200
-156300
232900
-166200
-73500
-60600
255100
-149100
90100
-275800
36100
-31300
75300
-267300
252600
-187500
6700
15100
11300
-51200
5400
-99100
-75000
59600
59600
-119400
94600
29900
-37800
-47000
-83500
-101200
7500
196400
-206800
232500
-406100
434000
-215000
-2800
-145400
273800
-456700
161800
-88200
-44200
-5600
85500
-21700
10800
-146900
98000
-109900
35800
-27500
-25600
-103000
64700
80200
-159800
-4500
-88100
207700
-281800
214900
-127500
251100
-335400
86400
-247400
298900
-365800
58200
48200
-92200
-65700
94700
42700
-61900
-121700
145300
-36100
-61800
28300
-110500
160400
-204000
211000
-131700
-77500
50100
50900
-155300
-60100
-29400
204400
-195000
286900
-293900
62500
-292900
94000
-157600
112400
14400
77200
-101100
70200
-110000
-21600
-142200
85000
65300
-130100
54100
-42100
125700
-41700
52400
-140600
-97200
-49900
205300
-139400
20900
-204900
558900
-619200
285000
-181900
13700
17700
-190200
130700
-87700
-73700
-7800
44100
-66100
-63200
34400
17400
-57200
35400
6900
-130000
6000
118400
-81700
108900
-249700
277800
-398600
337100
-225200
395200
-643900
428800
-207300
-66200
-225200
136000
-56500
-13500
30200
-7100
-113200
166600
-113500
51500
-66600
-20600
16500
-45600
-140900
71100
110800
-169600
150300
-247400
56500
-67700
270200
-353600
263700
-218700
-127100
100900
59800
-258800
194200
-130100
76400
-173300
54100
84000
-79800
42400
-71800
42200
-224200
113200
-26400
46600
-145600
199500
-295600
110300
-25100
36600
-138200
152300
-142600
315600
-479200
367500
-345200
497000
-496800
-10200
40000
-97500
-58200
28300
-32000
-38100
-29000
198200
-197000
27700
-32900
-88800
80100
-62600
326700
-428500
69200
37200
167300
-214500
181600
-334200
397700
-486300
196700
-43600
-66700
-69500
100500
-148400
-189300
119900
24200
-94000
93300
-100600
89800
-35000
-800
-103400
51900
-51600
-96700
201200
-227600
57100
-75900
277700
-182400
132700
-332800
260900
-385300
170600
-140300
86900
-209700
146100
-27900
-50600
6300
24900
-219400
191700
-96700
65000
-65200
90600
-36400
-106300
5000
-134300
-25900
41300
204300
-224500
-73300
74800
268800
-355700
184600
-235500
19600
-44100
-48200
-49800
1528300
-1550900
263100
-316300
88400
600
-105300
91100
-154700
-2700
7300
168700
-227900
113900
-41900
-3700
-67600
167400
-239800
95300
-206400
213300
-70800
126600
-295000
46100
-183800
318800
-329200
8600
-42300
223100
-179400
-6200
-204500
144700
-32300
8900
-98800
30000
73900
-32400
44200
-308600
296900
-209500
265000
-346500
345000
-381800
226400
-211500
457500
-644400
328900
-218100
56800
-157700
89500
-91700
65500
-44000
48800
-159400
16100
28500
-50500
63500
-132000
103800
-201200
211700
-153400
15700
-72000
132000
-115300
19400
-151400
289900
-237200
224200
-225100
161900
-315300
58000
-141100
93600
-114900
32900
-14300
-79700
76100
20900
-117500
103500
-144400
11700
183800
-174400
-82500
43400
205000
-280700
193700
-335100
194500
-159500
103600
-252800
326600
-106200
33700
-290900
209200
-352800
138200
41600
-51800
-36600
-8500
27000
-75900
-47100
114700
-87400
-173900
198900
-65500
9700
-143700
143600
-111100
13300
-57100
-45800
90200
145200
-293300
147400
-324100
445500
-298400
84500
-176700
-73000
-58800
139900
-68900
-36300
18900
21100
-146100
-26600
134400
-72800
25300
-60000
17900
-130100
329600
-270900
-147000
-22900
304200
-248300
273700
-363000
525100
-632700
346600
-184500
83800
-262900
56300
-43200
-84900
14900
7000
-500
1000
12500
14300
-5400
-167900
38500
-98700
256200
-293400
41400
-130200
295600
-86400
-25600
-324300
367200
-261200
244500
-279500
74800
-126000
-48800
82600
-151300
42500
-43200
-24100
106800
-112100
-58100
43000
118200
-86400
-121900
66000
-27300
-105100
-126500
214600
-85200
-5100
-15900
336300
-489400
258900
-168300
308900
-460500
118000
-249100
238800
-11900
11500
-157500
-36700
23600
-27700
11400
-104600
81000
16200
-29400
-49700
6000
-115200
96800
-82700
-29000
-6500
-38900
-68900
272900
-244300
87200
-159500
173400
-353100
257700
-150000
154000
-246100
98700
-43300
-172600
48900
-106600
54200
5800
68800
-174700
87600
-12200
56400
-160900
78300
-58600
46500
-50600
78100
-97800
146500
-236300
281700
-362100
304100
-380200
390200
-477600
161100
-174500
45800
92400
-57100
-195400
-90200
153200
-28400
41400
-53500
-15400
-17000
154600
-284700
-11900
70500
205200
-192500
88000
-331000
301800
-121300
158700
-260000
152600
-327800
189100
-134500
66700
-112200
-47700
14100
117400
-194600
90100
-89800
168700
-114500
-45800
-7100
-114800
134800
-84500
-56300
-91400
110900
-200000
40500
945500
-661600
-316200
429000
-468000
752800
-865000
112000
1000
-223700
72800
19100
31800
-62200
92400
-68700
-110100
27300
-29100
119000
-176500
21300
49400
-98700
81200
-94800
-109900
38800
129900
-163900
202300
-173300
-108900
6800
231700
-220500
-63000
-49800
4600
-68800
13300
-62400
99900
-184800
251200
-249700
72100
-72100
14300
-69300
27500
-176000
78900
47000
6700
-16400
-210700
317900
-210300
95400
-302800
313900
-179400
-49800
60700
240100
-437300
5700
55900
13200
-149100
87500
39200
-73300
-60300
127900
-55100
-143700
68800
-4300
-52800
-64400
107200
-210600
232200
-94700
-32200
-105200
-23700
-12400
28100
-45500
249200
-417100
251100
22900
-227000
7700
-95000
89200
-71400
50700
-171600
84000
89500
-86800
20200
-146000
-3400
109000
-124100
52600
-10200
-284000
192500
175300
-177800
-21400
-132900
59900
-94900
198400
-335200
120300
71300
-22600
-229200
171800
-238500
57300
-57700
80100
-180300
92700
125700
-89100
-179000
58400
135500
-287100
227500
-287300
243400
-231000
284200
-183900
275400
-391100
195600
-171500
245700
-431400
169200
-116100
92700
-52700
-46300
-15400
-4200
-106700
76400
-87200
20100
10000
30800
-13700
-103800
150900
-175100
-140100
51000
115400
-103700
-7000
-37600
164000
-344700
317900
-254800
69100
-136100
84000
24900
22100
-23900
-185700
90800
-175700
31700
-130700
202800
-148100
-50500
64600
63500
-1600
-61000
-30400
-21200
-108200
359600
-378900
154600
-216100
241800
-173400
129100
-250500
128300
-186600
-6300
-14200
-127100
119600
-122300
132600
-140700
7000
20200
-132800
107800
-9700
-168800
203600
-210700
182300
-142600
72100
-112800
320800
-227900
-38600
-89300
82000
-62900
147000
-247000
37400
-84300
27500
-76500
138000
-195900
161000
-126600
41100
-77200
-17700
-50200
19000
-39300
20600
-121300
98100
62200
-175000
-22800
34000
-18800
-167900
302000
-194300
59200
-184000
364200
-239300
35200
-208400
65400
-108000
-32800
-23500
11800
-140300
234300
-123300
6500
-76100
28400
-66100
47000
-14300
-58500
83600
-110900
113100
-302400
220200
-112700
62300
-160900
427000
-559800
334800
-196100
361800
-559900
164200
-93800
-151900
53600
29000
-24100
-60300
64300
39300
-110500
-9800
-117700
108600
-55200
27700
30800
-114500
119100
-70100
-99600
-42500
185700
-163000
46800
-81500
316200
-553600
364200
-143000
-102400
-102700
149800
-119600
-36900
-61400
57400
-107300
102900
106300
-216800
-66500
3000
127300
-188700
148700
-114600
-36100
-86100
253300
-294500
20300
-22800
218400
-249000
107000
-187600
463600
-569000
253000
-202600
101400
-190900
55300
-59800
33300
4400
-53400
-16000
94000
-166800
92600
100
-163300
55100
-119900
235000
-166800
209000
-186500
105100
-244800
304000
-228300
-39400
-34600
348000
-495800
164800
-53600
-144500
-36900
51700
-94400
58800
-70900
82900
-146700
22500
231600
-244400
9000
-180700
160700
-37600
41800
-125800
32000
-109900
292900
-324200
143300
-182300
260000
-255800
122400
-297300
229200
-58400
-3000
-272900
104900
-90800
52700
15000
-68100
-100700
100800
60000
-182500
107600
76000
-99300
-26700
69000
-97000
-177700
76500
210300
-98900
-40500
-157700
-32800
-12800
-79300
-10800
111300
-83100
131300
-134100
-30100
-8400
8000
-72000
-42500
-46500
32500
44200
12900
34000
-184900
-37100
102600
232000
-490800
81900
-11200
130700
-68400
34000
-213300
275500
-217100
193000
-432400
218700
-221600
182500
-70300
26900
-66500
-100700
-15700
41300
-75600
102000
-101500
16600
-36600
41200
-85800
34600
152100
-273500
368800
-304400
29100
-163100
278300
-255700
-24700
-6000
129400
-143700
-87500
-24200
72000
-86600
-6100
60800
-103200
-43200
-52800
-29200
29000
-14600
-63800
88500
-73400
128000
-104200
-25000
-65600
60400
-90600
37300
-162600
354500
-300700
165200
-321100
239500
-187000
-43800
-89200
108800
-132500
54600
248100
-259700
-33500
-128500
20400
58300
-243900
165300
114300
-135200
141100
-227500
126500
-297500
546300
-313300
-40300
-118900
217000
-247000
204700
-154500
-133300
30500
-28400
-68800
117600
-163900
61900
-105300
135700
-63000
-48900
-82100
50500
-134900
40700
78600
-210700
250100
-123900
85900
-180600
268200
-463100
328500
-249200
197800
-75600
185100
-281300
28800
-263600
280900
-162700
-84300
-22400
29100
2100
-7000
700
35400
-120200
74800
-137800
75700
-172300
130000
-118400
39600
186200
-162400
-104000
-41000
368400
-371200
146500
-250200
134400
-244200
645000
-597000
259600
-216000
-42100
84600
-322100
40100
106700
-3900
127300
-160200
-1800
-112400
15900
142500
-59900
100600
-342000
149200
-108800
55200
-21800
-177300
64200
232100
-278700
487500
-529100
225800
-175100
-3300
15700
15300
-314800
94800
-156500
202000
-79000
21200
45400
-2100
-125000
-186400
339300
-255000
82500
-161900
171800
-51800
9800
-180500
146700
-307400
463300
-389500
137800
-170600
-4000
6100
-4200
150700
-119600
-117700
68300
-69800
-58100
-114900
179600
-171800
93800
-56600
-4400
46400
-212600
260500
-219200
173700
-192400
191800
-125300
13500
-40400
2900
-206400
661700
-706300
215300
-173400
95100
-30200
-48100
-165500
90100
-37000
-150900
11000
44300
8000
86900
-108300
132100
-305100
178500
-108500
-87100
57000
-25500
132700
-210600
241400
-194700
-13800
-56800
282600
-487600
377300
-334600
172000
-196500
203800
-65100
-124900
15100
-82500
-49200
45700
106200
-197100
-19500
72700
-55800
41000
-92300
-48200
90200
-275500
298800
-273500
213800
-290200
228800
-254500
94000
9600
107100
-248900
171900
-225900
102200
-3000
48300
-143500
-44000
57200
-85400
22600
-56500
-44200
-39000
10500
43400
-58500
-28200
35300
-28800
300
-61100
24200
-135700
291700
-300200
111000
-125300
-5900
-16800
69200
-85500
-67900
-25700
59600
-84800
38100
-73000
-54300
16000
19000
18900
-59100
120000
-171600
170900
-211500
48200
-118600
108100
-111800
-78400
31600
182000
-169200
362200
-466400
196700
-276800
112600
-267100
194400
35200
-120800
64100
-28700
88600
-144700
-183600
118100
-115400
80000
104900
-44400
-64000
56300
-156200
-161400
166700
-239200
403400
-327800
283200
-376700
198800
-53700
-192000
77600
31600
-200100
190400
-286700
170900
-30200
-97500
151700
-216400
101900
-61300
134000
-112700
-7100
-33000
36800
-85500
141700
-228000
89600
-116700
210000
-274200
462000
-573300
482100
-438200
431400
-475800
126600
-169900
22100
12500
-37600
-35400
-11900
51700
23900
-147800
-175000
124300
-18200
154700
-389000
250100
-80700
94300
-120700
4500
-1100
22800
-251600
282600
-217000
434500
-547900
537200
-314200
-8800
-272300
77600
-5000
-28500
23400
-145500
132000
-33800
-2300
-132900
121600
-286500
185200
-60800
21100
-36700
-19400
110200
-132700
-57100
221500
-276700
96200
-103100
76700
-165800
-82800
159900
-163100
43400
-32900
-75300
72600
-105700
14800
30700
-23000
124000
-152100
-58500
-111100
104300
-89900
5900
-158100
225400
-73100
160100
-142800
106300
-234000
245600
-270000
157800
-266800
248000
-185700
147600
-106100
-119100
54300
-136100
148600
-182800
52900
-31900
-97600
-43300
136900
-90700
20100
-11500
-38700
-242600
202700
-224900
194000
-43200
143500
-227800
188200
-218200
29400
-87200
120400
-112100
-236400
159100
-127900
98300
9200
-101000
13000
-23300
-56100
51900
-35900
107500
-55500
-73000
-61700
207800
-182400
-5300
-113400
163300
-299600
399200
-309200
202000
-234900
-39000
17900
180400
-273500
7900
-45900
62000
33600
-164200
43200
-67500
-91200
57000
11300
5500
-73000
-71100
200300
-225100
83500
-114900
103200
-157600
111700
89500
-65000
-85600
296500
-434100
80200
-31900
-167000
-17100
116300
-47300
-60000
196400
-227800
-32000
63800
-80300
103400
-180700
16600
46500
-10700
118400
-171600
81400
-176700
108600
-250000
297800
-257300
148100
-250000
335100
-215400
34300
-71700
-26400
-237100
214800
-145000
129200
-203100
137900
36800
-153800
-13500
34900
-78200
10700
69800
-50400
-156400
133600
127700
-403600
143000
-171600
259100
-138000
8500
-190500
326600
-169400
94100
-150200
-149600
44900
24100
10000
-37400
-225100
119400
-125300
292900
-292200
36200
62000
-237900
252500
-106700
-17900
-27700
268400
-381300
201100
-53900
-123800
-60000
213000
-394000
519100
-489200
171800
-173600
37600
-201300
149200
-128700
115300
-57500
-23800
67500
-76500
30500
-153900
-38900
129300
-111500
-41600
82800
-117800
172200
-144900
186100
-256400
157200
-53500
-131300
47100
181500
-317800
402300
-423800
-4500
-37200
-128800
-53300
126900
-87200
-18800
42400
35000
-24400
-7200
-102700
19700
-46500
-92700
-3200
-90200
188500
-129600
279500
-384200
255500
-388100
241000
-135300
47700
25300
62600
-175800
262500
-308800
66600
-104900
500
-74000
-16500
-19600
-17300
117300
6100
-50100
-208200
100800
600
2900
-55600
-28000
-86200
76500
-25500
143100
-308800
223200
-332200
178200
-204800
297500
-172600
67400
-26900
110700
-323300
71500
-74300
161400
-137300
27600
-141200
91900
73900
-16200
-37700
-50700
33200
-254900
194000
-20100
-62900
-82900
116400
-142800
123300
-167300
204500
-295900
415200
-397900
114000
-179700
264000
-326700
18700
-5400
21600
-111800
-58200
169700
-38700
-128200
85200
48100
-74800
-46600
-40700
-65800
-139700
174700
-233900
270800
-119600
32900
-122800
228200
-254600
-55600
35500
-7600
-18000
-28000
-142900
129200
-226300
146400
-28900
-19300
-123100
130400
-83700
-21400
135800
-146500
23500
-94600
62700
-8000
-58500
-56800
1000
-130300
369000
-230500
136900
-257500
-25700
8600
63300
-32400
-64900
-200800
332900
-137600
-213500
23200
144000
-251400
130400
2000
-32200
-109100
54100
166100
-178000
26200
-78300
136200
-203400
-24700
27300
158300
-287100
153600
-176100
103700
-147100
75100
-139700
179900
-197600
132000
-37800
123200
-298900
-12800
-58600
38100
32400
-89300
90000
-91100
167200
-125000
67300
-152400
-104400
-43400
59500
-139600
360400
-257900
340300
-343400
-45300
-29500
-29800
-77900
-39500
16300
90800
-133000
147000
-85500
-91800
-35100
76300
40500
-109600
-111900
25600
-17800
88100
42500
-195000
154000
-177100
170700
-211300
110200
-213300
133500
-69200
451200
-626600
355400
-334100
204500
-159800
-57500
-72600
54100
8400
-30800
37100
-124800
-14800
-14800
-46100
88300
-127700
-37200
133300
-73000
-71000
-143300
325600
-221200
277200
-259600
126500
-191400
160400
-199900
-109400
86700
-1800
32000
-173200
-100300
96400
-86200
204600
-163000
-50100
32800
-73900
-23200
-159200
217000
-81400
99100
-151500
120100
-300500
474700
-484000
100000
24300
235400
-348100
303100
-259100
221400
-473200
113500
68800
-151300
139500
-115000
-113300
7400
-80300
194200
-129400
60200
-96100
15800
-54100
-1000
-80300
9400
149200
-116400
38800
-44800
-72500
-76300
154900
-111200
43200
-189900
144600
-152500
66400
-56500
-8300
-18800
102600
-180500
-4100
-20700
-71700
156400
-119900
-9400
4900
-56700
-142100
142700
-190200
71700
29600
94200
-285700
361800
-244000
-29900
-29400
97100
-148500
70200
-37700
28500
-82400
-222000
185700
-139400
50400
-35200
-25800
46400
-9900
43600
-205400
106000
-38600
-60000
121300
-56100
-172500
-35800
263800
-146500
67200
-159500
-86400
23200
56000
201100
-325800
73300
-67000
83400
-140000
62700
-107000
77200
-163300
-39200
-17600
-40400
260600
-203200
-37200
-30200
-62300
-7300
-47700
90600
-42800
116800
-126000
-105300
72400
39700
-169600
334900
-420400
427500
-572500
324500
-130800
50100
-175000
-8100
55100
-63800
-27500
-80000
27600
77700
57500
-140800
-12400
-81300
-2800
-32000
105700
-83200
31900
-155300
185900
-148400
92400
-198100
140500
-147500
-25100
170100
-107400
-152200
56600
-69400
-93100
-80700
179000
-87100
-27400
89500
-156700
146200
-193900
295500
-215600
76900
-172400
176900
-387900
363500
-247400
6900
-800
324000
-420500
430900
-506600
378200
-447100
173200
-309100
142800
-64500
92400
-86300
-5600
22600
-101300
29800
42600
-162600
155900
36300
-240100
129700
-118700
124600
-166200
253200
-309900
181100
-113200
202500
-216500
50100
-199900
297100
-208700
82700
-379700
287400
-387800
287600
-125700
-31100
-58100
5800
104500
-144100
50100
-66100
134400
2200
-41200
-139100
90100
-275400
296200
-351200
493800
-554400
216200
-37900
208700
-285100
-21000
-25200
63800
-200100
19000
6800
17000
125500
-15300
-182100
28800
52600
-141900
145500
-224800
121800
-73100
84600
-126400
-73300
1300
242500
-287200
99500
-202600
148800
-44500
185200
-356200
131000
-217800
109900
31200
-68000
-86700
34200
-54600
106600
-79500
-90500
142800
-181200
102700
-193000
185700
49100
-190600
-40400
153200
-254900
309200
-467500
278200
-177100
203300
-115000
-15900
-45900
70700
-154800
-5100
-11000
45700
-151400
7900
-63400
-20700
170500
-19500
-100000
6900
59100
-137100
19300
-92400
153400
-145300
119100
-110400
-203900
67400
940700
-991000
497300
-533100
393700
-391900
151800
-327100
156700
-101000
69000
-7200
-106700
-15100
-117200
45100
122800
131400
-321500
132600
-98500
12500
-50900
-24400
27200
41400
-125700
202400
-230000
53000
-126300
155100
-165100
-125500
99900
-108100
200900
-104200
-124300
132100
-207700
172900
-140600
-150000
225000
-166800
-1100
28600
25500
-154700
177100
-311400
196200
-58600
-91600
7900
159100
-126400
313100
-386100
-19600
-166400
272900
-253400
51700
-141800
202300
-21900
-172200
4400
-68600
54300
-8500
-117900
90100
-30600
125300
-240500
97900
29600
-165600
113700
-52900
6800
-107200
163700
-38600
-65500
-152300
282400
-483400
404900
-295700
63000
-88200
39600
-63900
46000
-123200
-55900
112200
-32500
-99700
102100
-56300
-1800
-74000
36700
-3900
-203200
136500
-75300
246900
-358400
168800
-150900
215600
-267300
161500
-89200
-25000
-153100
166900
-175900
161300
-105100
71100
-54700
-72700
-186500
82500
-63200
42200
6600
-121900
125800
-68700
154900
-217500
-5100
-128500
65100
-68200
254800
-248900
244400
-281100
247200
-290300
-34100
76800
-181000
178900
-275000
68300
89600
9100
-76600
-14900
-47500
-137200
126900
74700
-180600
130200
-225700
315900
-293900
171300
-41400
-109800
-40600
128800
-329300
388600
-226100
507300
-527600
65000
-176100
386000
-571900
185600
10700
-156800
85800
55400
-30500
-179900
1000
95000
-205600
79300
176700
-189000
25200
-156700
271100
-400000
558800
-563100
284000
-250200
126900
-202700
272600
-196300
145900
-172300
14200
-19700
-65000
-142800
61900
-68100
90000
-1300
40200
-109800
-35600
-47900
28100
5900
-190100
252800
-294300
127200
35500
-23300
-123800
30900
-25300
-13200
-135000
350200
-351300
453100
-515800
346100
-458200
219900
-145900
35400
-48900
-27800
5900
70000
-31100
-264400
148300
500
43900
-61300
-82500
-55700
61300
-47900
230300
-289600
23600
-18300
20100
-100800
307000
-360900
237700
-213600
314200
-473100
62600
-53000
-28500
51800
-123500
74500
10900
-131500
168100
-186500
96900
-48700
-64700
61600
-112100
177600
-254700
446600
-387900
60500
-101000
23700
-58000
293600
-340200
37200
-71100
60100
-133000
900
-212800
177900
-80700
36600
119200
-208700
-50400
139400
-8600
-94700
-110000
85000
-41800
-58700
67400
-120700
76600
-4400
260900
-348200
96400
-176200
163800
-217200
-24400
103800
-50500
-127800
177000
-244500
115800
-118200
-108900
133100
-53800
-13200
-6200
201700
-329900
156700
-214900
204400
-105900
69300
-60300
-138800
-78800
376400
-294000
383600
-599300
348200
-280100
179400
-77000
9100
-168900
134700
15000
-188500
-41900
136400
-299400
244600
-350400
124900
26800
-95200
187300
-323400
662900
-661700
236600
-147500
137200
-195300
72600
-62000
347200
-406100
475700
-670800
340800
-344200
149800
-103600
-151100
201400
53400
-286500
146200
-116200
4600
47600
-56800
24700
-204700
322900
-237600
89200
-114300
289400
-265600
24500
-161800
193900
-228700
325000
-319300
190300
-321500
101900
-44100
21200
-300
-141300
88200
11400
-49300
83500
-309400
198400
-121600
288100
-276700
26100
-67300
12200
149500
-235200
102900
-181100
146300
-234200
208100
-193900
149700
-171500
168500
-169900
85900
-132900
115400
-172800
-53600
35000
-61100
107400
-62000
-90400
-1900
166800
-275800
193200
-104500
-95100
-95800
235600
-173300
105000
-227000
64900
67100
-31700
-139700
166500
-106600
368800
-364500
121500
-176800
64800
-190100
-40000
-62500
63800
50600
-40400
41600
-95800
-99800
85400
-144900
128600
50000
-196100
136100
-148000
246900
-376500
304400
-213100
-33000
-13100
128600
-188900
63800
-38900
89700
-264100
1700
-6300
47300
2300
-90300
70400
-72900
105500
-74100
-106100
-70900
111200
-195400
143400
-7700
53600
-167300
175900
-231000
88400
-221900
355300
-345700
309500
-309000
128900
-11600
1397600
-1423900
146500
-180900
47600
-309200
35900
-57000
129400
-114800
125200
-17000
-124900
-57000
-17400
-33400
1300
-121400
67300
64700
-7400
102900
-260800
236300
-270000
201100
-126400
145400
-273500
220400
-234700
164600
-260700
63300
-163600
94600
20900
-71300
74900
-135600
50900
3800
-82600
13200
-2100
12700
59000
-205700
-73900
4800
237100
-80600
-247200
167600
-54400
-91400
463900
-673600
473200
-359700
171000
-137800
-65100
56100
-48200
-81900
23200
-49700
63000
-138700
82800
20900
-113800
1500
18400
41200
-294700
185600
-92800
-36200
92100
-46100
-219500
465400
-503600
663000
-536900
152500
-157600
19600
-60200
52400
-114100
-81100
-124400
149000
-149600
81300
27100
-69500
31900
16900
-194000
49100
86300
-53500
168800
-438800
533600
-531400
365200
-106700
-43200
-48200
332200
-623300
390800
-246700
80700
-133000
68600
52100
-237300
-21700
7200
900
-92500
84700
-27500
-43900
65600
-59700
-79900
66000
-127900
280000
-393700
90800
109300
-65300
59000
-130000
-41500
317100
-383800
251000
-399900
341200
-373000
130800
22300
-25000
-89500
-155400
118000
71200
-166200
67300
-139600
142700
132900
-238500
143200
-286700
273900
-214900
146700
-144700
-16900
-13600
115100
-97000
-21400
-150900
325200
-365000
-4300
-52300
307300
-290400
187400
-104400
-245400
98900
-58700
42700
12900
22200
-152400
76400
-59500
79500
-76100
-12600
-153000
158400
-281000
398600
-445200
375700
-275300
155100
-163500
-11500
-61500
59600
-173800
83100
-14500
-50200
-53500
135100
-140800
-17400
87800
-131300
122500
-91400
34400
-129700
134700
-274100
171300
-113300
51200
-71500
-42800
85200
86300
-183900
295000
-297200
-76100
-33900
35400
-119900
116000
-89600
-187700
108900
37300
-60100
-47500
75000
-151100
73300
-106900
142500
-123800
49500
53800
-23100
-262000
159500
-108600
269100
-312200
149900
-265200
345300
-254600
271700
-345100
101600
-46800
-97100
21700
-197600
106400
50200
-106200
100600
-177700
102100
52600
-212400
240100
-310000
151100
-114300
156700
-264200
348800
-415200
352700
-251600
-6800
-227100
343400
-215100
-86500
88700
-113300
100000
-135200
5700
9700
-103500
1000
48600
-84300
234500
-162700
-35800
-33400
-48100
9100
67900
-142700
80000
-43100
-160400
203000
-64300
-185000
440100
-434300
103800
-179500
290900
-343900
176900
-183000
82800
-161300
500
34500
-61800
-46300
28100
52500
122400
-269700
113300
-233100
150900
81300
-139500
38900
-176500
297000
-314600
215800
-199900
32700
-10400
-113100
41200
-38100
-20000
184800
-146700
-155200
168800
-214500
52700
-49600
5400
-73700
39000
43700
-21400
-121600
105000
-117600
118000
-58500
-79100
-86200
47300
28700
233200
-348700
472000
-569500
189500
-248600
93200
-68500
50700
-3400
39300
-153000
-2400
-73100
-54500
-38700
51000
-6500
35900
26000
60900
-39400
-148200
47100
-147100
195600
-146600
223600
-238800
184700
-303300
142600
-243800
222400
-172600
46500
-190800
226600
-311600
320200
-115000
-80900
-140400
-33300
-29400
125900
-4500
-95200
58300
1200
67100
-39200
-5300
-202700
215400
-185600
-500
-24100
4500
2700
90600
-205900
279600
-328300
-6800
-60800
47800
-61500
-11900
14300
203600
-283200
19800
-24900
-86800
-70300
78200
16000
-101100
27800
40700
73100
-197300
34800
-83500
166500
-234500
50300
-106200
306200
-150800
29200
-161900
-102600
28200
-32200
-12100
128200
-173400
101300
-26300
-140900
-84900
136200
-45500
-78900
137800
-208600
153600
-23900
116800
-142600
-82400
-55600
31300
-150000
171300
-113300
53800
-108800
270500
-357800
-10600
-162100
104200
-45200
98700
-303900
219000
107100
-101100
-59800
-76100
105800
-47500
-46100
-127900
184200
-126000
153100
-56600
-298600
119100
13000
-131500
339300
-313300
195400
-376100
379100
-160400
-73500
-49800
76200
-128400
-153900
67000
345800
-248200
24800
1312600
-1609000
273800
1909800
-2136500
28300
54400
-137100
107800
-146700
64700
-58200
65300
-144100
180600
-270000
451100
-452700
102600
-38500
-26600
-120900
80500
-188100
108100
-24800
-16700
62900
-110500
16300
-71300
41200
-115000
-1900
41100
-64500
-33800
14600
35100
-131700
64200
-83300
-14400
255000
-307000
176000
-413600
292100
-192700
200300
-22500
32700
-179600
71500
-226100
119800
-72200
117900
-102100
-17800
26300
-240700
244300
-208500
118800
-140000
151400
-169700
14600
30000
90300
-209000
275300
-311900
97500
-51500
-2900
-15200
-90400
42700
-75400
-32900
-28400
-94300
112000
-61100
-33500
-119400
18900
36600
75300
-214700
122900
-70900
61000
-70600
-151200
95200
-158400
208900
-52500
91600
-265700
251800
-223100
24500
32000
-16200
-196700
302200
-83000
-171400
-143300
72100
-42200
-3800
79100
-9500
-110200
-62400
167200
-70600
-232000
116200
68900
-77300
-200
-223600
331300
-171700
163900
-261100
2298600
-2453200
204600
-119300
-1400
-120000
138900
-213700
312400
-335500
57700
-170900
133000
-135700
72200
156700
-179100
196900
-277300
114900
-57500
76200
-323400
446700
-376900
290000
-320800
189700
-101600
112400
-199600
83600
-117400
34300
-101400
61600
-39300
1072200
-1138400
-28900
68300
400
58400
-224100
-27000
-120300
200400
-78400
134300
-209100
65700
-155400
211800
-339600
332000
-145300
-30900
-56400
467400
-684000
582400
-660000
257100
-286300
190900
-28000
-199500
141900
1800
-37000
28600
-84900
-5700
12100
-38600
-29500
86200
-73700
-48100
-11300
-63100
-2700
-40500
45100
-129900
194400
-245600
178600
-36500
-129000
-46900
322400
-364000
59200
-98900
89800
-107600
76300
19200
-155300
104000
-134700
40300
-39000
40900
-61200
-22500
40600
-62500
-87300
12900
-100100
149900
-106100
284900
-409900
107500
-58700
121800
-197900
46100
-24500
30400
-206300
51300
-75800
130500
-138300
102700
-181300
19500
-83000
66400
96800
-172800
110000
-266500
282700
-144000
65200
-99700
-64200
-9700
59900
-136300
372500
-338300
404600
-352400
-134800
9300
53200
-144100
60400
-75800
-63600
180500
-281900
185900
-94600
11300
60600
-128600
-43000
159400
-188800
29300
-134900
174400
-166500
291400
-289400
115000
-183500
152300
-166300
65600
-146600
120700
-247300
52600
-165400
125200
-63600
84200
-67600
-118500
198900
-94000
48400
-128800
7800
-116100
116500
-98100
99100
-303800
205200
47900
65800
-321600
410600
-462300
311700
-312700
189600
-222300
111900
-78600
10200
-89200
123600
-151300
-63100
-24200
109200
-81800
79300
-84100
107400
-56600
-153900
-53100
20700
35900
-81600
61400
-75100
310200
-401700
139900
-70600
-102000
-20900
101600
-87900
86500
-82900
-39000
-171300
42000
-26900
57500
-76200
27900
-86100
8100
146300
-133200
-6200
-166700
513100
-662900
360600
-246600
143200
-109000
139100
-68000
-119500
-89300
330200
-296300
376900
-574100
170200
-158800
219500
-180200
-17400
-59800
20800
-103000
115200
27400
53200
-31800
-30100
50600
-252200
156700
-277200
175600
-99900
141200
-153800
72300
10200
85900
-190500
179400
-422700
293100
-227200
89600
-149600
192600
-174400
56000
-85100
22000
-89900
114200
-193700
45500
-55800
70800
-48300
22300
-21600
-108600
88100
-218400
225500
-205500
303400
-363400
257100
-76400
325900
-638200
359000
-279500
142500
-341100
273400
-116000
95700
-47300
-107100
-44400
-5300
84500
-49500
-61200
-99500
95100
-109200
244700
-244000
-24500
-95000
367800
-494500
246400
-160100
156800
-95900
-17500
61000
40300
-235600
53800
-145100
92700
-78200
-134500
212800
-38500
-124900
7800
-120100
-53100
76700
35700
6900
-87400
204300
-165000
-76700
-62400
217800
-369000
195000
-72600
135700
-309900
385600
-225800
60500
-256000
205300
-96600
-54600
-26300
-23000
-149400
180100
-32200
-52400
-102400
-105300
62100
3500
43300
-49900
42200
101300
31900
-155100
-114700
-43300
178700
-376900
545200
-422900
148900
-287300
142900
-91300
-127400
92100
-13100
90300
-62900
-102700
80600
-28400
28300
-199400
180100
-36500
-287800
129500
-27200
55800
-156100
366600
-238800
53700
-103300
-100000
15900
-29900
-179600
541200
-450800
335700
-321400
-55400
-104000
64800
-57500
-2900
-18500
54000
-7500
-49500
43600
-181200
1400
-59100
1700
88600
-69700
-127800
3900
159100
172300
-467600
298000
-187300
68600
-74200
39500
-102900
164600
-146600
325200
-522700
202500
-157500
-44300
40300
23000
-151300
82700
28400
-5700
-41200
-130900
114000
-165700
121700
-94800
-43800
8000
37900
-9900
130300
-318600
320700
-409500
204800
-157000
174100
-194700
27200
14900
49700
-258300
-15000
127100
-24900
-23300
6600
-144400
89800
43000
-181500
133400
-155100
2040500
-2092500
152900
-182500
246600
-166800
278400
-361800
-18200
-55900
173400
-161800
145500
-258500
20700
-4700
152300
-253100
194100
-396100
225100
-12200
-27100
154000
-372300
247100
-179500
97800
-52300
-144100
30500
116200
-150300
92600
-171300
386800
-358600
146800
-278700
185400
-134800
86300
-139600
97700
-204400
249300
-164200
-84000
-26900
57600
18500
-46400
-142600
-33200
8700
152100
-3000
-129300
20100
1539000
-1469800
-202900
288000
-355200
230800
-167500
16300
-13700
94200
-352400
274300
-311600
251200
-50300
-315900
319600
-16100
-217000
19400
136500
-118900
-198800
136500
-67800
57500
-50000
9900
112600
-258100
-11000
15400
287100
-252000
78600
-195300
131500
-207800
430700
-603200
455800
-340500
47700
-55700
-175400
159400
-24600
52800
-152900
-5400
64200
-145800
60700
-38300
28800
-63800
-2400
51000
-58800
-21000
-105400
119500
-252100
395100
-496200
350400
-192500
262800
-327700
2700
54000
121800
-300200
-81500
-26900
149300
-134100
173600
-272300
100300
-32200
-29900
72700
-120800
144100
-158700
201100
-100000
127800
-324700
112200
-171300
212900
-176500
100600
-91700
448400
-512600
171500
-353500
145200
-224000
121200
-174200
153100
-115300
186700
-147900
-6700
-34500
-97500
101700
200
-98100
66000
-158800
34700
205600
-225100
46400
-62300
213300
-335200
263700
-226300
241100
-240800
247700
-344500
144400
-214100
37400
-95700
118300
-123200
48600
51200
19800
-120000
-6700
-71900
-53800
65300
-200200
293400
-308100
168500
-127900
118200
-136100
243800
-418000
382400
-238900
163500
-252900
331000
-351600
531200
-599500
122700
-160500
74300
-168400
139100
-96500
69900
81500
-282900
154100
-110800
51200
-106100
203600
-329900
254300
-129700
129500
-209200
42100
-23000
-7300
183300
-257400
-104500
45900
-28300
118100
-308700
208800
-272200
124800
-150500
146400
-119500
78000
217800
-177400
-74900
-145000
183300
-79800
-69100
8100
-61100
-165000
431200
-375700
311300
-357800
362400
-528600
408000
-206400
102100
-272000
175400
-21800
-220800
147000
-130100
-136800
157200
-112200
-63100
14400
174200
-80500
-93800
-136100
157400
-68300
40100
20500
-56100
76900
-71600
136900
-319300
170800
-166100
85000
-202500
298400
-306000
43300
-17000
51100
-149600
8700
-192000
80900
196900
-195500
14000
25200
119200
-123900
-13900
-143300
105900
-120100
200200
-151400
-143800
49600
115000
-53400
160300
-319000
235400
-281400
92200
-211300
92600
-50900
143900
17000
-148400
-93400
-23800
71200
-86900
11400
-28100
-17300
39500
125300
-194600
146900
-431700
288900
-161600
31900
-62900
86100
61200
-27500
-236300
379100
-388500
62400
-190400
279500
-145100
-30300
-71700
91600
-147100
-56900
127800
-66000
114000
-243500
31800
-2700
57800
67700
-151700
-29600
-11600
-70300
213500
-256900
100800
-163400
191900
-45000
-150000
56100
-65900
-89400
96200
-121900
65600
-92200
28800
105800
-277500
-73600
107400
237500
-146500
-105800
-7000
148400
-151000
153900
-226600
-61800
-12900
128100
-206600
263300
-255900
236000
-190800
287800
-410300
237400
-269300
89900
-303600
155800
-195200
184700
43100
29000
-279200
130200
-117300
134300
-148900
-42800
205200
-194900
222000
-264800
78600
-151400
233600
-304200
300
58300
21400
-13700
408100
-482000
235400
-311700
-44400
32900
-173700
161100
-94000
76000
67700
-236800
68800
-16000
-39800
14700
-151600
218400
-157500
-80600
103300
78200
-275900
353300
-483000
346100
-250300
165400
-168200
97800
30200
-158900
-19100
18900
-171400
50200
-25700
53400
-124600
9100
136300
-212600
61800
47900
24500
-271900
334100
-185900
-104900
59300
-1500
-2600
-79700
-113500
345300
-422800
380600
-395000
244400
-281800
369800
-257700
-1700
-50100
-93400
19900
-25200
-85600
55900
-13800
48600
-180700
135500
-222200
66200
164000
-184500
126100
-172400
136800
-32700
180200
-480000
251900
-195500
211300
-145200
64200
-211300
76000
32700
-53400
-99800
186100
-230600
14300
-131200
-28000
24200
-93000
340600
-277400
148200
-217100
121900
-124500
79200
-79100
116200
-63600
78400
-100700
106500
-370100
509700
-451000
254000
-258800
-12700
-51100
20900
109200
-107300
-89600
-167600
23800
139300
-237000
123800
-15400
22100
59800
-136700
85000
-95000
64500
-247800
229300
-255800
136700
-96100
72300
-124200
318300
-451000
573700
-304000
-104700
-65200
-139700
144900
-11100
-177800
162400
-219900
46600
48000
-23400
115500
-150000
64600
-143200
91400
-143800
132900
-212000
127600
65800
-231700
13800
155500
-174700
171400
-253900
180200
-166900
34500
-195900
234600
-238900
141200
-97700
-120100
8300
85200
-237300
141800
-159300
176800
144800
-221700
253700
-364500
316900
-276100
104800
-109400
-192600
117300
1467300
-1407600
133200
-156500
190800
-416600
-86400
120700
146200
-188400
112100
-150000
56600
-231200
125000
-62000
8500
90600
-164700
199800
-376800
353100
-211200
-37600
-11500
-78000
-114300
279500
-246100
188900
-230200
487600
-483700
76800
-217800
14500
56000
-187300
236200
-122500
-135000
152500
-148400
193600
-113800
-64400
39900
-154200
172100
-165100
115900
-68800
18100
-232100
458000
-395500
-138700
163800
61800
-286700
510800
-292200
245000
-544900
257000
-144700
3000
-45100
65600
-28400
-239800
225000
-53600
-127000
228500
-257200
-21700
80900
-17600
-56500
-10500
96900
-147300
110600
-229400
249200
-189700
9800
-99500
190300
-358100
312900
-120300
-55600
-207900
154900
-111700
88300
-19500
4400
-194200
145300
-143100
31500
-21700
-52800
119000
-70600
-2300
-265000
337800
-174300
381500
-563300
183800
-121700
192400
-115200
122800
-188300
57700
-63100
34900
-183300
88100
-97400
54900
20300
-141000
31600
-32900
18900
94300
-86100
-101900
1700
-74600
68700
-20100
41700
-151800
186300
-228700
62100
-62900
32300
-51200
240600
-435800
445600
-397800
286700
-146600
-138100
-45700
-50900
-40900
-21700
25800
33300
2000
-22300
-20600
-49200
-26400
-40700
400
-56400
7100
-157200
367600
-220000
25800
-58800
14100
-130100
279400
-335000
232600
-225600
-125000
88700
-16700
9300
-97600
4600
26000
-55300
60900
-59700
-103100
72700
10400
15400
-176100
130700
-101700
179400
-270800
-67200
54900
106800
-80500
121700
-226700
335000
-439700
229000
-189000
-78200
-33600
57400
98900
-143300
67200
-143600
-15200
-19300
-12700
79800
-112600
-98200
183200
-143900
104700
-67700
34100
-176200
69900
-76800
392100
-354600
-41600
700
231300
-343900
178800
-192900
3300
-16700
-68600
61300
-61900
-66300
80000
-48200
-15700
123700
-307000
105100
8800
89600
-98800
14000
-86200
-86300
-3600
-28700
-32800
248800
-291600
53700
-18900
-78400
-26600
93200
-95700
-26200
-3400
-13800
39600
-11700
20900
-171100
31000
-166500
221100
-205400
126800
-193700
89200
-1200
7600
-117800
-21100
-78200
136600
-230400
228200
-285800
144500
-46200
150800
-28700
-10900
-188900
65500
-82100
110000
-299900
112000
59200
-17100
-84000
61400
-48700
-85500
27000
-177900
269100
-167700
190200
-194900
-10500
-85800
231900
-173000
-68700
-86200
246500
-203800
154300
-129300
25600
-252000
121600
-53900
-128200
110600
-36200
-82100
128600
-20200
-165600
7200
-12700
86900
-94600
-41100
7300
181900
-199700
231700
-321900
-120300
181400
-152900
-134500
350800
-276700
355000
-455900
595100
-572100
104300
-47300
-163700
2400
30900
-21600
4100
82800
-107100
121000
-347300
147600
84900
-131900
-121100
242900
-160800
115200
-208400
101600
-118800
30900
-33000
166200
-217900
182900
-219200
194300
-279100
87500
-242000
126700
-59200
15400
18500
8800
-268600
248900
-17500
-105200
1700
-44700
112000
-174400
93800
-82800
64500
-70600
139400
-207200
-107600
63600
24200
-96000
315700
-442000
550400
-386400
4400
-315400
225600
-221500
65300
42600
-123100
141500
-68900
-76600
48900
-55000
37500
-45100
-71400
-101700
106700
129100
-199200
281100
-341600
167400
-116800
-71700
61800
171000
-337100
301500
-358100
340400
-315700
83300
-153200
-54900
44300
5100
-55200
40900
-47900
22600
-11000
8300
-175400
91200
-6300
-62200
79300
-149600
89600
-153500
216900
-170200
45900
-102400
154100
-247700
-130000
160900
-114700
162600
92800
-274300
-101200
36300
133800
-231700
81100
7200
-43700
228400
-228700
162700
-193400
87000
-164100
251500
-424000
214500
-194600
350900
-185200
102500
-292400
334700
-469300
245700
-227600
1400
-143800
270900
-9500
-83100
-93500
57400
-136400
-59800
-117400
236400
-70600
-13400
128800
-234300
195400
-155400
107100
-327900
277800
-198600
94100
-6400
175300
-329900
414900
-441000
147300
-115900
-152100
-101600
-5700
253300
-123300
-76700
8700
-154800
89100
-22700
29200
-105100
-52400
204200
-138200
99200
-240200
106400
23700
-90100
-20100
131200
-198400
350000
-433100
238300
-202300
162700
-127900
-137600
42700
-121800
36500
-4900
100600
-51800
-165300
30000
71100
-94900
-107600
78000
-47400
32500
182900
-264500
82600
-35200
-43600
-62600
180700
-271500
381800
-226300
119200
-274800
69800
-104500
15300
-19400
-64100
-75900
60700
-50700
101400
-101400
-72400
-16800
-125700
174800
-108400
3300
-98500
181500
-118800
327900
-492600
121200
43100
-121900
23600
-148000
47300
292900
-222000
144900
-314900
15200
-8100
138400
-248000
-4700
-97400
202100
-69900
-77600
-16300
-53900
46300
-27100
-148900
101600
44200
-117300
116200
-155900
142800
-102700
-116900
44500
56700
-18900
-18000
-13600
60700
-155900
63800
-86500
-21000
-63200
-72500
-52900
-26800
143800
-42100
-31100
-248600
212300
-37500
1500
-159500
160400
-123500
116200
-67200
-11900
-95000
223100
-329400
154100
-177200
89900
-82500
50900
45300
-256900
13300
-63300
-6100
145100
-117700
-55400
66200
69300
45700
-214800
113000
-185200
195500
-256600
198200
-163600
79000
37200
-43700
-214900
16800
-21900
206300
-256600
197000
-161700
162400
-200700
48000
-95400
-124500
112400
-135600
-77000
83700
-88700
90600
5200
62000
-122300
-54900
126900
-160800
47100
-130600
135000
-137000
264400
-206400
-43400
69800
-1400
-177700
282200
-346600
370000
-410800
95200
-30300
-177400
13700
-27400
25300
21100
-92400
-20800
30300
142700
-207900
-41000
118200
-160600
92200
-120800
170100
-221000
173400
-63600
-91900
-47900
290100
-298800
-34200
-102100
379000
-467900
155900
-124100
103100
-172100
108300
-179200
61100
83100
-123700
-107000
102900
-11700
87200
-85900
8400
-36900
-86600
45900
-51300
55700
-121600
303600
-286700
54300
-164300
449500
-408600
138200
-171000
38300
-166100
160000
-118800
-121400
-26100
41800
-2800
-36900
-43100
-151200
26900
89900
144400
-212800
38100
-17900
63900
-272400
262400
-92100
-10400
-75700
378800
-453100
219500
-140900
43700
-361000
171300
81000
-235100
141900
-9800
-114800
-34700
-86100
140500
-178800
81300
-129500
-800
201000
-91600
-48300
-57700
159000
-351400
270400
-286000
256400
-108000
195300
-230900
94800
-178600
-105400
6800
115400
0
-226400
105400
-7400
10800
-202800
78100
31800
-148000
76500
-71800
42800
-23600
22500
60200
-182900
134600
-202200
85300
-187300
285300
-141100
40500
-94600
209700
-332000
177400
-299000
236900
-195600
122500
-15400
-152800
161800
-91000
-18500
-143500
94100
-44500
-12100
28600
-42400
-147900
54100
114500
-108400
-24000
7000
-239900
329400
-286100
80400
-191700
396500
-239800
14100
-162900
87300
-106800
51600
-26700
-14600
-87400
110200
-29900
-146100
26500
-14000
3900
-79100
51300
-74200
-55000
71800
74900
-248300
225300
-314700
348500
-338900
230900
-294300
446100
-225000
34600
-335000
33800
16700
23800
-75600
43000
-85100
83400
10400
-18300
-196900
141900
-221600
-6500
171700
-182500
194900
-275800
328300
-162000
8400
-165800
165600
-280400
222600
-128500
28600
-120300
-15800
87200
-207500
86100
-99900
25800
88700
-71700
-134200
84300
-46300
98200
-41900
-170800
29200
-52100
111300
-254900
160500
-92900
212300
-10500
-286100
162600
-138200
271400
-276000
239300
-369900
323400
-157200
-116500
-74600
-92300
165700
-121700
-94400
180000
-282900
139100
38000
24600
-152200
8100
-800
-76800
71300
-160300
160200
-11800
41100
-62400
-75000
-196400
298900
-201600
123100
-170200
140400
-327700
182400
-42900
-23000
-70200
11500
-66100
-21900
82100
-114300
-39000
114300
-9600
-166300
77600
-7400
-49500
-173800
182800
-69900
-47700
1900
158100
-230400
-28500
-173400
360100
-247900
69800
-110700
37600
-89300
171400
-225800
20200
-54000
109400
-286400
184300
-139600
147300
-138900
156300
-260300
41100
-1400
-38000
183100
-344700
256200
-165700
128800
-108100
111600
-202200
194200
-217100
159500
-200300
112400
-185400
224100
-132700
-101100
-24300
-59500
80000
-92400
32900
-212100
213400
9200
-116200
-78200
145500
-112000
33800
-130600
290600
-295300
26500
138400
37200
-373800
348300
-284200
-12100
9800
-26100
-41800
-41700
91300
47400
-153100
-97000
24000
-41400
28000
-88400
144800
-39200
-7000
-13800
-95300
-65100
119200
-62100
-95100
-87200
279000
-342700
287500
-140200
449800
-528600
-7700
-119300
42800
51800
-68200
-145300
160700
-125400
28600
-16000
-41000
-32100
38800
-30500
-23700
84200
-69600
92400
-155600
-143400
110000
-24700
-28000
70300
-142500
32700
75500
-31300
-8700
-147000
9600
151700
-377800
168800
-154700
60800
32800
96100
-323500
40200
71500
59900
-178600
141300
-124300
42400
99000
-140900
32800
-207400
279900
-150200
26900
-165300
118500
-121400
112300
-99600
-27700
-57900
69100
-137600
64700
-179000
33900
300
63300
9100
-94200
-18100
-48900
125700
-136300
1100
-6800
-19000
-38100
123300
-181600
238500
-422200
389800
-326400
176200
-165100
437000
-350600
139200
-405200
73600
14300
-29000
-19500
-99100
2800
10700
36400
22900
-158600
74200
23800
-50900
81200
-201800
-147800
1100
127400
54800
65300
-161900
75500
-235500
227000
-195700
365000
-348700
-35700
99100
-301300
111100
-126500
70200
46400
-66800
39400
-80300
112000
-81100
4300
5400
-221700
109900
-19700
41000
-108200
74300
-66700
183600
-208700
55800
-141800
47000
-34900
358700
-593300
158200
-1100
87400
-327800
207900
-224300
-63200
111200
25200
-66600
19000
111700
-102200
78500
-120400
119200
-171400
38400
-216700
149100
-271800
353000
-66100
-12100
-110500
76600
-100900
113600
-253900
79600
-101800
93700
-88100
-96700
5200
96800
-119900
700
-41500
-200
-17200
149700
-116300
32300
14400
-269700
146200
-94100
-18200
31500
114600
-175700
190800
1002500
-918700
-506900
340600
-337700
296000
-380700
195900
38100
-61500
-69600
-118500
145800
-108700
-160900
106300
-146600
59300
114300
-84800
15700
-144000
92700
-43200
-186700
117400
268600
-295400
118600
-151600
172500
-352100
357900
-293300
18100
-171300
127400
-92500
143500
16800
-209200
6000
13300
-19700
-107200
101700
-72700
26000
2800
48000
-182400
116900
-235900
230200
-281700
236500
-217400
278400
-93000
68200
-288900
209900
-114500
-245100
39800
98600
-100800
-26800
-32100
111600
-280200
189400
-40300
80800
-176800
-5200
134600
-174800
128100
-217200
60600
-67500
127500
-75700
-121000
-100
162500
-164300
156500
-253100
515100
-575100
109200
-135900
193800
-193400
12400
-32900
112100
-93000
-100700
54000
-7200
-37900
135100
-203400
37700
103900
-24400
-32800
-107000
132400
-263400
74600
-233400
226100
-153900
364500
-302400
192300
-369000
124200
-244300
248400
-260200
103200
-49000
94300
-163600
119500
-195300
108700
-90600
-29400
150600
-86200
-11300
-80400
190600
-208900
84500
-95200
-47900
-71000
122900
-247900
349900
-384400
469100
-435900
191200
-227100
105500
-97800
24300
-98500
76100
-106100
64900
33300
-89400
-59300
-8000
10900
-1000
-13400
-5800
-20300
50700
-30000
-260700
127500
-68300
2600
-69900
13600
2200
86900
-80000
335100
-437700
29300
-106500
-65800
42500
-110200
116300
-12500
-4100
-18800
-13800
6000
-15900
-90600
5400
-52400
7900
1400
40800
-100500
138800
-308000
247100
-143200
277600
-494600
354300
-252400
225100
-182700
-214400
65600
-63800
-44000
159100
-126700
33500
-61600
82000
15800
-131100
115800
-227700
108100
-132100
133000
-29800
212700
-212700
36500
-234500
106500
-116100
213200
-323000
239300
-272100
-6400
127600
-67700
-84500
-12600
-34800
14100
-54300
60000
-94500
-52500
73200
97000
-158200
44500
-94100
38000
19300
-39200
35300
-232300
331400
-218300
-23200
-217400
315700
-159700
105700
-207900
149500
-251300
212500
-95600
-172000
10900
50700
-139000
102500
-171400
56500
108900
-63900
-66300
-21000
-205000
219100
-146700
-14200
197200
-200100
152900
-66500
15400
-82700
232500
-343300
228400
-216200
-113700
38500
-100800
224800
-150700
-207400
141700
-200
-101600
15800
-95500
97300
-100600
106000
80500
-170300
20900
-61900
8400
-181100
-41100
221500
-185500
386800
-282000
92900
-173800
42500
-259600
181000
16100
-108700
-44000
-22900
54900
-22800
-159600
151500
-172600
62500
-114200
161300
-128000
69300
39600
-55500
-36200
299400
-276800
-112800
237200
-306700
181000
-145900
121900
-252300
409200
-372900
-11300
-66800
33600
-202100
89400
-1500
8600
-166400
153800
-128700
99900
-151500
119800
-103800
42600
109400
69100
-224800
-58800
43300
-148400
-23300
-18100
203600
-189300
306200
-305100
103500
-192600
-52300
-39700
85200
-70100
-77100
12600
13800
-19800
-53000
-23700
45100
-76800
94000
-82300
-161600
349500
-80100
-16700
-211800
72200
-231100
307000
-177900
194900
-294900
43800
12000
258700
-406100
58400
-51900
108600
-224000
134400
-200600
55600
7400
45900
-110100
-14900
11200
-74200
-24300
-123500
169300
-82200
108700
-95900
369600
-406300
105300
-290400
262500
-307000
340000
-313900
433000
-332700
-22100
-231500
286800
-361900
153400
35400
-169400
62200
-58900
72900
-118300
16100
-17700
23300
-7800
-16200
700
-125200
14600
276700
-279300
38300
-57700
7800
-201200
414400
-364600
-38500
115200
-139800
-22700
-74300
34600
29700
-82800
86900
-98500
0
-60400
142400
-96900
-128800
75600
-79900
71800
-146100
55900
-63700
192900
-161800
112800
-118000
158800
-400900
237700
-121600
103500
-293200
235100
-86400
51300
-290200
152100
-178600
96800
-56000
101100
-130300
123500
-54700
-109500
-38400
-92200
125600
-19400
108000
-321200
363000
-257700
349300
-428600
46100
-41900
370700
-475100
-67600
92000
-61600
50100
28500
-167100
42600
100700
-217700
33400
9000
400
-5000
39700
50100
-112100
-125000
130400
-205800
14500
23800
206400
-341500
250700
-119500
250800
-346600
27300
-88500
353900
-362400
-4500
-30900
-17700
-24300
-81000
134000
-144400
-168000
213400
-92000
34100
-133900
170000
-113900
-68000
-105700
162400
-8900
-116900
146400
-114700
29600
-44800
176900
-234800
-3400
-85000
366600
-450900
15100
-46900
137700
-52400
-52900
-126500
10100
39300
-79700
76700
-97900
-35700
-1200
110500
36700
727100
-1072500
198900
-100800
205300
-274100
9500
-64900
306500
-244200
66000
-141400
163800
-286300
44600
-13000
-5600
-161900
259200
-154800
-39400
75700
-173900
7700
-1700
-95300
67900
-125000
208800
-91400
-92500
-65100
108100
-253200
133700
181900
-213400
58400
-11500
388400
-492500
56400
-92400
10800
-110300
34600
17600
-9700
-4400
-7900
-132200
37100
-79100
49300
-26500
-9600
7800
-2900
-162200
151000
-125200
-50200
325600
-372900
288100
-303600
-4800
32800
280000
-428400
145600
-139500
28400
-49500
108700
-153400
-66200
18800
130100
-61200
-162800
70400
3600
-202700
73200
48600
-63900
10000
70900
-134500
-100900
111200
-134500
48400
-84800
207100
-227800
241600
-193500
113500
-288700
181300
-181600
-135600
83600
-65400
-9100
86900
-27600
76900
-86500
-136500
-4200
-95300
198400
-115800
-102200
21100
55100
25600
-194700
57000
16600
-41500
125300
-178100
46700
-44300
206100
-162200
-170000
-6700
-80000
26100
57100
-186000
131800
-19200
1500
-41000
-137100
143200
-67100
4100
-147500
231100
-255500
184200
-139600
112100
-189400
191800
-186600
178300
-282100
43600
-69300
164800
-82700
-81300
-22500
-118000
36300
8000
-65000
86000
-132800
73500
28500
-4900
-189700
112800
-72100
-54600
-91000
132500
-121900
600
333300
-234000
-76700
-89200
173700
-177600
-2600
-73500
130600
-76700
115800
-152500
0
-52300
-68300
-33000
57500
-100500
76800
-80800
80900
-1200
-144700
62500
-70900
-43500
25000
18300
-82700
94400
-60800
167600
-222600
49500
-247600
240100
-224800
5600
-100
-134700
142900
-53500
6700
-204100
129300
20200
-89700
47500
-31800
3200
-9900
31400
-37000
-40400
31600
-82300
29400
-48400
-18800
-74500
132900
-122700
27900
-163400
143000
-194000
204900
-75300
-75300
-129200
115800
-135500
10500
-136400
106200
-111000
50500
-142400
134900
-95800
157100
-103300
-31000
52600
-192200
149900
-58300
313100
-384700
-51900
204900
-54900
-233300
79600
-92700
-65800
-110800
217000
-107900
2800
-124400
118100
-191300
137100
-205600
86600
-14400
15500
-8300
8300
20900
-13500
-61800
-61300
57000
-77900
129200
-165900
121400
-170500
333100
-234100
-117900
-50200
109300
-143800
-86000
41400
95000
-192900
18300
100700
-124600
-66700
63200
-19500
-25600
-72400
58700
11600
16100
-25000
-125800
-54900
-123600
197500
-183500
189200
-275400
426900
-335100
266300
-362300
-22600
-14000
226000
-198000
119000
-269900
148100
-177000
115400
-119000
87800
-200800
8300
67500
-43100
118300
-26500
-14700
-2000
25700
-79000
-11600
-271000
298000
-95700
28300
-265400
459200
-406900
223400
-381400
164800
-36900
-82600
-9800
-103900
78600
7400
-1300
-23900
-73600
-62700
47500
-67700
117100
-106700
-2400
50900
130200
-294500
-23100
-27600
211200
-317100
210100
-277600
500800
-441700
174600
-172000
114200
-182300
90600
-116800
47300
-112500
54100
45100
-2100
-53900
-34300
-35700
42000
-137300
-30900
20700
-122700
191700
-90700
-81600
-11900
46600
-74200
125800
-149800
368900
-443900
242500
-164600
-71700
-44100
-20600
-157100
148300
-172300
151600
-42800
-28300
-5000
-101000
38200
-43200
19100
-112700
184900
-113900
279100
-416100
292700
-371900
180400
-159300
134800
-196500
547100
-619600
111900
-25800
148600
-233800
21400
-75100
-3900
-61600
57200
-21400
5500
-133400
187300
-135000
-161000
152200
-152900
-89700
108700
-30700
18500
201600
-201200
121000
-248800
120900
-139700
227900
-182300
3800
-239600
69600
108600
-220500
119400
16600
-178000
120000
-75700
26000
-100500
188200
-164700
4400
-182800
138900
29500
-118900
69800
-1800
-64200
-45300
230400
-223700
100700
-289700
461600
-422000
-89600
132000
29400
-60100
49900
-278800
112500
-130500
122400
-168500
122900
-23800
19400
-42000
43300
-78600
13300
-11100
-65800
38200
-103300
-36200
-30800
257400
-256400
128000
-334000
311000
-357000
285600
-308800
317700
-177200
21500
33100
-195400
-40900
26400
800
16300
-39900
-26100
33400
-1600
32400
-263500
139700
-75400
30000
-155800
221000
-258400
225200
-108000
113800
-235200
194200
-314300
77000
-9900
-175000
83700
-102400
182600
-25100
-82000
9300
-181100
67000
27200
-125300
68100
15500
-103200
93500
21700
-103200
66700
-63700
-112300
26000
-100
6400
71200
-107000
173600
-324700
53800
-192200
324700
-343600
123300
-32600
25300
-10000
-65700
13600
-172500
100800
-89700
14800
-82700
194200
-143500
134800
-208300
-57700
8900
91900
-242800
426000
-213500
7600
53200
-114400
-73900
-69600
366400
-444900
-6500
131000
-175000
15700
128200
-105600
-122000
19000
38600
-96600
97400
-165900
107800
-121300
238700
-208000
92600
-316800
459000
-248300
132400
-391600
303800
-232800
361800
-340500
-134800
65700
19500
-97000
76400
-119100
15500
-52700
141300
-94300
-1200
-176700
109400
-102100
93800
-30800
-15700
-217600
198100
-135500
55600
-67200
-191000
293200
-117400
221400
-329900
129400
-17100
103800
-350600
168900
-240800
117200
-174000
191000
-86400
-60600
54300
52600
-202700
44600
-11600
23200
122000
-178900
37700
-175300
215900
-20900
10400
-328500
321800
-203200
100000
-156700
25000
-75200
66300
-39000
-147600
-48500
40500
-122100
128100
-187000
180200
-117200
147000
-163300
45700
-45300
55200
-92200
-13700
49500
-161100
21500
-71900
341900
-295400
80500
-256100
327800
-373600
290300
-251800
-51200
22900
133100
-258500
113000
-113000
99100
-37200
-75700
-61900
105000
-3900
67000
-222700
78900
-68500
14800
-68900
85800
-18100
-4000
-15500
-45100
117500
-300400
135800
-177800
471100
-372200
116800
-232200
113700
-188000
52000
-33900
45200
-127200
9300
14300
-5600
-94700
99100
50500
-109200
2200
-31900
20100
-137700
104700
-104600
18400
-29400
60800
-172800
176200
-207300
278500
-283300
188500
-256200
11400
107000
110600
-188900
-198500
374700
-309200
-69900
-39900
25200
32100
8700
-35200
55700
-176600
87500
-93700
7700
-130200
99900
-83900
90100
-196400
415700
-440500
227900
-330400
84200
-31900
39000
-45700
34600
-16100
-49800
-14500
-5800
-61600
26900
-17900
-36700
-24900
62000
86100
-245800
28300
-58000
55000
-158000
272600
-324500
214600
-131200
391000
-521200
149800
-102300
232100
-363100
71400
-30100
58600
-90400
90700
-157300
-144000
181800
-193600
-43100
130100
10100
-17300
79500
-146200
-2200
-171800
248300
-267300
102900
-223200
251900
-237500
231200
-101900
196300
-308900
-57800
-108100
281900
-265700
106300
26300
36000
-238900
56700
6700
-66400
32200
-44400
-19100
-46100
80600
-37400
47300
-202600
327900
-334000
27400
-77700
140000
-130100
129900
-121200
435800
-660500
113700
5700
94900
-187500
45200
-36900
-47000
84800
-45800
-111200
9200
-5600
10800
-68900
51500
9900
-20600
64400
-139200
63900
-167600
-44500
51800
287700
-449000
44600
78400
306800
-350700
-157700
35900
-210000
185500
-120500
85400
-42100
36000
-43200
-30200
23600
-180100
195600
-232000
96500
-83500
55600
-41900
-41200
163400
-220500
1400
-18500
142500
-111200
263900
-326100
341600
-468100
184100
-174800
26400
-43800
-600
-100400
66400
-67600
-104300
276500
-62000
-125600
-105700
120200
-56200
-208400
139000
86900
-277500
310400
-119000
-246700
96600
54700
-84100
235700
-216500
-11300
-28200
139800
-289200
103600
-154100
-3000
-59100
83400
-47700
50600
-161400
232000
-128600
-70400
-9300
-139300
220400
-265500
146500
-91300
136100
-149800
200900
-361900
280600
-183800
199500
-302100
96500
-108900
-101000
125500
200
-146800
1300
-119600
184300
-192900
139100
-81400
60800
5100
22300
-30600
-286200
259800
-150300
112200
-223600
429500
-462200
210700
-224700
150400
-107800
181500
-281100
203000
-226200
90000
-129100
206500
-163400
-54000
-100500
58600
-13100
-29800
-87500
68400
10000
-12700
42700
-232100
3000
32100
32300
-37100
126900
-243300
157000
-115800
53400
-170100
209700
-215500
63700
-61800
11200
-109800
141700
-162000
68700
-162000
-36200
6300
-43300
-33500
96200
-95100
46700
-24900
-67900
84200
-269200
247800
-162800
-15200
-3700
178100
-226500
96900
-22400
153300
-308200
122300
-287400
242500
-259200
138900
-126500
118300
-35100
-187500
-21500
149100
-227500
178500
-86200
26500
13100
-24400
169200
-256900
175500
-336200
272500
-240100
191300
-188900
-900
61200
310500
-492300
33000
-145500
85400
-160700
195000
-91200
22200
-11100
38300
-248600
137600
-53700
66000
63500
-179800
-61200
-15100
166600
-107800
-16400
-91500
147300
16800
-264100
146400
47200
-17200
239300
-376900
113500
-154300
105700
-327000
150600
-100800
-25500
-20500
95600
-178800
143900
-244300
130400
-200600
147000
116200
-156200
33700
38500
93600
-227800
221900
-262900
113000
-251000
263300
-140100
204700
-186600
147700
-252500
-125100
-79100
38100
31400
-118900
79300
-39400
80300
-33100
-22400
15000
-127200
-100
45300
373100
-529800
79000
134500
-164200
329100
-446400
191100
-107100
92200
-176200
61600
-108200
83900
-6500
-61800
-234200
176800
-197700
48000
-105800
104700
-36200
205700
-248600
61100
-151400
65600
72700
-142400
101000
-157400
83300
-55700
431800
-335100
-79600
-117700
104000
-31200
26500
-177900
275200
-282300
-8100
-7100
-50700
-46800
500
-120400
64400
-135000
101800
-48600
55800
-217900
190200
-29200
12800
-34000
-900
-4800
-125800
190500
-180000
-23200
-78100
268100
-318300
370600
-363000
292500
-444800
435100
-315800
64900
-120100
-24500
-95900
96800
-142700
37200
-119700
233200
-228900
26100
52900
-59000
213800
-358800
167500
-147300
307000
-309100
116800
-169500
126100
-230700
270600
-276600
183100
-178800
-83100
86300
110100
-205700
-90600
-27100
78400
-21700
-41800
-142500
131900
-43300
-18700
58600
-70900
286900
-228500
-22200
42000
-138300
-87300
171700
-30000
44800
-393500
312800
-159300
-19800
-218100
325600
-346800
296600
-124000
-33300
-160500
63700
-12700
11400
-157100
123900
-70200
52300
44900
-129200
17400
-212800
192300
-95100
-127000
91400
200900
-80600
188200
-431800
180800
-147300
353600
-427100
36400
-67800
3700
21800
-112100
4100
19800
-144300
131200
-153400
90100
-76700
90300
-22000
-16500
-116500
122800
-179200
-89700
278200
-189600
204100
-424100
383500
-247900
251900
-352500
-12400
-71300
122500
-190000
248900
-185400
-15500
77400
-156300
9200
-78900
-30400
139900
-82800
9400
-140800
190400
-106100
-73000
64000
-102000
-68900
36900
70800
-57900
1200
1500
330500
-519500
183500
-108100
170300
-224600
36600
-76800
-147800
111700
28800
-138400
84600
-123300
90200
-185300
50200
105000
-217000
177800
-187100
67100
-202700
322800
-275900
272300
-306200
278200
-267900
462500
-566400
168600
-193800
121200
-192700
166300
-236800
155200
-157300
136400
-6500
-36500
-189800
160000
58300
-69800
-62400
-91400
151100
-112200
117200
-146400
-66400
900
72800
-109400
228400
-287400
390000
-428000
252000
-212800
-134200
-15000
-64600
7600
-20300
-25200
10900
73000
-72900
-152500
191800
1905300
-2152700
157100
-225300
204700
51800
-111800
4100
27200
-175200
-95000
-77800
198500
-64200
300400
-433500
278800
-125300
-133200
-10900
-167900
165700
-242500
170400
30200
-139800
204100
-236800
-1200
44200
12600
-132500
900
81200
-78800
92000
-126100
158800
-214300
270900
-249700
138800
-261600
275900
-373700
186000
-147300
284100
-327900
101300
-201200
40000
-143600
196900
-79700
-74400
76600
-98100
17300
22700
-61200
-55500
-15100
-106300
202000
-146800
9700
48100
-86700
44700
195500
-439400
336400
-255500
187900
-349800
287800
-109900
-133000
-24000
-88900
98500
800
-105300
56200
-122800
188900
-131300
-84900
43400
-61000
181200
-229000
121700
-133200
162900
-102500
-10600
-241300
349400
-239200
-38600
-18900
-87500
58500
10900
27800
101500
-258500
-6800
-15200
57900
-159100
-67900
177100
-122900
148600
-115700
18500
-164700
132100
-47100
-20800
-130600
323900
-414400
227400
-239600
274300
-216800
139200
-220500
194600
-199300
32900
-112500
208300
-125600
-172900
13700
13300
-49400
10200
128900
-215800
59900
81500
-51400
-51300
156500
-303100
96800
-21900
39800
-69800
-7400
-32600
258600
-336200
93800
-217900
192600
-160100
-65000
29800
-92900
116900
-142100
-9400
57200
-240000
143400
-88000
307600
-163500
-46900
-12800
-111100
63700
-76900
26400
-151500
250800
-163600
157000
-294900
99500
-40900
141400
-282700
214900
-310600
219500
-247800
176100
-189100
133500
-47100
-200400
3900
105900
-43900
28200
-128200
74700
-89600
126900
36100
-110500
-51800
-82000
151600
-110000
66600
-169700
172900
-166900
18400
-53400
148800
-245000
93200
-202000
177400
-257400
128400
59300
-103300
81200
-262400
199900
-108800
10600
-13300
6900
-149600
116800
32700
-67300
-83600
29800
-108200
111800
-22900
270200
-445300
206800
-111000
116300
-273600
53300
-64100
-49000
-34500
4400
5600
-23500
-85300
30000
-83900
136200
-206900
119100
-18200
-101800
238600
-298300
121000
-45300
28100
-163000
227000
-254600
328200
-237600
8400
-69000
-53100
-85700
93200
-103400
-156500
99400
14500
-27400
-6800
22300
48700
-228300
17600
69800
-66000
-60100
-99500
155100
-39500
22400
-140900
151700
-154900
292800
-310300
309800
-498000
429500
-398700
615900
-504600
1000
-77800
-54500
-37400
39900
-52700
1900
-172700
238000
-105200
-148100
90100
-63900
-45500
-93000
128700
10400
238900
-382200
200900
-330700
368700
-325900
311900
-365900
224300
-149400
-142900
146100
-65000
-63900
43900
-218800
190700
-109900
-18700
-24900
54000
4600
-27300
-35500
-83700
44300
-34900
60900
-100500
80900
-236800
206100
-61800
1500
-190100
363100
-374600
182700
-207800
108200
-178700
441200
-299700
-244500
61400
38000
100
-100800
69600
-77000
38500
6100
82200
-251100
111100
-156900
2900
31800
90400
-135800
198900
-293400
289600
-442900
383400
-319200
462800
-413800
34000
-97700
-6400
-16800
104700
-283000
79600
-119700
124700
-146700
135000
-151400
79600
56600
-77600
-23800
36400
-133500
83200
-102900
60100
-46100
-37300
35500
33300
-48200
-155900
332400
-495800
341800
-367100
297300
-276800
168600
7000
-115700
-35200
-69600
108700
-44600
-110300
70900
-145200
104100
60200
-304700
146900
-45900
-78900
-30400
175200
-188400
147000
-103400
160300
-213500
198400
-406200
422400
-377600
91100
-117400
131000
-145400
105300
-112900
-8400
-70800
93100
-75600
50700
-88100
-44600
82000
30800
-281400
16000
177300
-266500
230900
-27000
25200
-174100
171200
-101100
-180000
16900
163900
-304500
277800
-165800
120000
-372000
241700
-48000
-71500
-112500
64900
-88100
68400
-129500
46900
38900
1000
135300
-347500
284100
-323400
321700
-229400
20300
-100700
302300
-185300
132000
-345700
278900
-290900
36700
-39900
27800
-133300
128700
-149700
148600
-259400
236700
-170300
72900
-168500
145400
-105800
-32300
135700
-161000
22300
-74200
110700
-248900
203800
-257000
440400
-381600
520100
-492400
193800
-286400
92600
-224700
156100
-251600
196100
-105000
70200
-140000
1100
-62900
72700
4800
-44400
-7300
21500
-4300
-163100
275400
-389100
298900
-233600
338400
-430300
223600
-93900
303000
-385200
207900
-359500
86800
-88700
48300
-23300
-33500
-3300
19300
-13600
-44000
-179700
92000
20500
-15200
-70200
39700
-89100
72300
201900
-98800
-313600
-9300
50400
-3400
62000
-181500
40400
7500
-78500
70200
-197900
38200
-48700
-110500
160800
-191200
107900
-121100
230700
-163900
29800
-173900
147100
-120100
29500
49900
-34100
-144600
124800
223600
-258600
-81900
-50700
90100
-213700
345400
-436400
268100
-94100
-68200
-73500
-35500
-2500
39300
-48600
45500
-78700
69400
-35400
-55700
14100
-98700
13900
-16400
-31000
-41800
144100
-192200
363100
-330000
368700
-616400
403500
-317600
405000
-479900
109100
-113900
281600
-201000
-172600
44400
-92900
-97300
184500
-48500
-88500
-42100
214400
-55900
-121000
78100
-222700
78800
-21200
23400
-183000
354700
-245800
250600
-365400
61400
-166700
291600
-231900
-61100
22100
-129000
130900
64400
-80500
-65900
-67900
120200
-186400
177900
-164600
-800
104400
31200
-28400
-208900
195900
-87100
196800
-389700
37300
898500
-594500
-254200
363700
-488700
197900
-178000
182800
-313300
187500
-329000
111600
50800
-122400
-17700
62200
-189800
155000
-83800
86700
-60400
93400
-104200
-105900
121100
-64200
20100
-235900
238400
-155800
197700
-162900
195000
-313400
93000
-105400
318900
-605900
244100
-1100
-222600
206300
1400
-264900
96000
-137600
151500
-171600
133000
-27400
23100
14800
12300
-89800
-4800
-60200
-83100
182300
-231700
186100
-223300
342900
-369100
291300
-443900
319100
-214000
-146800
59700
-96900
11600
219500
-136200
22700
-140700
12400
30100
-135900
23500
-82200
74100
82800
-1800
-93400
71200
-175800
173200
-110100
35900
-163300
5700
99600
202500
-378700
139000
-271000
108300
-53400
15700
-48200
-170500
198700
-79500
-46000
-70900
32100
35800
-147700
125000
-152000
131200
-86600
93400
-18300
-139000
30600
-168500
301100
-373600
373800
-165000
136700
-319100
236600
-384500
237300
-172300
63500
-57700
26800
-73400
97000
-53900
-63300
-170800
148800
-154900
129200
-51500
3800
-121600
74500
176800
-351600
120400
3500
80200
-336800
171500
-62400
324700
-257300
184100
-435100
78800
-71300
80000
-171100
57200
-108100
18300
102200
-40600
-50900
-59800
53700
24900
-15500
-115200
97000
-139900
295200
-235100
-25000
-154000
139300
-82100
124100
-173000
274200
-344200
13000
150800
-56700
-290300
144900
-35000
71600
-236700
140500
-61700
-28700
33600
-100900
-26300
8000
-47800
29700
37300
-81600
20400
-33500
213400
-291200
301200
-338800
188300
-146100
439200
-560600
44600
28100
-21900
-96200
-129300
57800
15700
-52600
12500
-65000
64900
-1200
50800
-163600
17200
-27200
-14600
-98900
-2500
76800
-151400
256200
-246200
271700
-278400
143500
-208600
93200
-116300
-1900
-58700
97900
-118400
45200
-164700
119900
-175800
129900
-191000
120200
-46500
62100
-62900
-1100
96700
-149800
19600
-64700
35400
-124600
183800
-236000
178300
-216200
329500
-340400
175800
-278600
350300
-475600
189100
67800
-71600
-123500
-140300
104500
-158000
143100
34100
-55700
1500
-67900
147100
-173900
-88100
181000
-137200
77500
-174300
209900
-173700
217300
-329400
196000
-162200
-11700
-59300
260700
-289000
-15100
-27700
97500
-75000
-109100
-116600
130600
-137200
114100
-144200
116700
-42400
54700
-44700
-94800
-38300
3300
82400
-79000
-112600
-44400
244800
-159900
74700
-216700
286000
-334400
79200
-29700
25600
-155200
48600
72600
-135900
-5600
-26800
-87300
73800
-106300
25300
24600
-218400
328200
-160000
22600
-144700
246800
-310000
85500
-152300
436400
-433900
373500
-134400
-88000
-131200
-140300
95800
151400
-350900
148200
-110900
97000
-135600
98900
-157600
135700
-161800
101000
7800
-87500
-81500
160300
-91300
-52000
177000
-247700
5500
-162200
382500
-395800
339700
-250700
192500
-365000
86800
-171900
183800
-42000
-85400
-71300
127000
-85700
32300
-157300
124100
-140200
85800
-193900
149600
-128100
170200
-141900
59100
14800
-165200
21900
34700
223000
-247000
261400
-344900
174300
-124900
-189900
33300
96800
-127000
14300
-62400
14900
-22800
-44100
60700
-14400
-249400
195400
-19100
-19200
-36900
35900
1200
-48700
79900
-168300
53200
-125000
180000
-202600
124500
-220900
208600
-135400
23700
-157500
119400
-146100
-19600
-59300
5600
-3100
45500
-10300
-59400
-56100
52300
-28300
-158900
138500
-118600
103600
-96000
144800
-281700
310700
-345700
229000
-341300
519500
-494700
186200
-95100
309900
-331400
19400
-232700
184300
-194000
125900
-105400
-92700
99700
-12700
-39300
-150200
34200
95600
101700
-184100
-19900
-88400
364300
-290400
126600
-239100
119600
-119500
122100
-198600
-62300
55900
-61300
82800
6900
-168600
-17200
-47800
82000
-131700
148800
-190600
183500
18200
-177700
6400
59600
-35700
-98200
283800
-317700
89100
-98300
295000
-349400
90600
-133500
706300
-752800
220300
-366500
154300
-52100
128300
-63100
-119000
-198500
128100
-41700
-42400
-13100
-83300
51500
158900
-60100
-210400
125500
-73200
42800
-78200
224600
-280500
272400
-336400
187300
-139800
136600
-228600
141400
-205700
120300
-137600
106300
-83600
-20000
-75800
-81800
-34800
120500
-127000
90800
-120800
107100
-117700
121800
-125800
-48000
186600
-175800
-55400
-94000
212000
-287100
340700
-335600
232400
-211200
142400
-183600
-29100
-1000
-41500
-42900
224300
-138300
-34000
-134800
59200
1500
-15500
-32600
-94500
111300
-133000
80500
-17400
-108300
36600
-17600
8000
-115900
-98800
258500
-97500
50000
-213600
-58500
55200
-11600
-62400
81200
-204500
89000
-43400
47100
-174100
139400
-73200
-29800
-70000
36400
149500
-312800
373100
-247400
-42400
-41100
207300
-261100
294800
-398400
301900
-319600
412800
-305200
-22500
-34200
-192900
69800
-52800
48400
-38000
-32300
20800
30800
-82500
-40400
54700
2000
-12300
-50500
-151800
140700
-42400
34200
-78100
-7200
-169900
216500
-124500
-34200
-81400
48300
13900
129500
-256200
133800
-200300
155400
-294900
185100
-256400
173100
-13900
118000
-140900
13900
61100
-138200
78000
-92500
78100
-100400
104600
-198500
-86700
33500
146400
-106200
73300
-179900
177400
-231800
343200
-286900
-142900
3800
104300
-126600
-89400
138900
8900
-106400
48300
59500
-291900
149800
-129000
85300
-142200
128000
-140900
-18900
129800
-25900
-109800
57700
-93900
129500
-220300
219700
-242600
-79700
174900
-187200
39500
37100
-135800
48100
-111400
82800
-162200
178300
-123600
152000
-29900
-85100
-42700
-79400
84500
-206200
210300
-265500
356100
-240200
208800
-279500
224100
-302200
419900
-402500
80900
-146800
347300
-335000
-14400
-60800
44600
-102300
25300
-73900
-16300
85100
-26600
-7400
-139800
-54100
51900
-65600
52800
-121200
-101500
121900
28600
116100
-197700
194500
-206500
56200
-125300
303300
-401200
46800
2400
98400
-199800
-7000
77700
-63500
-99100
89400
-179400
133100
59800
7100
-235500
263300
-105000
-141600
78800
-127800
191100
-266600
87600
-58000
369400
-622900
344300
-278300
286900
-328100
109900
-52500
131100
-244900
83300
-141500
60400
15700
-11400
-65300
-34000
75500
64500
-85500
-31700
-203100
147400
251500
-480200
227600
-70800
-117400
83200
299900
-501900
342900
-426400
247100
-130500
11800
-101700
-147100
221400
39800
-203000
25700
-102500
101800
-35400
-74900
5400
45900
-33100
70300
-90800
-122400
51200
-175800
200900
-109700
124300
-197400
240900
-299300
107700
-79400
86800
-155500
53800
-113600
192700
-214000
64800
143400
-155000
-120900
20900
-136400
83400
-100900
-130300
173300
-47500
190300
-260100
-17200
-57800
184900
-208000
133700
-159600
104700
-63300
160400
-429200
284000
-212900
55600
-140500
90100
-191500
169700
-106900
119900
-29300
-99900
-148500
161600
-34600
-104500
22300
-109700
286200
-177800
69700
-67800
-65600
-54500
100700
-115800
197500
-297200
279600
-198100
72000
-216300
102700
-123900
-55200
-1800
-2500
-3700
2400
32400
-36600
-88500
4100
7800
-39100
-8000
-172900
200800
-65800
44300
-52600
-72900
-151400
104900
200
246000
-361100
79100
16400
27600
-203800
291800
-495200
159100
-81000
48900
-9600
5900
-72700
112000
-209100
61100
10300
1500
-65500
29900
47100
-243600
255000
-38800
-73600
-78900
21900
40300
-63000
-96700
84200
-6800
160100
-185600
-157100
41600
21200
-78200
-117000
72900
-3200
-30400
39400
-144500
66700
-62400
70900
-92200
99500
-28000
-165000
110300
-121000
212700
-165700
-70900
-53300
160300
-156300
229500
-427900
562500
-512500
228500
-295000
179400
-219200
138000
-200500
84500
17500
18200
-105200
120800
-153400
25700
36300
-114600
29400
-148500
358000
-343300
178300
-234300
331100
-336600
199200
-187000
45900
-78000
108400
-286600
262500
-65100
-270900
208200
-166300
-107500
195400
-268400
126500
25800
28700
-133800
39800
79100
-190800
121500
-87000
-18000
3900
38400
-15700
-25000
-63400
327300
-474700
70600
-11800
146300
-267600
91900
-23800
41800
-118600
-22500
-84300
-121700
140400
-126400
-42300
110000
-40200
70800
-187400
67900
30800
-148800
163400
-41800
-53000
-71600
259200
-287000
254000
-324700
126200
-91600
70000
-169000
55800
-70100
-125000
130600
-187300
54800
89100
-126000
-23600
18300
-137200
124800
-11800
42600
-189900
155500
-141400
4000
-54100
81700
-22100
-95600
52300
179900
-394500
313700
-296700
204900
-222600
-131300
91500
59100
-117600
76200
-204900
192800
-179200
165700
-170100
82600
-127100
84600
179300
-226400
147700
-341800
141700
-205300
301200
-266600
286700
-297800
302200
-250100
448400
-582600
267300
-238900
-25500
-46100
-57600
-102000
185500
-105700
-3300
-53300
106900
-139900
48300
-202200
147800
4100
144800
-282800
33200
20300
-8000
68900
-183900
301000
-492600
372300
-121000
340800
-588600
262800
-230000
2700
-15700
-141400
21100
34500
-7500
132400
-230400
108800
-209000
110700
33300
-87400
62600
-118400
76000
-88000
144000
-107100
12700
-127800
145200
-160600
152300
-168700
276500
-273500
119300
-366800
255000
-253100
169600
-220900
110600
-7100
50300
-53000
-145800
88000
-83900
37500
42400
-137300
114100
-60400
60900
-97600
-108700
185800
-99600
7700
-43300
-18800
-15100
21900
-130500
355000
-550800
191000
-184400
104500
-81900
9200
-47900
50000
-38200
61600
-121600
-66500
122100
-223700
180800
-115600
-24300
-85200
258100
-308500
94200
-21500
-84800
-28300
199100
-227000
43300
-217500
492400
-283700
-96400
-34700
71100
-100100
-126100
46800
34600
-96000
75500
50400
-150000
27500
44600
-21400
-46100
-69000
30200
-140900
118300
-53700
-72100
16000
-50600
308400
-383700
153600
-269400
458000
-355900
82700
-251400
22700
8600
-3800
2000
25600
-90100
-40400
111600
-57100
-36200
-112000
94400
-11000
105800
-195400
57600
-217900
507600
-510100
164200
-266000
221100
-159500
237900
-290100
-53200
84600
-81200
69700
-29700
-153900
-43100
98200
-18600
22300
-12100
-182300
284600
-58000
-296900
171200
-93700
298200
-276400
-36800
-101000
304200
-310300
271700
-324200
191900
-108400
72700
-152800
-108400
47300
-151100
166100
-5700
-206900
27900
-3100
39100
-60400
60400
-115400
63500
41900
13300
-144900
-25400
-65200
1100
132800
-246800
160600
-157000
293100
-324800
118300
-153800
77800
-83800
-52300
-11200
2700
-44600
180500
-248200
98600
-134200
109000
-227000
204000
-212800
44400
11500
56000
40400
-120500
-75100
38500
207600
-195000
-41300
-50900
116700
-92600
280300
-394700
12900
64900
-209900
117100
-141000
647000
-730700
87800
43600
-205900
139700
-189100
156800
-105600
122500
-74900
-100700
150100
-33300
30500
-112100
-39300
-146000
247600
-231700
259800
-403100
357700
-188600
-43500
-121600
-29000
-88900
136900
-96900
45300
-159800
151300
23100
-235400
63600
-67600
600
71100
-49400
-18900
121800
-156000
59700
-69000
65100
-286000
493100
-429300
370900
-398400
171100
-162400
245000
-327700
64800
-39800
-209200
136700
-134000
75600
-58400
120100
63400
-275500
75200
16800
-54900
-45600
6300
13200
-101500
267100
-98300
-176700
-26100
199600
-291900
184200
-174900
175200
-178500
411700
-500300
16800
8600
-86400
-36900
68000
47000
-45500
-178500
160000
-170900
67300
-195500
135000
-61400
68400
-36100
-23500
-60500
86800
52000
-153300
-55600
-34000
195200
-204400
184700
-300100
86300
34400
-65900
-73700
-77400
45500
-86500
39100
-119500
63500
-140600
158800
68500
-205600
96400
-31500
-119700
42100
25700
51400
-122100
-34300
67700
-61100
29600
38800
-175400
366800
-517900
368800
-289000
23700
-94700
21500
-146500
96900
4900
-91400
-19300
52500
-152600
212800
-127900
18600
-123700
-2800
61400
6200
-104900
51500
20000
27500
-73300
-213500
311200
-241100
24300
-41300
33900
1436000
-1581700
188100
-142200
3100
-77500
-142400
158200
-167600
144700
-245200
87800
6900
44900
15300
-78500
-82500
83600
-145800
1800
-35800
130600
101100
-192700
-6400
-38400
111200
-209100
344100
-439400
106000
-139900
134600
-162900
122300
-41700
-169300
109000
-99400
63300
-31700
-153100
233800
-174500
37600
-112900
66800
-29900
-58500
184500
-171900
-10100
-41000
73300
-183000
299500
-441400
226700
-217100
212400
-266700
168500
-29400
60000
-152500
3600
9400
-31100
-41600
-77000
-53900
36100
2700
98000
-192300
97800
-37100
-20300
-71000
-41700
228700
-345000
300200
-219000
184500
-243600
151000
-207100
27800
-41500
35600
-61600
69300
-3500
-92700
-186800
127500
-124300
127900
-180500
135200
-52900
-12900
54900
-157700
116500
-130300
218300
-232500
93400
-200500
200100
-102900
117200
-282500
196300
-338600
270800
-191200
85300
-95700
-71100
187700
-93700
-88100
-127400
74800
-128600
67300
-46300
36700
-77200
157800
-4300
-235400
42200
73000
-182200
191500
-133200
146700
-203900
222800
-336500
100700
-205400
369300
-406700
177900
-40800
85900
-259300
249000
-201100
-13200
-96200
89300
-18800
-161100
156900
-118000
32800
85400
-33100
-82400
82700
-184500
66300
-119700
76300
-167600
383400
-235400
-58000
-83200
4300
36500
-153000
228400
-164900
-71600
67800
-77600
26200
41000
-132700
-20600
-99300
111000
-202300
174900
-115600
122300
-131600
117200
-132500
173700
-391300
373200
-362400
467600
-398000
153100
-143000
-143100
-59000
207100
-238700
40900
-119700
171600
-74400
43800
-156500
93800
-31500
-29100
-110300
144000
-118800
52600
2800
14900
43000
-193900
238900
-229900
3700
-77500
36800
-108700
94100
1013200
-900700
-341400
304500
-60300
-299900
125500
-55200
-94900
23300
76400
-1400
-97400
6000
-17200
16400
8100
-60300
-168200
49300
170500
-98600
-165300
22100
120100
-290000
530700
-584600
271400
-243500
361500
-297300
23700
-143400
86200
-108800
61800
-95500
67000
-110900
104000
-59100
9100
-177800
4700
74500
5900
22400
-152200
19300
-91700
365100
-371000
331600
-497300
480900
-545900
335200
-227100
161600
-138700
77300
-282500
130100
-78000
71200
-170100
137500
-222700
166600
-76000
5900
-55200
45400
27600
-137100
-5000
-50100
74200
-76900
214500
-81000
-46000
-177600
-74800
38000
164400
-249900
26900
-58800
351800
-229700
-126600
-10300
-31000
-71700
47300
-11000
-33100
9900
61700
-54600
-139400
42300
-43200
113000
-197500
233100
-200200
-90600
-43200
276500
-199300
-1400
-75000
197800
-276800
261000
-420900
375100
-275000
30000
-67900
3100
-49100
-58000
100300
-55600
-47300
2400
77500
-87300
-25600
-136300
136700
-258300
185500
-142100
225300
-180200
315100
-281000
110700
-242100
148600
-325400
174500
-182100
57200
-34400
78200
-113100
62900
-97000
-14400
-25500
29800
54100
-68000
-47300
133500
-87300
-106800
33500
-145800
197400
-54400
-13800
-246300
308700
-75300
199500
-355100
-105000
104700
-48500
-51900
58300
-153300
70300
-81500
112100
-214900
142100
-214900
178000
-45100
32100
-123900
111500
11200
-152500
65300
-12200
-50700
-173800
278800
-252700
71800
-205300
239800
-74900
122400
-242800
56100
-209900
210800
-225400
107000
-175600
159500
-23800
-66300
8600
-181900
92500
-99700
10600
9300
105700
50000
-49500
-98200
112400
-144300
20200
4100
-178900
22000
270300
-379300
256300
-324900
124400
-164100
-20200
92700
-90200
11000
23000
52900
-34300
-93300
78600
-60800
-57000
-2100
3100
-95400
-35100
272300
-242300
12100
-104400
6800
82900
153900
-335100
76100
-175200
452300
-339400
8000
-150600
44000
-31300
-9100
-12600
-105000
-44500
210000
-169100
-42900
44900
17100
20700
1600
-92800
-117500
284400
-191500
108200
-222000
101600
-147000
281500
-403200
131200
-67500
211400
-274100
144700
-169900
-74100
66100
-62400
3400
43300
-128400
-29300
102600
-2600
-64800
-144400
42200
-20300
81800
-76700
80800
-254900
250100
-195800
65000
-116000
447600
-421100
158800
-257500
39700
-178700
191000
-66400
-134100
-108900
188500
-142100
60200
-53600
10000
-85200
147900
-19800
-54400
-81700
1300
64000
-188400
155500
-133900
23800
-2600
226600
-310900
50400
-81200
373700
-436500
213700
-381300
214600
-12900
62100
-170200
-99100
92000
-146300
-75100
180000
-248900
163800
111800
1300
-180100
17400
27000
-74000
-44300
39500
-240500
71300
212700
-133300
78900
-191600
38600
-70800
123800
-262900
131500
-62000
-32700
34600
-129700
46500
-59600
8700
29100
-131700
-70100
158800
24400
-14400
-223200
154100
-159800
86200
-81200
169100
-337600
327800
-224300
185200
-360800
361800
-369800
4700
27200
90400
-201700
230900
-190800
184800
-255600
68500
-108200
92400
-212700
179600
-102100
-47500
179000
-135600
14800
-90200
299000
-376400
138600
-66900
-29400
10300
208900
-377400
439800
-373800
140900
-266900
543700
-613400
94300
17500
-12400
-55000
-56700
-2400
-95800
26900
90100
-224000
157000
-107700
108600
-127200
-50200
10200
46900
-56300
-91700
174400
-292900
307700
-296600
580400
-693100
519800
-538300
269700
-225700
94100
-62700
21700
-146800
200200
-332100
172900
-164500
125900
-69500
64300
-91600
22100
-31900
63700
-36100
-74600
76400
-249500
145400
-74500
193500
-399100
449700
-345000
34100
-72100
167400
-243700
208200
-319500
91300
-40000
32200
15000
-175900
69500
30300
-111600
115400
-184800
15500
220700
-204300
198200
-362500
261700
-86300
-3200
-283100
275100
-181600
291900
-277100
238400
-310200
-23000
-156500
169800
-52000
-98900
23000
-5200
-62600
129100
-224100
145000
-69200
-73500
111200
-184500
154900
-172600
226400
-58000
-124700
-121400
197500
-252000
295200
-245500
41100
-57000
249700
-276800
52700
-259000
308400
-302900
119300
-189000
150900
-185700
262000
-194700
90800
-215000
135900
-154300
175300
-163800
-113200
249400
59600
-119900
-55700
-2000
-189600
59500
-5000
-27700
-79300
370000
-306300
29000
-182900
-24800
-3100
-16500
40600
-14500
3400
-195900
97000
74300
-179100
62100
-110700
143900
-67300
-98200
89600
-206600
405500
-249100
112000
-323400
292700
-307700
298200
-373100
283100
-276200
142200
-76000
-11700
-18900
23300
-105600
-4200
-163700
126200
-127600
167500
-38000
-58600
-49700
15800
-59200
-69800
18700
-2500
70200
-18500
211500
-542000
321500
-91300
103500
-313500
304400
-81300
314000
-512300
92600
-183700
21100
-135400
110100
-56200
53600
72800
-86100
-21000
-45400
12200
-78000
94900
-162700
68300
-17400
142700
-195400
94200
-119900
281200
-257500
-78400
-38300
93400
-93000
175100
-343800
173900
-274400
207000
-291900
125300
-102700
166500
-133800
38600
-64100
158100
-215800
89400
-53100
-132500
116700
-137500
65000
-163400
278700
-106400
-11200
-121900
273600
-318400
18900
-118200
60000
-40400
-94900
88600
26800
-116500
23200
-93000
86600
-64800
-159000
101200
-33800
-8400
43100
27100
-184500
157800
-173500
15300
-4400
-800
-14500
189000
-211200
146300
-216000
-60500
10700
-75000
52600
-193300
-28700
230300
-160300
83300
-215300
79100
7500
-71200
141100
-220500
-5400
89700
4700
-218700
417100
-278700
108500
-164900
164300
-294500
278100
-254600
316100
-386600
90700
-83300
171500
-258800
-72900
61000
57000
-11000
27700
-241500
43300
33700
57100
-180500
142800
-41200
25100
-13700
-139300
136900
-92000
27000
-250500
244400
-151400
202700
-231700
133000
-185100
-55400
-17900
95200
-193300
91900
-49900
31400
-98000
160400
-68500
-54400
-62100
8200
-15600
-192000
207500
-135600
114500
-92800
-70700
-36500
179300
-245300
173000
-48200
219400
-361700
300500
-232100
136000
-371700
145000
89400
-165600
-39900
-31400
1700
-148200
192700
-120000
-12600
-85200
62300
-76700
47100
-102700
183300
-265100
164900
-138100
148900
-254500
267800
-363100
378700
-299200
190200
-178100
210700
-246000
33800
-96700
-10800
-36000
48600
-104000
61000
-97700
101600
-81100
-108900
78200
-35600
-6800
-99800
104300
-119400
-63800
90500
68400
-237700
80500
67400
84500
-269400
73000
-197900
186700
-146600
267900
-411800
126100
-80600
92000
-192400
111700
-12000
-6800
-22600
149900
-176700
-84400
44800
-40700
36000
-137900
141500
-87100
-28000
-5800
11800
-59200
-121900
44200
367800
-431900
-48800
10300
181100
-133100
-150300
191800
-171900
15000
-142100
46600
83600
-119500
145000
-76800
-143600
38100
-69500
128100
-262800
219900
-164700
-72900
61100
160600
-148500
-16900
-187400
354300
-317300
26900
-78000
217500
-202700
128500
-248400
-2600
-26600
75400
-142500
27600
-19700
-26300
137800
-89500
-20700
-114800
139100
-49600
56800
-103900
-129200
51500
280000
-315900
43800
-210200
482500
-583600
254900
-10300
35600
-194100
156200
-72200
-152200
-60500
99600
19400
-22600
-41600
-5000
-63000
100700
-8900
-94000
-49100
-49300
29900
-4900
-96300
-70300
259400
-176800
221300
-345600
421300
-633700
161700
25700
-69000
17300
2400
16700
-33700
87100
-166900
-20700
-129800
47700
-51800
98500
-94100
118100
-76700
28800
-64500
28900
-118900
-139500
75600
60300
3700
217100
-275400
-51200
-43400
-134300
66800
-42000
11200
-45700
-33100
44000
-153200
120000
-6000
25900
-19500
-81200
-122400
105500
31900
40100
70600
-342500
113600
3700
-76800
-99400
79500
-50200
296800
-403500
218000
-170500
23200
-127100
-68400
-42200
120700
-149800
81800
-15900
87500
-176700
143400
-113700
64100
-246000
73000
80900
-150000
182700
-55700
-58500
-250000
287300
-264200
270100
-363300
311800
-347800
360100
-93900
-165000
-94500
27500
-117400
2400
2600
50400
-76200
93000
-81200
-18800
-73000
-71600
72400
-10600
-108300
19100
-98600
264400
73600
-293800
75100
-97300
59800
-99100
192200
-225500
-62700
72800
284900
-370400
5800
-174000
108800
43100
-220300
128800
-124500
48800
77200
-112400
-32900
51900
-62100
94000
-218200
131900
-137500
228700
-256200
213700
-124000
46800
-281200
484500
-342300
15500
-164400
431300
-536500
98500
-80100
18700
-18200
1500
-182100
154200
-91200
161700
-184800
83400
-203100
126000
-105400
76500
43000
-157100
188300
-77900
43400
-133600
88400
-142900
198300
-231300
69100
-110200
186800
-220500
100500
-137300
-24400
-186600
167300
-14700
-67400
4500
-2400
15200
171000
-233800
-28200
30800
-116900
96600
-275400
263400
-227200
151800
-136800
156400
-187600
193000
-370600
526900
-430400
-85900
59200
107500
-161400
64200
-123000
99300
-265400
273400
-188100
62100
-77800
200
53000
-2600
-9600
-82200
25000
-96000
178700
-334800
87500
66900
99700
-229200
222200
-350300
392200
-365300
39900
-152800
226600
-153600
95800
-178100
5400
-65700
92300
-37600
-85300
-19800
69000
-71300
66500
-212100
111700
-34200
-129900
134600
10500
-98300
-102400
302500
-128800
-37100
-265800
508100
-484200
92600
-20500
-35300
-17400
106800
39400
-151300
-212000
168400
-151800
60200
-30700
5600
-10500
47700
16100
-193900
61200
-61900
34700
-216700
289200
-169500
26200
-87100
295800
-270500
23800
-215100
251900
-273700
155000
-148500
87100
-23500
76500
-326500
207300
-295600
75000
55700
20900
17200
-174100
265300
-271300
163400
-161000
-17000
-34200
159800
-189600
156500
-220600
155300
-63400
-118800
4900
24500
-15800
-55200
-32200
34000
-102900
69600
-60800
-21300
-133200
204000
-141600
-39400
-48600
105300
-147100
192800
-202000
3800
-42300
29400
10200
-110600
210500
-177900
64900
-85400
384200
-580700
3400
143300
-95200
25200
-82900
40100
-56600
-10700
-28600
-142100
1198000
-1104600
-20100
108600
-117900
106100
-200300
111800
-64200
52700
-277400
418100
-500400
133000
-139900
495300
-394600
289100
-260400
-61800
-3600
-34800
-220300
185800
-153500
150100
-204200
250700
-192400
33200
-32500
-83000
78700
-215200
174400
-38000
-112900
103400
16800
-124500
33600
-74100
318100
-455900
368100
-316200
377100
-397800
200500
-333500
222800
-188300
600
-98700
52600
-146800
191300
-144200
185800
-292200
101600
21200
6800
44900
-132500
68900
-72100
165700
-121200
-65700
-172300
172800
-110000
48800
-264600
559500
-576700
204000
-191200
104300
-114000
185100
-303600
153200
-69500
-18200
-56400
108100
-109200
-158300
172300
-61400
7800
-168900
217600
-299800
143300
19900
-124900
-15200
128300
-128900
208600
-248000
117600
-180500
143100
-92300
199800
-318100
90400
-128600
-23100
-45100
-1200
-77600
72000
-70600
99900
-79800
-126800
235600
-274400
158900
-68800
-43700
72900
9300
-118200
166800
-371900
349600
-380900
317500
-355800
409100
-306400
295400
-258500
-22800
-203000
131700
-184300
123800
-150400
113800
-92300
191600
-137100
2700
-38000
-130100
142700
-111400
245500
-333600
95500
-125600
222400
-208900
303100
-504800
260800
-225900
122800
-131200
179200
-155400
-32500
-174500
153500
-139600
45400
109400
-132000
81300
-33100
9200
74400
-258500
15900
84200
-169300
115900
-235400
274900
-143800
112000
-93200
21000
-135300
161100
-197400
-51600
112900
-223200
48900
177400
-96600
-82400
-71900
-152800
-1800
134800
-74100
-30900
49800
18900
50600
-242900
213100
-101100
-182800
67900
159300
-138100
16600
-132400
308600
-297100
173700
-329400
200100
-144200
-43400
-138300
152300
-93200
123400
-205300
188700
-86800
-30500
-80900
60900
130800
-238200
136500
-7600
-278800
75000
187200
-139000
3700
-85000
127500
-330300
480300
-456700
259000
-214200
3500
-78300
-106300
123900
-85300
-134700
248700
-156800
62200
-115700
99700
-122600
29800
-46700
-47800
-66600
-700
208700
-327900
102100
-115800
342300
-418400
350800
-224000
378800
-420300
61100
-88100
44500
-207900
104100
-118000
54100
-131700
99600
-29500
137500
-287200
108800
-24800
-48900
21200
-120200
171500
-93000
91100
-159300
-40400
-82400
245700
-309700
280300
-237700
351300
-441900
196400
-52400
185200
-445300
150600
-183500
196300
-293800
110600
-15800
83700
-164300
99500
-146500
105500
-86000
91500
-89600
40600
-21200
48500
54700
-371900
269200
-243100
347700
-281000
112600
-272500
287700
-284200
153900
-252600
141500
-112000
-8700
39300
-43100
-68300
22700
-81800
136000
-93300
61500
23600
-73500
-149200
-58100
60200
-53500
206300
-242000
224100
-205600
101300
-199000
66000
-90500
-68500
51200
-5100
68800
26400
-254000
66500
62500
-145800
-105400
6500
22100
43800
188300
-234000
-71400
42100
-51200
-21900
290000
-243900
32700
20300
112600
-253200
206300
-324600
56400
-43700
-98900
16500
-42700
104900
-10700
-226600
135700
-125700
165400
-250200
179400
-200900
132600
-72800
77800
-136000
57900
-119100
74500
-9400
-33200
115700
-121200
82700
-153700
-11900
-12900
-14600
-91800
-67900
94800
-155500
-3700
225400
-213200
-8800
-64100
16400
-142700
115100
-108300
166300
-102200
66600
-47800
-16300
13000
-52200
-174600
93200
30800
-36700
-89700
88800
127600
-349900
268100
-252900
-59700
84600
-118400
56400
15000
-9700
92600
-317100
191100
-160600
69900
-162300
170400
-205100
193700
-93400
125900
-210300
50300
128700
-260300
126600
-277100
184500
27700
31100
-96200
41400
-142900
-58400
9500
68500
-101900
102200
-152600
133700
-105000
-17400
-213000
61500
-100700
204800
-165500
158100
-130000
111900
83100
-266800
222200
-334500
230800
-105600
-75000
-47700
36300
16200
215500
-293100
126000
-198700
-70400
87800
-248900
104400
59700
-106600
67100
-198900
170300
-164300
103800
-33400
-63500
27700
-101300
377800
-408800
251700
-164800
24600
-167000
19900
-51000
229000
-336800
286300
-179200
136000
-278000
-27900
85300
-109600
-50600
57800
-11200
22600
24200
-42400
-205500
209800
-76200
-181600
191400
-152500
67300
83000
-84200
-81700
34900
-126500
214300
-216400
27200
-52200
-55600
117300
255700
-384600
-26800
-48800
78300
-92600
-45900
43400
-149800
-22600
189900
-233500
100400
-12900
-147000
302800
-411000
191000
-230800
137200
37400
-5600
90200
-111300
-137500
111000
-107800
44200
-121900
239700
-257200
-6000
-31100
17800
-126200
125100
-125200
-7500
24200
38800
-26000
-180100
66000
74000
-37300
-90900
143000
-259300
215400
-14700
-231300
19100
152100
-154900
800
-51200
242600
-276600
69500
-42300
153600
-278100
52900
-235400
182400
-167300
64000
-72300
38300
-85000
205800
-206100
74200
3900
-60100
102500
-183700
85400
-103800
122300
-99200
94100
-124600
-2600
-115700
87000
-269300
375700
-311800
43400
20900
-112300
-32100
-64600
73200
-87900
-6000
-74800
80100
18700
3600
-119900
74600
-118300
174900
-210700
194600
-215700
179900
-194500
252100
-298300
86600
-119900
503400
-589500
219000
-148600
-57700
78700
-70500
-105500
-21300
-116500
17900
-82900
220400
-211600
132200
26500
-27100
-126100
90200
-78500
-64100
57600
-211300
312500
-112200
-101800
7700
192800
-349900
260100
-294200
250800
-318800
382300
-425500
130300
-107600
-43100
-59900
18800
94700
-108600
-61300
57100
-68000
112700
-2400
-194800
54500
-32700
10500
-15600
-75300
-57700
165300
-113800
196900
-330000
174500
-118500
11900
-119700
206700
-237500
143800
-250500
128900
-203000
36700
-76300
148300
-128500
65700
-44500
-138100
129900
-92400
154600
-181200
190300
-280400
179800
-247600
147100
-106500
299800
-355500
158000
-191000
-105700
94700
63000
-198400
131600
-172700
173600
-3800
-97500
33900
-176300
76300
56800
-222400
121500
-125000
131300
85200
-178700
-25900
-159200
274800
-274100
69500
-14200
141100
-125100
341300
-558100
27800
49400
-5600
-62100
-127200
158600
-81500
63100
-5500
-46100
-181600
169400
-132300
126100
-127000
73900
-82700
112600
-59600
-216000
101000
700
14000
-188000
64200
89600
-84000
100500
-222900
242000
-392100
210000
-69800
-54200
53600
-30400
-162300
245800
-205000
112700
-131700
27300
-103000
92400
55300
-82500
-159200
220000
-158700
-52800
103600
-73100
64400
-261400
255400
-277500
244900
-175400
192900
-337900
85700
-55400
44700
-6000
-101400
157900
-324300
161100
100500
-86200
-62400
-90400
80900
-52900
53600
-108500
-14000
95100
-105600
63800
-138800
-32200
-30500
1947400
-2046700
65500
-69600
166300
-600
-76000
-231400
217000
-201400
33800
-118300
25300
-13900
64100
-25200
-99800
52200
44800
-41000
3000
1800
-198500
195900
-88400
101200
-216700
93000
-236900
403300
-357600
12000
-30000
303600
-379400
115300
-134600
87700
-247600
117400
-31500
-59400
2600
-63100
157600
-134500
-17300
-70400
24000
-170500
209200
-87400
67400
1300
-400
-27400
-24000
-229400
243500
-306400
376900
-345700
344500
-344500
109600
-62400
-52400
-65800
-48000
-12600
35000
-76400
74800
-103400
48800
70700
-216300
130100
-133100
208100
-323200
188600
-75300
-79300
-50500
262200
-217400
102400
-309400
536400
-545400
170400
-215000
274300
-144700
-96100
-122200
115700
-154400
135900
-75000
-68700
-34000
175900
-91700
-14800
34300
-229000
311300
-286000
123000
-277200
574400
-355600
-66400
-142600
414500
-405300
106600
-276500
323200
-205000
45900
-208000
218100
-34300
-57600
-218000
168000
-63500
-65100
-20600
127300
-198400
198600
-83500
-43000
121600
-327800
207000
-89900
168900
-183400
93900
-113400
98500
-149900
-33600
-116900
-7700
-20200
335400
-492300
198400
-29700
55400
-276900
172000
-192300
120800
-131500
93500
-133400
106200
-15900
86000
-106900
-214600
246100
-226900
137200
-250400
364300
-234100
98200
-104700
-8800
177400
-377500
79100
98600
-89500
24200
-76800
-34900
-32000
-25800
-78400
48000
-155500
91100
-50400
-21000
66400
1000
99700
-336900
240200
-81200
-134400
26800
65500
-74300
77700
-141700
527200
-675100
17800
124900
-110100
-20800
-68900
47400
-34600
-38100
116900
-208400
154500
-200700
158000
-19000
-8200
39000
-97200
22200
-45200
12100
-210600
187200
-106000
67100
-207900
368800
-469700
244900
-75100
35100
-115900
500
-157600
204400
-198200
55000
-117000
109800
-87600
34900
-157600
31600
-56700
12100
-35200
45600
88300
-94100
59800
-247900
302200
-354400
295000
-227800
418800
-494900
110900
-21700
126500
-287100
-25300
62100
-123600
37800
-57700
43600
-14400
10600
-80300
-161200
118100
61600
-56200
-95800
41900
46200
-242900
272200
-16900
-83100
-174800
62700
56400
108400
-258000
170000
-183800
250100
-206600
-173500
-59000
50500
36000
-39400
7400
26700
-125800
35800
33300
-141400
59000
-123500
160300
-185700
69700
-30700
-168500
223400
4400
-111300
-59700
-4700
298300
-410400
85300
-30800
72400
-103500
-1500
-52400
-93800
-20500
139700
-92500
-93300
34300
-90800
114900
-96900
38500
44300
-44100
-236600
147100
6800
22300
-142000
149700
-14800
-11100
-227800
108600
-96600
206700
-253000
104600
-228000
124000
-2900
-163800
-60600
149600
-111200
-80900
11200
97300
-223300
203900
-61700
-7900
-197700
116100
-55100
58500
16800
-95600
142800
-196700
55500
-74000
311100
-404300
147500
-93900
-30300
2700
1800
-89100
73200
-235800
113900
-143600
150200
-188600
141300
-195000
158300
-58400
89600
-223100
101300
23000
-161800
14000
86500
-28200
-3300
90300
-100600
122900
-409800
323800
-371500
237600
-149700
100000
-152800
143500
-153100
-54100
-10200
60700
-86600
50200
-44900
-200
53800
16300
-124900
-23500
76400
-300100
187700
-170200
335600
-384400
311300
-140500
156200
-323800
52500
-84000
-95900
62000
-69100
61200
-184000
178000
-92200
34400
-146100
-20500
122800
-205800
125900
-11400
-122300
297000
-280800
137200
-212800
121400
-81100
200000
-259900
163100
-239600
370200
-391200
425900
-498200
97900
-147100
207300
-359400
118800
-14400
133400
-69000
-166800
-58000
144400
800
-109500
49000
-124400
99600
58100
82100
-332700
195600
-211500
64500
-119100
386900
-487100
246700
-101900
533300
-682000
64800
21300
-90800
-31600
-86400
64400
-138900
159600
36300
-250500
96700
-48000
85000
23000
-237900
198400
-186800
231300
-144900
200
-170900
214100
-121200
268300
-498000
363900
-224700
271600
-344300
78700
-77600
-128800
400
38700
-164000
122500
-153000
227300
-149000
394800
-464300
26400
40200
-211800
308100
-340800
60900
106800
-129900
26500
27800
-15200
3500
-125100
42400
-79200
10600
-70500
198200
-320600
100300
-59700
-50900
-79700
133500
-126400
20800
107800
-84200
-40900
-57700
88300
-79500
54400
-127700
134000
-135100
21300
49500
-122400
-35100
1400
28300
106600
-244300
336400
-420300
150900
-58500
-113900
-2400
-158500
170900
-60400
-175500
215600
-172500
210800
-85200
-21800
-108800
90100
-172600
-30200
95300
7300
12600
-128100
208000
-281200
-1200
1200
393100
-418400
-94000
46900
-13100
50300
30100
-187200
-35900
90700
15400
-97000
-20600
-32700
-50300
181700
-85800
-105100
17500
12400
-65700
-116700
115500
-171000
43900
167700
-257000
111000
-113200
231900
-360900
270800
-285300
93400
-59800
183400
-169000
-21700
-116200
68500
67400
-145400
-28600
17000
-94000
163000
-47100
-74500
24200
-216700
95900
-82200
128600
-81800
98900
-81500
-15100
-148600
226200
-243400
157100
-312700
443400
-416500
-18300
112600
27500
-132000
37000
-111700
8600
-106100
40000
101200
-69300
71800
1100
-23000
-231800
142200
-150800
85900
-77500
2500
-169200
278400
-140500
159400
-241700
28100
-86700
-16600
-3900
-129800
61800
166900
-247100
115000
-173700
198700
-150700
-5000
96200
-253400
198100
-177300
-2500
93500
-51500
-62800
218600
-381300
93600
-163100
226100
-60700
196500
-422900
264500
-180700
-4000
-162400
148600
-172500
188100
-187900
165900
-223600
93800
99000
-204200
-53500
68900
-105400
10600
206500
-76500
-17700
-228200
139500
-53100
60800
-262500
195200
-211600
334500
-321800
355300
-301600
-33100
-28300
152300
-303900
79000
-8700
134200
-154400
-37700
-97200
-900
65500
-118800
9600
-88100
215100
-127900
133200
-201800
-73700
130800
-89300
4000
-71700
-15400
197800
-145000
85600
-284100
160700
-266500
292400
-319700
93900
-72000
104700
-10100
9800
-158100
-27300
57600
42700
-187000
141600
-186400
122600
-13300
4300
20200
-100900
191800
-289100
256800
-342700
266900
-236400
135300
-131400
-32700
-52100
120500
-285000
114500
28500
-28900
-80900
131800
-73000
-258800
216600
-65600
68600
-205900
199500
-402000
210600
37900
-7400
-50300
9900
-238200
226700
-294000
320500
-213100
111700
-123100
295000
-432500
-7400
113600
-52800
-60800
-18300
-80100
-8400
190900
-108800
-140100
-40100
74900
-125400
152400
-62000
-66800
64700
4200
-58400
25200
-140200
98800
-175200
161700
-180600
-25900
6400
-1200
27800
-86700
-156600
224200
-40600
-61900
-59600
-51800
87900
-5400
-27300
47100
-82900
-212500
152600
-173100
200900
-224300
110300
27600
61800
-226300
139200
-290500
352700
-425200
409300
-315200
169300
-165100
158000
-200700
-166700
98700
-7800
-30300
-27000
39900
-91100
96400
70500
-207100
47000
14500
-94100
-4500
51400
-37200
-203100
395300
-284400
276800
-330700
20600
-78800
63000
-52900
-25800
42900
-96100
84600
-74300
-49800
116300
-167400
-1400
-95100
59600
232100
-250000
40400
-185700
162000
-172500
147500
-76500
-209600
121300
137900
-55400
57000
-230200
69700
-96900
-77300
58400
-58300
55000
-83000
69000
103700
-182500
-183300
102800
14600
-55600
-82200
27400
-23200
82400
-65900
18000
-104600
124800
-69000
57500
-223000
210700
-275400
318800
-120400
32300
-259800
207500
-171800
-102400
-120100
63000
12400
182100
-246500
139400
-274800
158100
24600
-165200
31200
-90400
175000
-94500
120400
-110300
62900
-155100
117700
-202200
36800
-61200
96400
-152800
340800
-345400
217200
-215700
34600
-60100
-186800
109400
-25600
-33900
100300
-257400
175800
-185000
82800
-13100
-151400
183900
-75000
123000
-219500
89300
-138000
195600
-165900
-141700
81800
221600
-352300
449900
-462700
211600
-279900
327000
-386100
244500
-287700
3400
181600
-9300
-45000
-43900
-7100
-18000
132800
-157100
-174900
118200
-173200
202200
-36400
-287300
312200
-139100
-109200
-29600
303300
-315700
3200
-52800
612000
-601500
-29900
-61100
167400
-191900
6200
-153000
63300
-14000
137900
-225200
130400
-116000
-70600
147200
-173500
114700
-7500
36000
-188900
-35200
64400
-97800
82900
-58300
101100
274200
-551400
334600
-195500
-54500
-73200
-137000
99400
112500
-248100
136600
-82800
84500
-164600
84700
86800
-175500
78100
-315900
364900
-135800
-74100
98800
72000
-78500
-97900
-239900
467600
-312300
114100
-229000
207300
-199100
-9900
-34200
-129200
118600
-71900
-6300
-166000
144600
-47100
61100
-45200
-147000
126400
-115300
34000
-86700
70600
-181400
80900
204400
-87500
-59200
-144600
131100
-114800
-1000
-161000
356700
-306900
118600
-187500
110900
-217500
78200
-72400
74700
-201500
144000
-28600
190000
-165000
-145000
95000
-124600
146200
-211000
129400
-248700
497500
-358700
7800
-61500
61000
-227900
445500
-510800
308900
-315200
100100
56400
-49200
-70400
98900
-272700
131500
-231700
180400
-26000
25000
-44500
51000
-91000
-48000
-18900
30800
-10300
-102300
361800
-307200
215400
-222000
9600
-132100
30500
-95600
159500
-187900
-28700
-135600
241000
-14600
-109600
-98200
44500
-74300
130400
-255700
333100
-235300
42300
15800
-8100
18300
-183800
-47500
14900
80800
-125400
160200
-264400
498300
-419500
-7100
-8900
41800
-181500
-11300
-16800
-15300
54400
-111700
300
-38500
40200
-62900
-2500
-68800
9100
-95200
133700
-76500
91200
-21800
-43100
-133600
381600
-396900
119000
-120300
77400
11700
206200
-395400
-67100
35700
-16600
-128100
101700
-99000
64200
-119800
81400
-192100
199300
-195500
180300
-41500
-68100
-75700
180500
-36100
-223200
233700
-269200
78800
-80700
148900
-106800
225600
-403900
400100
-470300
246900
-229900
83400
-182200
34200
-60000
75000
-3300
8000
-121600
104300
-139300
103100
-133700
105500
-12500
-134600
179600
-35300
-20500
-305000
286400
-180100
101400
-190400
328200
-312100
268000
-228800
107200
-247900
43100
-192500
149700
-116600
49000
-159200
157000
-107400
-43500
52700
-148000
179200
-161200
193700
-287400
83100
8800
110100
-153200
96400
-165400
213900
-443600
355700
-254300
476300
-394100
152800
-375300
129600
-165900
147700
-171400
99600
-150600
101000
-5100
170600
-259000
-42300
-35500
62800
-88800
-28900
157100
-202000
189700
43800
-343600
-63700
359000
-297300
182400
-109700
338700
-532600
364200
-359500
227600
-191600
25600
-179200
120500
-89200
79900
-135200
82000
-56300
100600
-86100
120900
-249200
8200
123800
-157100
51600
-35000
47500
-114200
143200
-318200
315100
-300300
232000
-230000
247000
-312900
124000
-224000
58700
-9700
-94200
97600
-21100
-151400
147100
-133500
137700
-142800
70100
-128500
92500
-20200
-173500
264700
-307300
232100
-600
-141700
-223600
274400
-158400
61200
-113000
290600
-295400
47800
-183900
63900
-19600
-35200
-150400
19900
600
110100
-76600
-82500
127600
-148500
139800
-250200
173900
-167700
115400
-80400
98000
-138000
262600
-378200
362100
-296800
-11300
29600
-138400
10100
70300
72600
-118000
-150900
41000
-167900
170100
-56000
-57200
-113900
85000
72500
33600
121800
-367100
-5900
126300
31300
-253000
200300
-265300
230500
-69000
6900
-135700
98900
-207800
204400
-229100
-20000
46700
153400
-198900
-26000
-93600
168600
-162700
95600
-82200
13000
-20600
76200
-45200
-79200
-33000
-31100
43500
-78900
-79700
-17600
295500
-275900
295000
-453400
558200
-651600
233600
-153000
69000
-27100
-159200
178700
-175400
-99300
167200
-138100
87100
-89200
73300
-24900
7700
-43100
-14500
40400
-115600
85800
-79900
-136600
-27000
185300
-151300
173600
-181300
5700
-69000
25700
-127200
148100
-236700
152200
-93900
135000
-136900
-44500
-63800
37900
-137900
74100
501100
-627200
175700
-94100
77400
-192800
145400
-157100
119500
-261800
159900
12800
238800
-321000
64100
-152400
169500
-227700
-52300
35200
-163500
140500
-13700
34300
-77000
-18200
-69200
-41000
133000
-174100
117400
-233400
82100
140000
-57500
4000
-101100
93100
-125400
32300
-125600
319100
-295600
44300
28300
-180200
-45900
-600
41000
-226800
111700
-82300
-35100
143000
-117700
83100
-106800
-57400
55400
-47900
92900
-216000
192600
25800
5100
-151100
3400
-106600
242300
-393900
276000
-174800
1800
12200
137400
-211100
-500
-23700
140800
-246200
39800
-79800
-72800
135400
-146700
137100
-93900
-151100
100400
36500
-42000
-97900
21000
123500
-145100
57400
-51900
171400
-295600
147000
-117400
224900
-295800
12800
19000
-194700
-57400
111500
-143500
166300
-193900
176600
-73800
-85700
113400
-66200
347000
-270600
-89000
-77900
-35800
-37100
-75100
122300
192600
-460000
80300
94000
165400
-230300
-4800
-62300
313100
-435700
202300
-292600
62300
-113600
14200
75300
73200
-250400
121700
-88500
197500
-186900
-41600
151000
-192000
105600
-47000
74000
-118400
319100
-358300
171600
-248600
49200
-105300
106600
-168000
-49200
37500
89000
-176500
68200
-3900
-104100
-15500
-52000
51000
119000
-284900
284800
-189000
333500
-345600
-8500
7000
27500
123800
-237500
87800
-174300
216900
-287700
-7100
59700
212000
-248900
-111700
-81700
161000
-12500
31000
-261400
72300
-99800
145300
-71800
-91900
-74900
139300
-25000
-32000
16300
-42900
-63100
61500
46300
-168300
-138400
89900
336300
-319600
81200
-151200
408200
-557800
100000
9100
61000
-290600
264400
-216100
18100
43000
-15000
-34500
-98200
13900
-62700
-72700
237800
7400
-286100
1300
-40900
167500
-89800
182700
-229100
125300
-67200
55300
-335800
426500
-390800
66700
94300
-156900
-20400
-76800
71000
-34300
-192000
176100
-88600
-131900
106200
83400
-194900
-26000
44800
43800
-94400
-154800
258600
-227800
320500
-423200
247700
-200500
222100
-120400
290100
-562000
138600
-121100
-45700
-32700
13300
129000
-6200
-72600
14800
-116500
-117500
166200
-154200
94000
-106900
-16700
86100
80300
-112300
-126800
81300
111700
-183800
-4500
-166600
321600
-98700
-31200
-118900
264500
-377500
-81100
188100
-101700
-65300
-18200
114500
-68500
-73800
41300
-123400
6200
-56800
-24000
124000
-155200
225500
-245600
56400
-62500
35900
-212800
339500
-243500
174200
-265200
507700
-442600
-62500
-123600
107900
-53200
-41900
-64700
-34000
-1100
190200
-229100
113300
-85100
29300
275900
-392000
136900
-90100
31600
-43800
179500
-298800
78800
-28500
80000
-238500
249000
-197800
374700
-465800
281900
-296200
1100
-62100
129600
-219700
82400
-168100
155200
25000
-16600
-126900
-20400
-148500
136700
-78700
98200
85100
-311800
272700
-40900
-150700
-145000
163200
-85900
93000
-292300
319500
-221700
240500
-215300
-196600
75900
-60500
31200
10200
-44000
13200
47600
-81800
-51600
6700
-88500
12500
157900
-92100
26700
-74300
-3300
-9800
-86500
-188500
247900
-260400
372900
-230000
133900
-150700
-88200
-38100
213400
-343000
232300
-289100
68700
56100
-17900
-95300
34600
101700
-159900
-39600
60200
-76900
-179300
160000
-95100
410600
-534500
203500
-152500
20300
-7100
202900
-286900
388800
-485000
58100
27200
97400
-123100
-34500
-142000
47900
10200
-86200
3100
17800
35300
-98600
135000
-123300
-33200
-73600
130600
-210600
320000
-387800
318700
-220800
120100
-336700
350600
-141100
45500
-193600
-96100
21500
33900
57100
-55400
-31800
-50500
-111100
157400
-230100
161200
-157000
159600
-11900
46100
-212700
128800
-122800
50700
30800
-52200
-154500
-134000
318100
-235100
98700
-158800
419100
-503600
217700
-311400
225400
-227700
150800
-79000
16600
-130300
91100
-190500
163700
-196600
103400
87000
-43900
122400
-201600
72600
-62000
225200
-459300
104400
-35600
51100
-40000
387800
-541900
167700
-132100
-49700
54800
-126000
69200
-42900
159500
-82300
-194000
47000
25500
-2600
-144100
31500
-69100
-63700
213700
-188800
57200
-182900
150900
2000
-82200
25800
-12800
-132100
408100
-416900
159200
-258200
-45200
96600
20900
-151900
134200
-52700
90600
-74000
-104400
-34900
5500
85000
-103600
49100
-21600
-68000
71000
-78200
-143100
483600
-366700
-49200
-5900
69900
-340700
373400
-211600
50700
-172100
93700
-66100
-80600
-36700
-31300
-17500
16100
198000
-151500
-99900
-19700
48000
-263100
186700
19700
-111600
106700
133400
-220300
-49200
45000
64600
-258500
183800
-158100
156000
-151900
42600
-40800
119500
-309500
-45600
165500
-225000
103200
113700
-177900
146400
-100800
96900
-191500
-14500
-75300
15900
-85300
142400
-100
-58300
105200
-326000
69600
44100
46700
-117100
12700
-69000
-73900
99100
-65200
-14000
28000
-36400
-38800
-1800
-3800
5900
61200
-281000
174200
-84100
14600
-73300
-160300
185000
-26200
10200
-160700
197400
-218000
159100
-101100
-2900
-138100
61400
-84300
231800
-362300
86500
67400
-108000
-43200
74000
-155600
91700
-33800
-27900
-57400
-40700
205700
-144600
21600
-55800
-126000
78300
9600
-36700
-131200
111600
233900
-209400
-145200
72000
164900
-300700
411200
-561700
76200
22900
147200
-215800
-48100
53700
-205100
14400
107600
-65800
37000
57700
-86600
30800
-139100
66300
-87400
155300
-156300
-7100
106000
-142800
17700
-20500
-161700
210700
-138200
-8800
-51600
-36200
-48100
56600
-96600
64000
-215600
157500
-168500
96300
-138900
37800
62100
0
38400
-44000
-117400
-10800
54700
-183200
95000
-15800
133200
-138300
131000
-262200
356300
-446700
353900
-387800
119000
-169000
204400
-159400
218300
-186200
-11100
-135200
65200
-48300
28400
-47000
-185800
261500
-30600
-169200
-300
112100
-189700
58800
-64600
161400
-118500
70500
-135100
300700
-464500
258000
-166700
-166500
55900
69100
-52500
-119900
93700
-136500
-20400
202500
-139700
-103400
-32400
64900
-12700
155400
-219000
-5800
53600
-226200
318700
-249400
105600
-130400
-99000
16100
414600
-469700
-21500
-6800
138200
-245100
151100
-58600
-49800
18000
-53900
4500
-57500
-130000
126600
66600
-169900
95100
-61200
161300
-207000
77200
-79500
99700
-127300
23800
-150200
137900
-31800
272500
-355800
-63800
-29000
-108700
46200
75800
-201600
-72100
1200
279800
-105700
-122600
16500
-28600
-34100
-28500
112500
-152800
110000
-86900
69100
12600
-31600
-77400
16200
-76700
109700
-184100
461900
-470800
149300
-187200
-82300
-5600
-74800
60600
23900
-215500
225800
-162900
73900
-226100
138200
-178300
107100
39500
31300
-191700
106300
-43400
91400
22300
-170100
6800
-19300
246400
-349800
-5600
-23400
295600
-251100
-60400
-144100
119400
-99600
15400
-32300
23200
-103800
64300
-92300
115100
-108400
61900
-139200
110300
-39800
-78300
-18000
101200
-113000
-99000
64800
22600
63500
-335400
200100
-61200
63700
-80800
-36600
-163000
133300
-166900
89900
-15000
-4300
-51600
-33800
-16800
126300
-89800
-14100
6000
-172400
-8700
97800
20100
-248600
315000
-218000
63600
-67400
194100
-336200
188400
-337400
552400
-529000
409800
-388900
138900
-226500
125200
-85000
-75000
58800
-164200
157600
-10700
-90700
-81400
10900
-5900
89600
-12400
-1800
-254000
363900
-287500
250900
-286300
358900
-344800
9200
-205100
530800
-605300
140200
103500
-37700
-159800
-71700
52600
-115100
76400
-86500
48700
84300
-151900
194000
-89900
-130500
-39900
-17600
149200
-100000
7400
-10700
-78900
66100
113400
-251500
342600
-503400
35200
74800
-104000
27000
52100
-41800
-116800
23200
-70500
-39700
88800
3300
-60900
4700
-33000
132500
-82400
-18200
-116700
-86100
-35900
179000
-23000
22300
-216200
271800
-409800
640600
-726200
127100
82700
-94500
57300
-71500
122000
-139800
-158000
-6100
-67000
228200
-158100
131900
-100100
-99000
143700
-91100
-72200
39200
-102500
-58900
203500
-197800
238800
-388000
364500
-278000
96000
-142500
154800
-247500
5900
48400
28800
-116400
81200
-32100
-136800
20600
-46000
-5100
95500
-98600
-5800
63500
-72700
79100
-129500
-199300
114600
177500
-211000
70800
-87200
294600
-249500
87600
-357400
395400
-404400
92000
-38500
58600
-134900
17100
98800
-88800
-133200
111400
-65200
39000
-58500
-45100
85100
-36600
146900
-254900
-75400
-76300
323100
-228000
189700
-259100
361000
-514400
369300
-207200
20000
-204900
-16700
44400
1009400
-1018400
-68600
-11200
61000
3700
-51900
-186100
120900
-88300
61900
-204700
104000
3300
93200
-8900
-183000
238400
-268500
-11400
44200
193300
-312600
22500
-76400
408500
-519500
228700
-133900
-118300
45600
75500
-62600
33000
-125000
115700
-231000
133200
-94600
96400
-110400
-83800
126400
-144100
25600
90400
-49900
-38900
-35500
-55400
45100
-239100
445600
-462700
519700
-365300
-49800
-222400
167200
-62400
-48300
-114500
159000
-94800
40600
11000
-9800
-151400
109800
36100
-71500
39200
-152000
50900
-94100
26200
115200
-195200
-50600
154500
-76500
95400
-293700
117500
-76900
99200
-189100
-79200
6200
80200
-150900
22600
57200
-72800
128200
-103600
-75300
-84600
91800
-140800
175400
-79400
81800
-183000
329400
-259600
-14600
-178900
74800
-133900
339300
-403200
142900
-100200
-38000
75400
-200800
102800
-69900
28300
-28900
48300
-206500
16300
263000
-268800
31600
-42000
-21600
117800
-236100
-20400
-22600
181600
-40300
-1900
-233600
522500
-571300
136300
15100
-57100
-68200
109600
-175000
193800
-280400
131800
-113000
78100
-125600
113700
-218600
100200
96600
-68200
-112100
9100
-46400
65800
-10600
-8100
37700
-102900
236000
-228100
-51400
-114500
157300
-158400
-104900
72600
-7700
-31300
-9600
63600
-107200
-117700
120300
-164400
138800
-75900
-28300
-86300
221500
-105500
-110300
-68400
123400
3700
-170100
182700
-265000
222400
-158100
81200
-236700
279000
-372500
159700
-185900
164000
-143900
214500
-116600
64600
-118900
-72700
84800
-49800
-33500
-55900
47000
-60000
127000
-117300
75400
-180500
76100
-88400
163800
-268500
118800
-199800
554900
-516700
87100
-109900
338900
-479300
171300
-86100
72300
-211700
202100
-18200
-215900
82800
-101900
-62100
83700
14600
-121100
119700
-61200
69700
-189900
101100
-88600
12400
-72300
-35500
-32600
460000
-363700
93700
-353300
76000
82300
-116400
-132700
240000
-132500
-10300
-17500
110400
-156800
-107400
35600
76500
-74500
-73500
87000
-177300
290800
-184400
121400
-151700
104700
-207600
-53100
101700
99000
-323800
350300
-159400
-64000
-211100
287500
-291800
133200
-45300
-157500
49100
80300
22100
-207100
29500
-37600
81300
-116800
98800
-158700
75500
-11700
50900
-231500
192600
-122300
38400
-54300
351900
-425100
180700
-230200
518800
-670800
152700
-25600
-209700
107100
-91300
59900
42400
-56300
131600
-88400
-97900
-19500
-41400
59100
-107500
113000
-193000
282300
-239300
120300
-165500
180700
-386000
351700
-275300
402500
-532600
380900
-282400
-101000
26900
40600
-29900
75200
-216500
149800
-158900
83200
-124200
50600
-9600
-71000
109600
-204200
23200
29400
73700
-69100
136100
-317100
324800
-329900
180100
-312600
517400
-472100
73900
75200
-57600
-124000
-55400
-34700
139800
-247800
178700
-107900
-79100
239900
-55600
-205900
66900
63500
-269500
223100
-220200
194500
-184500
272700
-287200
395900
-540100
302000
-292500
434900
-375800
-44400
118300
-23400
-48200
-90300
-70100
-8600
-125900
149500
-44600
-31200
-42200
80500
-75700
21400
-73600
-10200
-48200
-95600
178000
-48000
-198500
43700
241800
840300
-999300
-175700
193200
-107300
146300
-375400
225300
-159000
115100
-139000
-121800
-13000
96900
-129800
35000
-8300
2000
20300
175300
-117700
-232500
-60800
124400
-8500
11600
-23200
-74700
117800
-82100
58200
-168700
122800
-136700
6600
-162700
216600
-227400
84900
-18500
-132600
-70700
222700
-162300
-21700
-13500
69100
-155600
169400
-262700
84200
120500
-235600
192400
-161600
65400
-44300
101200
-142900
194700
-375700
270500
-314800
194500
-130300
78000
-52600
-218100
187700
-2400
-36800
-159400
42000
75000
-104500
65700
-62400
-81200
246500
-262500
152600
-82000
-135000
72900
92800
-230600
-22200
44000
375100
-462700
142300
859600
-897100
-36400
-46600
-14400
-169400
-92700
198600
-68400
-63300
-42900
-10600
26000
-191800
80400
39800
-12300
-57700
128300
-160800
118000
-204500
100300
-199100
254300
-253000
172700
-112300
344300
-393900
2700
-106300
97100
-281100
197600
-188600
111100
83700
-105000
-80900
50200
-34200
-150400
100600
-58400
112400
26800
-105100
32200
-18600
-27700
22400
-227600
271400
-196100
140200
-113000
146000
-367300
150200
-140800
-38100
27200
38700
-94900
-47500
4800
17800
2400
-150400
178800
-119000
-3500
-95100
104800
-125100
29300
154500
-42300
-294400
248300
-87900
36400
-141000
79800
-94500
-43200
108900
94800
-375200
323200
-338600
234800
-291900
35300
-11100
-33300
160900
-142500
-107000
77800
72800
-249000
2100
136400
58700
-72200
153500
-289200
202800
-276400
127300
-225200
321500
-257400
71400
-91600
225100
-191600
-97100
-163800
130800
-163600
101300
-161500
201500
-166000
218300
-195100
-30200
44500
-99000
20300
18100
-81700
82800
-41300
-31700
24000
-99700
-24500
65100
8100
-135900
40800
-98900
-55800
94600
-46800
-47000
-76500
-90600
107900
-170700
145500
91200
-235400
179400
-165600
162000
-200600
700
72400
-197300
148600
74700
-104000
110300
-148500
25000
-208200
366800
-338900
399400
-429500
-31300
-156500
297600
-87800
-51800
-214100
220900
-188200
42200
-60700
92800
-75000
-57500
247300
-366000
154500
-201700
208900
-232200
201800
-177200
147900
19000
75000
-316400
225600
-361800
287000
-296200
124900
-55200
-88700
209900
-200300
-117000
61100
-140700
196700
-103400
-52800
47500
50200
-27900
41300
-193000
120600
-150500
24800
46000
-73800
157400
-219200
370700
-349300
-41300
8800
71000
-147200
-92100
-21200
21000
-37900
15700
49700
-230500
73300
47900
-176300
173200
-177300
171300
-87600
7500
37200
-224500
142800
-78400
147600
-266000
133700
-156700
279200
-219400
131800
-204000
11400
-6500
-52000
-11500
-66900
-300
69900
-161000
183000
-257500
105700
-69000
-70800
10700
-84200
228600
-234300
134300
-14400
-188100
101600
90200
-237700
167600
-189900
82500
-88900
339100
-287000
-10900
-220900
16600
78200
-11800
-98200
101100
-130800
125400
-32600
-122700
10000
-185500
95000
-2900
80000
-111700
84400
-13200
110200
-319500
93100
-17000
10200
-94500
237100
-376600
452300
-325600
196100
-249300
150200
-269200
-44900
25400
-131300
-21900
203800
-21100
52600
-261300
95100
-142800
74300
-67000
41600
-84100
38200
41900
-19700
51900
56300
-247300
-125200
150700
-32700
227200
-263100
160400
-213400
15500
-88300
-68200
34600
-201300
166800
-110200
73100
-20200
38900
-95900
-7700
-31600
214900
-317000
226300
-296500
201200
-58300
-76300
-125600
218000
-101400
101400
-177000
329300
-387300
46200
41000
-112100
-55800
-75200
43100
-121500
42900
-29500
-91300
149800
-75400
111600
-259600
132100
-46200
-88500
-30600
-106200
387800
-228000
156700
-160000
-83800
-38300
55200
-80600
37700
-38700
52600
-181300
58900
106400
-212300
-18300
-28500
41100
54600
-252700
212800
-161000
109300
-170200
253100
-177200
-95800
29900
84500
-257100
78200
63900
-63300
351300
-443100
109200
-93200
388600
-556100
516600
-417500
59700
-76700
13700
109500
-260300
-132100
61000
-52400
307600
-210800
-136300
141600
-104800
138100
-262000
210000
-273800
178400
48800
-142300
-140600
250900
-63500
15400
-143700
122100
-299200
389900
-444700
161600
-150500
221100
-246600
62000
-134900
26500
-18500
-66900
22000
-72800
93100
10700
16500
-84100
158900
-205600
95000
-283700
268100
-196200
163100
-83200
17300
-161500
160000
-159400
41400
-94700
28700
-92500
-62800
140700
7500
-248300
40400
-140800
163400
-165500
97500
40000
-103400
185800
-209600
52300
-54200
-75300
12700
52800
48200
-69100
-77200
231600
-237700
164500
-205700
-82700
135100
-229400
11700
-53900
109400
99400
-230400
83700
-181700
26100
33800
44000
-129900
133500
-196800
198800
-62900
-68200
5400
-127100
123600
-264600
336200
-223000
100900
-186800
412800
-548200
225700
-272100
296000
-347300
369400
-348900
127900
-141000
182400
-300800
199800
-174600
100400
-181800
170000
-108500
-46900
163900
-127700
-61700
-3200
52900
-48700
52800
-174300
133800
-90900
84600
-119800
-62800
-41700
6800
-170400
270500
-281400
224900
-161800
183700
-305000
31600
-14000
-166000
66700
41600
-43100
48500
-130200
164400
-119400
-27100
50600
-204600
69400
-13900
103400
-236400
166000
-41900
120300
-208600
2200
-166700
138800
-69200
-113900
73800
79100
-131800
156900
-87500
-211500
225100
-225400
10500
-28500
-11100
12100
258800
-176000
-9700
-191800
301500
-463300
320500
-117700
52600
-156600
153900
-48800
134600
-382100
68800
-130200
-67800
141500
-21000
-99900
276800
-188300
-36700
-51000
-30000
27900
-114700
132500
-136900
77400
-63800
98100
-347200
293400
-74700
198400
-450800
363000
-375300
245000
-264500
434400
-524700
-40200
18800
30600
-124000
165100
-195000
277300
-166700
64300
-226900
168600
-128000
68700
-201700
100300
176100
-101900
-72500
31000
-38400
14000
188600
-266400
40600
-101800
-62600
6100
-20000
85100
-43300
-200800
119700
-158800
218900
-269800
161600
-116100
149500
-149200
-32600
106700
-132900
94400
-159300
154500
-78200
66200
-199900
234200
-365500
385000
-353300
202800
-218900
186400
-341900
78100
119900
64900
-219500
-90900
91200
-72300
-96100
101700
-101600
97700
-6600
44300
-221400
99300
29100
-150500
85100
-219400
259000
-267500
476900
-458100
349100
-411200
128300
-48000
79200
-66500
-31500
-197600
140900
-149200
-33600
-91800
144000
-127800
146200
-174000
132800
-134700
177500
-177300
-113000
229000
-141700
134300
-285300
182700
-101800
126200
-220300
347700
-351700
110800
-197600
219400
-240600
31300
-65900
171900
-276700
146500
-38000
-69400
-56000
-87800
110000
-135700
96800
272100
-205900
24300
-50400
-208000
97100
-223500
257000
-280200
114400
-154800
440800
-418700
226300
-341600
512300
-588600
184000
-10700
-153900
175600
-153500
167000
-308100
152900
-179200
103200
89200
-268500
219800
-145400
-14700
239300
-224000
60200
-118100
10900
15400
20500
-68200
27200
-93200
86400
-168400
178000
-349100
148200
-159300
105300
-145600
101000
-32100
21800
-173000
120600
-9900
-119300
154700
-94600
-13500
-96000
191900
-66200
-194500
-82500
203400
-209100
10000
-5900
91300
-190400
377700
-379700
366800
-470600
258300
-248600
150300
-92000
-159800
-56300
105400
132900
-229500
38000
-67800
71500
-84400
18700
-30600
61200
34800
-44100
-65500
-47400
-135200
345500
-338000
194800
-206000
243800
-162000
88700
-278000
-43300
74400
-138300
28700
-45800
114500
-7700
44700
-185900
147100
-274600
130400
-47700
36000
5800
-166400
150700
68300
-192100
28000
-84400
110400
-282800
304000
-308300
356800
-423200
255600
-41600
-78300
-69800
113200
-186100
132300
-202900
129700
-114900
147100
-198900
90200
-142700
66000
-134900
131100
-57500
-215200
156800
45600
207400
-442200
216900
-230300
208200
-123100
386600
-625900
266500
-172600
135600
-175800
-45200
36500
-21700
26900
-111200
-1800
-109500
252600
-145900
-18300
-41300
41600
-109800
22600
-38700
64500
-108200
137600
-188500
-24000
-13000
364300
-314900
-85600
-98600
353200
-278400
57500
4700
-308600
230300
-82100
-1100
-118100
18900
-88600
135600
-121000
128000
-89200
-15200
-42200
71700
-245500
185000
-51400
-89100
125500
-37200
-53200
151000
-316200
16100
-130500
112200
-105500
103500
26000
-184500
-26600
58000
-125600
14000
-57200
35400
123400
-198800
177100
-139300
-12500
-161200
202600
-254600
150400
-174700
178800
-104100
339700
-286600
89500
-307300
115700
-33400
-24900
9200
-68900
-23500
43800
1600
-35700
-210100
134500
112700
-251800
-44900
110200
-73100
59200
55100
-129100
50600
-33400
43000
-220300
159000
-232800
329800
-78400
-34400
-210300
38900
-18000
-71700
-134900
195400
-90500
54700
-160100
63600
20000
-145300
55600
38100
-163900
122000
-154400
151500
-53800
66900
-185200
8500
-132800
110300
51800
-76000
26900
-224900
498300
-423100
166400
-272900
313300
-299700
37300
-31400
-16600
-132800
68300
56000
-138000
17400
65900
15300
-169500
-13000
71600
-118700
108700
-17300
-84800
24800
-79300
21300
-10900
52500
-85200
15600
-151500
585800
-731000
177400
-600
-115400
33500
19100
-137500
74800
-69600
80100
-167900
-77500
238900
-309700
159300
-23600
52100
-149500
188100
-11000
199600
-393900
-56500
45600
62600
-133500
412000
-566100
490000
-277700
196900
-569700
238000
-103000
73500
-235800
133700
-111600
6800
55400
-90000
-2500
-52100
57300
-80000
6700
46600
-128700
136600
46100
-347400
188000
-111800
69600
-185800
316300
-339400
204700
-192000
681900
-730900
176800
-243100
137200
-234800
140900
-67800
98600
-202600
160400
-93600
9100
19600
-240300
229500
-180600
-11300
71400
132500
-124200
-62800
-18900
118400
-290900
488200
-509000
205000
-197600
321500
-349700
-64100
106000
32400
-240500
116900
-150100
134900
-17600
10000
-25800
-185700
177700
-126000
82400
-88300
-128000
101800
600
-86600
182900
-293500
259300
-245000
206800
-351000
270700
-222900
269600
-324600
254500
-182300
-100100
-21000
-34700
-105600
117700
16900
13400
-45800
26100
-85000
-70700
91100
-210700
67500
51900
-32600
-113900
105900
31300
-67400
-205300
270600
-349100
332400
-325900
144800
-196600
234300
-172400
-18100
-84300
46500
-9500
-80700
94000
-81100
44500
-1000
-93300
98000
-143800
73400
-100200
-26300
-81000
127500
39600
-60700
18300
-161500
301500
-485300
380100
-387400
404300
-416100
209600
-195800
156000
-84200
-88700
77300
-80800
-5800
-144500
106700
-143900
175300
-179200
139400
-131600
160800
-292600
139200
-125400
195400
-289700
325600
-315400
163800
-198600
554300
-461000
77700
-212500
-900
275000
-127400
-105800
-14800
-81600
-29300
44800
-31300
-150500
121100
-118000
86600
-9600
-218400
201800
-75100
-56900
-72100
138800
-274500
303800
-131100
254800
-555700
451000
-417800
246800
-229800
104300
-170700
112800
4900
-114900
-40000
6600
-171800
114000
70000
-102400
320300
-462500
132300
102700
-122400
-92400
-14200
71100
266400
-439900
53400
8800
370400
-270500
-129800
-34800
-63900
-56100
80500
-22500
-153700
120500
-35100
-10200
-47500
-101400
76900
-90000
5900
-103200
72100
-99400
3300
225200
-344700
239700
-84700
18900
-40900
144700
-373900
306000
-232100
318200
-493700
472500
-435500
47200
-147000
149400
-78000
-137800
196600
-27000
-82500
-146600
88600
-21000
-55600
-67800
327600
-266800
41800
-13800
50700
-229500
129900
4400
-80300
-41500
277800
-420500
259400
-137700
212100
-483400
303700
-307100
136800
-145300
141900
-144800
138700
-210400
104500
-8600
-160400
155700
-157200
156000
-159300
137400
-147200
85000
-74600
175000
-327700
472200
-474500
78300
-104000
30200
21100
497500
-767400
189300
-96200
85700
-91800
-17700
-158800
108100
-44000
118800
-130500
28100
-120700
10100
28000
-105100
114100
-108700
142000
-162400
17600
92600
-37400
-179700
167000
-227700
83100
-39600
251700
-186000
-47900
-260100
108500
-53600
92800
-168700
-16200
-67400
256400
-18500
-119600
-243700
128900
9600
-218000
236400
-63700
-67800
114200
42500
-242900
260500
-156300
37600
-266200
233000
-136700
-93500
-8900
239000
-394500
277600
-146500
-172400
35100
19600
17900
10600
-64900
-28600
123800
-181000
176700
2065400
-2329900
157900
-12500
-175900
54100
-12900
236300
-335000
224100
-272700
250500
-385900
310000
-393400
299300
-74500
-20600
-193100
-6200
104800
-35300
-231100
95100
68000
125900
-112300
-23100
-115100
-81500
160800
-59400
89600
-44400
-119600
74800
85300
-238600
-30700
-151900
249500
-269800
142100
-278800
337100
-328400
249300
-182500
-63300
66900
-100800
62200
-100500
153200
-230100
102600
42000
25600
-252400
148600
-130900
46600
-88100
93600
-176500
375100
-151500
204500
-570300
590800
-560700
171200
-126900
52600
-202600
251800
-225400
32100
76900
-66900
-13000
-49200
-45800
-48400
117600
-115000
188500
-277300
328200
-429900
253000
-267700
254600
-190600
91200
-170700
119500
-57800
78500
-217100
-48900
-87000
169700
-4300
-206500
145900
53500
-226500
-50000
35700
31700
-23800
-48200
-5600
-88600
225300
-7100
-116500
-113000
63800
-148600
172200
-174500
296500
-331900
319400
-337800
235200
-242100
25700
-143200
91100
-45600
-48900
-55300
55200
19000
-162000
112500
9700
-91600
34800
21200
-36100
84800
-175300
250000
-316500
54900
-47400
102200
-71600
-177900
121700
177900
-278900
206200
-254100
-32200
61900
-161800
-84700
120500
-83600
181300
-60800
-10900
-109000
-9800
-79900
113400
-43200
-155700
103500
-154400
198200
-76800
131900
-387200
158000
-61200
276800
-436500
138600
2200
293000
-394000
-24400
26000
-39900
-1600
4300
-133300
92000
-162300
154100
57800
-85200
-146500
52000
26600
-109800
164500
-268900
188500
-54800
52200
-307900
321300
-198900
160100
-233400
366000
-482100
81100
42400
241800
-352900
35200
-15800
-135900
13500
-45100
-91400
58200
59000
4500
-176600
-79900
97400
-25900
27100
-130900
156200
-153000
221400
-95900
-98800
-84100
181900
-151200
243800
-249100
360500
-514900
170800
-130100
4900
-109600
26700
-114400
59200
-82700
51300
49800
-110200
131200
-202100
-61100
220600
-165600
-198700
155000
-44600
134200
-12400
-85500
-179400
244600
-270700
311100
-324900
313400
-420200
190400
-126900
241700
-410300
212000
-299000
196900
-119900
23100
-119800
155300
-82300
84500
-122300
-8700
-71600
99200
-42700
-144600
383200
-356200
192700
-217500
255400
-351700
233800
-242400
448300
-428400
193900
-239900
29900
-152300
157000
-297700
464800
-315300
6900
-32900
-152200
252100
-214500
176900
-192700
103500
-237400
79000
-56500
107200
-142000
205600
-263600
374300
-400200
321000
-441300
249700
-288800
26100
75900
-65100
106000
-81200
-196800
189200
-196800
253700
-279300
116500
51200
-70900
7300
-40300
51900
-263800
135100
-85800
170600
-205800
104100
-103000
97600
-26900
180100
-386600
157600
-115400
40900
-64700
-156200
46500
169600
-132400
-95500
-105900
116100
-112000
180700
-321500
179200
-123600
137100
-134100
-114700
188100
-215400
301800
-357200
267400
-253400
206000
-200100
465900
-590600
226000
-199500
290700
-291700
-122400
95400
-170400
212600
-46300
-68700
-20300
-38200
-200
-10400
-129200
177000
-138300
31500
62800
-6200
-136200
138500
-82800
-41500
-234600
344100
-165200
20200
-92700
193600
-288800
90400
-245400
241500
-227600
60300
31800
-95700
56800
46700
-263200
69400
11600
60200
-81400
19700
62400
-9500
-134200
4200
-194100
126300
4800
-107600
193000
-250200
334400
-377500
460100
-569200
248000
-269600
182700
-231400
142900
-69100
17800
59700
-184900
-28500
72400
-150600
57100
8100
33300
64200
-179200
387500
-348700
19200
-236800
349000
-160000
30000
-247000
527100
-564900
363900
-376300
118200
-173300
147900
-220200
151900
-229900
31100
240600
-233200
226000
-213800
61200
-38200
-229100
6200
218200
-225900
382200
-247700
122000
-435900
411500
-256100
175500
-174700
127600
-307300
467200
-348700
-54100
-106400
104100
-191600
118200
-135500
67300
-105200
101300
-3800
85800
-154400
69600
-194800
-25700
316300
-251600
-143000
143200
147100
-181300
-36000
-234200
413400
-245200
110100
-142500
151400
-170700
118700
-206500
251400
-366700
-77700
46800
26300
-22900
-14000
23900
41000
-3100
-198500
144500
-159200
-97600
177600
-54500
14900
34400
-6500
-35400
-159900
242300
-310900
-33600
48200
230600
-314300
25900
28900
123100
-364000
177800
-177600
157900
-192100
116600
79700
-291800
139900
-63400
-26300
-15900
82900
-9500
-172800
107500
-22300
-32000
124200
-147800
71800
-109300
-3800
-175900
197000
-136700
32700
-202500
104700
20400
-78300
-109000
146100
-133800
48300
-100400
99200
-41700
119200
-155000
-99300
98300
-83700
55500
-133900
308900
-376200
239800
-126000
-49600
-124800
310500
-184400
78000
-313300
101200
-227700
239600
-67000
50200
-232500
117800
-62000
-105500
105400
-59000
-47500
81400
79700
-25700
-36700
-141900
73800
-179900
386100
-411200
175600
-249300
316000
-264200
103100
-94800
-127500
-85300
137800
-194900
269300
-275400
322900
-165600
-292800
198800
-227700
135100
-14800
8900
-20200
-136700
96600
9500
-4200
-143900
96200
300
-46700
-33000
-23100
240100
-336900
215500
-309700
251800
-143100
73300
-202300
-77200
100200
-85500
-37800
108900
-131100
21800
-92800
6400
-36000
138600
-223800
93700
51800
33800
-326800
132000
83200
-148700
234800
-293500
383500
-404500
214400
-56800
45200
-329800
33300
69500
-61200
-167100
134900
-155000
100100
31300
5200
-163400
134800
500
-266800
194400
-227300
225300
-43600
98700
-145800
27100
-115900
17700
17800
159300
-300200
18600
-88600
343600
-462200
193100
-246200
84700
-8000
71000
-80700
-63400
77600
51600
-291400
67700
10500
-8700
103100
-121900
-3600
-161000
121500
-66200
111100
-100700
32600
-45800
282300
-529000
223400
-77700
-6100
35400
-150900
57100
-69000
-143700
135200
-49800
-47900
-67900
221100
-39100
-51300
-73500
-11300
-96100
4000
107100
-114500
47500
14900
-45600
-120800
154400
-278900
359500
-277500
13900
-74900
42300
28000
-59600
8200
-177800
-9800
-79500
81400
-174300
86200
-70600
121900
84000
-51600
-235500
221100
-176900
84000
-270800
280600
-197100
228600
-158600
83200
-117500
43300
-175800
77400
-192700
252400
-207500
1700
48700
-264800
197000
-45900
-147100
22000
114500
-3700
-7400
-200400
250000
-317100
142900
-179600
176900
-163200
-29900
-37500
114500
-139100
315500
-389700
255700
-211400
274600
-223600
-130200
3900
21700
-87500
280000
-426500
146100
-97200
88000
-32000
-134100
35100
-13000
128300
-47000
-49000
-87200
77200
-164800
59200
-83500
99500
16400
6400
-116400
213200
-273400
234900
-391100
403000
-413200
95400
-100100
234800
-286700
49100
-116500
93700
22200
-122900
139100
-60800
-52000
-33300
132200
-190200
-105900
114300
-107600
-1400
-13500
-19100
50600
100
209100
-339400
180900
-212900
194900
-217500
56600
-233800
282500
-267300
106200
-48100
-55600
103200
-234000
-4100
27300
35400
-109500
158700
-101900
60400
-64500
-157900
8700
51600
-37900
147500
-333500
352800
-253600
327500
-498000
124200
0
-62400
-11100
-77600
16600
-25500
137500
-239300
-1600
42400
30000
-195000
188400
-26300
-27600
82100
-9200
-238100
19000
-88300
183600
-112900
-38500
-28700
242200
-202800
191900
-390100
129700
-60600
48500
-41900
-64500
7800
-87200
155800
-114600
-30400
-92300
-18900
84300
-17000
-4900
-88100
-60500
8700
-10700
48700
-140800
75100
-111700
34900
-27200
169100
-228600
165300
-107700
-132300
-92300
206200
-262100
196300
-197600
86700
45700
-96200
136100
-146000
-95900
150100
-185400
96600
-107000
-119900
179500
-110800
75600
-226500
229800
-238300
77400
-36300
435900
-610400
324200
-264800
425300
-504300
166600
-180800
109800
-217900
117500
-77900
92400
222500
-294300
91600
-163200
16600
-126300
-10700
59500
-110300
51900
22200
38500
-85600
-52300
69800
-103000
54900
-125900
245100
-337300
73400
61400
-118300
-84100
-81300
-35900
67300
-82900
113800
-68300
115500
-173700
66500
-129000
34900
98200
-286700
243800
-142300
-151200
196900
150500
-217100
29500
-165000
414000
-527600
229500
-54600
165000
-368200
336900
-361300
156200
-244400
97900
-142000
98900
-34100
-157600
292200
-115900
-22100
-92900
-110000
-28600
247900
-301200
276900
-105700
-110600
61200
62200
-193500
156800
-214400
118000
-234500
183100
-224900
266400
-222400
-26900
-92500
398500
-424800
65200
85000
-67200
-50300
103900
1800
-294500
243300
-100200
-16600
32700
23800
-110800
-174600
154700
127200
-92200
23500
-186800
57900
-108000
-35000
41800
-113600
56900
101300
-277100
166400
-159700
112700
-192400
174300
-242400
124100
63900
-40600
39500
-241600
216400
-154100
6600
26300
5500
-12100
7600
-50100
147900
-259700
87600
-133100
175400
1030800
-1314700
-30400
78800
-68800
269900
-254300
-112400
-42800
-8600
43200
-133000
125900
-7700
15600
-48100
29200
-96700
7300
-31900
14300
-74800
50300
-69700
231400
-416700
470800
-497400
39800
84000
-71000
-25500
-94500
112700
54600
-311000
31900
219300
-187100
69700
-37400
-62500
65800
-26200
123500
-277600
63100
-67800
47200
-156200
-73400
364600
-268900
392700
-455700
495000
-572900
-13200
189900
-30900
-227000
57900
-28500
-22000
53200
-146100
49500
-103400
77900
-59200
75500
-131700
155600
-124000
107500
-248800
168300
-168400
-98300
72100
184400
-192700
76500
-68800
249500
-304100
-96200
91800
6000
-50500
-59600
22400
-15500
-40300
111700
-271500
23200
38100
-54300
36800
-55300
-45200
85100
-74700
85900
-39900
-226500
141500
-36900
-90200
-138700
515100
-554400
287400
-152000
155300
-185400
-141800
28400
5300
-75500
125900
-160300
191200
-162800
67600
-161900
-67200
114700
-169800
178800
-224000
144600
2700
71200
-171400
111100
-193100
103200
-53700
115100
-248900
42500
29500
-93900
-158500
283100
-97300
-135000
-92200
134200
-31400
-87700
144100
-81600
-72600
-56000
62400
-90100
71500
-132900
71100
-123500
280500
-346500
350200
-423400
90000
-110400
512600
-636500
284200
-162900
285700
-370000
100100
-208300
268700
-304900
190600
-228200
18600
202100
-134500
63800
-61800
-65100
-133500
184200
-249400
159600
-196700
242500
-142800
139600
-221000
82800
-50000
90000
-152700
30700
-40300
106400
-98500
14300
-142000
70400
-19400
-59200
-200300
133000
-161400
137500
-600
-93500
143700
-222200
86100
-161500
118700
-159500
208400
-108800
-35400
-4100
-75600
-103600
154600
-113300
20900
-105200
-41900
95700
97600
-186900
-135300
89700
-57800
-49800
128600
-124600
71800
-225500
279200
-82700
-146300
127700
-176400
122300
-159300
250000
-124200
-19200
15400
-3700
-102400
-24800
-221200
252300
-241500
122900
-22800
188500
-288100
-54900
3400
-65200
107900
-52600
-41100
-42300
-77000
145400
59600
-175400
63100
-41100
113100
-333100
22500
42300
-162000
92100
303900
-302300
112000
-112000
120200
-214300
248800
-381600
300200
-292600
232500
-107800
-112400
-93900
80200
-84800
118100
-227300
184900
-108100
129300
-55800
-111900
4200
-52100
17200
-154900
286700
-233800
157600
-78200
77700
-265300
476300
-619000
194400
-101800
-162300
160300
-192700
216300
-149600
62300
-50500
51000
-237500
156700
-93300
47200
-99100
214600
-262900
93100
-136800
129900
-226200
294500
-293600
224500
-283300
402300
-266500
-9400
-207200
360900
-379200
132600
-149900
40200
-54000
116200
-75900
-103000
11600
-17600
109400
-65100
4600
-103900
-122600
160100
-56800
-124800
468700
-559000
85400
106800
39200
-191600
-54900
113400
211100
-493200
366400
-385000
225600
421200
-722100
8600
157100
-9600
-28100
-90200
-15500
87600
-86600
-112700
83100
-68300
-146000
285700
-242400
249900
-234400
-34500
-18100
186400
-235600
140300
-255000
288300
-162300
-171000
77000
-108200
56200
-114200
-39200
105800
-141200
225800
-114600
-42800
-94000
134100
-214500
117200
-32400
-91500
35300
92500
-59300
-42000
-31300
-98300
202000
-198200
6800
-101100
141600
-32400
-147600
-8500
-31500
31200
-137100
26100
-18800
127500
-231700
187500
37700
-319100
129800
18300
-183400
211900
-140800
-118200
145000
3600
-75700
13600
-180800
286500
-223500
200600
-348500
279800
-292500
308600
-301800
81800
-126900
88700
-145100
101300
-172600
79800
-107600
149500
-134200
24400
-96200
17600
94400
-117300
-1300
-96900
257400
-156800
-67400
-182600
426700
-334400
9400
-117400
384700
-371400
65300
-54500
127600
-259600
76900
-88100
9800
-17500
86100
900
-55200
-81500
128100
-152600
-11500
48300
-24900
13700
-133100
89300
-59500
-74400
4400
78400
-143800
120600
-295000
279400
-188900
-51000
-108100
341300
-312800
191700
-196800
-46900
36300
46600
-190000
171000
-103100
108700
-120800
13900
-162100
128800
147200
-259500
41100
-69100
73200
156500
-341900
-59400
465100
-509400
345400
-412300
196700
-218600
210000
-158100
190600
-183100
-63600
-22500
-16100
-163500
222800
-226500
67200
148400
-75600
-37100
-34700
-106800
-122600
438900
-368600
232400
-342900
332000
-284200
239800
-358000
599200
-688500
282200
-158300
75300
-270200
231700
-54000
-221400
-41800
47900
82400
-75500
-71500
135100
-158300
143800
-153300
93500
-38400
-31700
123500
-245200
217600
-306000
247900
-153700
249900
-405300
296300
-317600
135600
-74800
-56700
-4900
-148100
169100
-49300
-62000
-66700
-96600
147300
-92300
57400
-104600
131900
-140000
152100
-90100
-160800
64800
-62900
166300
-157300
188000
-245700
391200
-390500
-93200
-29400
105800
-130400
-27900
-133500
224800
-219800
146000
-133000
36300
-40300
-117400
114500
-104100
99500
-66400
60800
-128900
195900
-135000
-140800
33800
61800
-90200
190900
-205100
25900
69400
436200
-780000
78400
46000
-6100
-189700
10700
73200
-51600
59000
73100
-260700
55200
-12300
-13600
-4800
-26900
100
54900
-93600
115800
-96100
-23200
-76600
-56300
80900
-208400
342900
-413800
440000
-358600
1800
-131700
34900
84200
-80900
-69100
-11300
41900
-20900
29100
-12500
-66700
-67500
-1700
90700
-166600
136900
-97000
134300
-104400
-80000
1200
90600
-127900
54300
-44400
-104500
260700
-368600
159400
-286400
220700
-159600
-27300
21800
-73800
92000
-89400
48900
-93700
5000
9500
2400
-13200
-4800
-92000
71800
-69300
10900
-93400
192100
-378500
337700
-270400
401800
-372600
-43600
4800
11600
27900
-184000
60500
64100
-179700
99100
-147900
-57600
188700
-30600
-26400
-134800
72500
1300
-130300
134000
-202800
136400
91200
-136500
-77100
-26300
131300
-197200
299400
-455700
247700
-126700
81400
-195500
200200
-189800
8500
-161800
117400
-144200
118500
21500
-53400
-73500
93900
-32700
-157400
208100
-232500
65500
5800
5700
-94400
68700
-3300
35400
-194400
254300
-312700
253100
-332000
90800
-205800
315400
-216100
-139700
255300
-238300
-76700
124400
-102100
20200
-80500
180200
-172900
-32700
60500
-65500
-4700
-39900
75700
-27300
-25700
-55600
195500
-296400
69800
-181100
245500
-182800
21600
-84300
-99900
69800
113900
-154100
2800
23900
-86000
-121900
153500
-141900
223900
-59900
-172200
33800
42100
29100
-225300
137100
-1100
-28500
-136400
164800
-51600
121000
-275100
-143400
76800
-153300
56500
-60100
-63400
235000
-75900
-151500
106500
-138300
46400
-65500
51000
-60600
28200
31700
40500
-334700
327500
-197000
18500
-88700
203900
-379800
194700
-18800
248300
-401000
2873200
-2947000
88600
-144400
301000
-378900
149800
-65300
28200
-45700
-73500
-2300
24100
40500
-90600
61100
-130400
57800
-14000
-23800
-63900
108200
-217900
42500
30300
32100
-163500
422700
-476000
284700
-317800
174300
-314600
279200
-204100
-131400
125700
33000
24600
-103500
25200
-106300
40800
-55700
82600
-28300
126600
-63300
-110200
-142700
112300
-151500
197300
-206000
261000
-231400
-37600
-19100
54600
-240200
132400
-150200
260800
-263800
-61200
153800
-48400
-61900
69500
-81100
80300
-76300
-179000
170200
-138800
-77800
97500
-18500
72500
-87900
-37400
163900
-188600
45800
-130100
564200
-673800
399300
-214600
-6200
-197900
-86000
119400
-106800
-2400
15000
-125200
119400
-122500
103300
-95500
85000
-117500
51300
-42700
19500
46300
20000
85800
-402300
276300
-274000
141800
-121300
208100
-270900
195400
-252600
183000
-159600
-170200
119200
11300
-44000
-89200
86400
-91300
120500
-64000
-126300
131100
-55200
-18000
142900
-227200
107200
-284300
438900
-341700
75700
-260800
243600
-296700
56600
9200
245600
-315500
228300
-277800
118700
-193600
133800
-216600
113500
-3100
60400
-235100
324400
-166400
-37300
-46500
14800
-126400
20600
107500
-84700
112300
-39800
23600
-148300
48000
-96500
-27900
-129900
-8000
223200
-186700
-79500
180800
-184900
13400
-80700
88000
-74500
66000
-93000
142700
-76200
-103900
-78400
6000
-96800
64900
44500
-80600
16800
-166300
220000
-176500
134600
-212500
284300
-400200
161100
-148400
99800
-197000
219700
-69000
-127200
95200
-116600
-13600
-90000
18600
-30000
89700
-84500
179700
-167600
96400
-156700
-22000
-43500
137200
-303300
162200
84200
131700
-388900
227800
-237200
137800
-213700
221800
-162700
27800
-71600
155300
-344600
196100
-218600
190800
-175600
146600
-194200
119400
-143000
122800
-19300
-158800
193300
-179300
43400
-213300
258700
-286600
478100
-362600
-16400
21500
81300
-274600
154400
-229000
100400
-20600
59300
48000
-267600
216400
-92300
-175800
125600
-124800
131100
-101800
161600
-24200
-291300
199400
-5800
-77900
-77200
147100
-176900
137600
-160600
253400
-391600
168700
-265900
167400
-205900
92700
-115200
133800
-50400
105500
-295000
157800
-140300
133000
-205300
192300
-142300
81000
-34000
-16000
-272000
114900
160700
-142300
33000
-63800
345100
-455900
240500
-74200
-2000
-317100
197300
-183300
172700
-173200
12100
-154400
126700
-47600
-53900
136800
-240200
293200
-343500
92900
84900
-178100
129000
-100600
88300
-157700
52400
97900
-267100
388400
-300500
55500
-43000
-78000
19200
-89700
1300
23500
-96000
17800
-88400
-12000
76600
-99800
24200
-96000
133200
-179300
138300
-180200
17400
-88500
297100
-192200
141800
-211800
129300
-257700
251100
-195600
211100
-388800
350100
-279400
61500
-69600
-66300
99100
-131300
-45500
89400
-3000
-85300
177300
-281700
97900
-7000
6300
-67500
64000
-72400
-146200
94400
127200
-171400
-64800
-29900
101200
-130700
320200
-488300
196100
-121100
117600
-205000
93400
35200
-132100
22800
-96800
95100
-131900
210100
-113100
-74200
-169300
177400
-55900
122900
-172500
34200
-171500
217100
-38800
-58000
-112000
115800
-187400
327800
-457200
205500
-247800
275900
-267900
-56300
60100
92600
-133500
-28800
13900
-141500
137600
48900
-112300
-8400
-111900
105200
-82600
-18400
54900
-185200
201800
-174000
48500
-31200
195900
-156700
-7900
-123200
-39000
-6800
-123400
44500
242800
-211900
-20800
-133900
101900
-92100
50900
-142600
88200
73800
-60800
45100
-170100
95200
-168600
126000
-130700
91600
-67800
77100
-208500
142900
-121000
204000
-282300
-51300
42900
-17600
-6400
-3700
96100
-198100
9400
-115600
108300
-134700
187800
-83400
-52700
111100
-26200
-195600
152200
-164400
81300
-243300
331000
-176200
39100
-40000
122500
-340800
230500
-144900
3333500
-3528400
198900
-36100
-175700
174000
-33400
-183600
57000
68600
-225300
63100
70700
-102000
-70500
189900
32600
-131800
-49600
-52100
-173200
205300
-89500
116600
-183000
281600
-295200
313800
-343400
-59500
300
-132600
-7800
-29600
-27800
143800
-141500
82500
-71400
-38100
8500
24700
-101900
45200
24300
-116300
99100
-166300
105600
-18900
55200
-276600
255400
-242100
213200
-15700
104300
-336000
201600
-175900
89500
-287700
152900
-163500
136900
-111900
151400
-303300
202200
-90400
-105600
164500
-28900
-107300
50200
-54900
79800
-118500
-12500
276000
-431400
139700
-96300
72500
-201600
281100
-294500
451100
-554700
177700
-124200
76100
-151600
113600
-206300
158800
-86900
15700
-143900
182500
-107200
-47400
88900
-205800
122400
-64000
153800
-196900
46100
-102400
136000
-279200
339500
-228000
-26100
700
82800
-252800
87400
-164100
145300
-145000
123600
-161600
117600
-82900
-28200
-4000
-31000
-22300
-23700
129000
-166100
29900
-75800
3300
59800
9600
-202200
319200
-411200
350500
-327000
337600
-421100
370700
-275600
-6000
-38000
-132500
91400
20600
-93800
-35000
-8500
35900
22100
-114400
190900
-306400
224500
-195600
111300
-53300
97800
-72400
59800
-317900
297400
-185500
138300
-236300
214800
-381600
368100
-321000
315500
-412000
109100
-139500
83000
-63300
8400
-38100
-9400
65300
-43900
-96100
101100
-23900
-4700
37400
-102300
50200
-236300
69300
43000
130700
-320900
191600
-146900
243200
-285700
181400
-334500
465800
-435700
97700
-125200
24300
-139200
92200
-110900
23900
63000
-45100
56900
-149500
162800
-213600
172400
-152200
91100
-136000
47300
-1600
-700
-171400
204900
-283200
299900
-287900
300
-3300
120600
-166700
44700
-188100
105900
31800
-134800
62800
21200
-120600
65000
53000
-59800
58800
-231400
178100
-208300
150600
-244200
362700
-187600
71300
-132500
3200
-60200
269600
-374400
-55100
93200
-170400
46200
-8400
-48500
-19600
-117300
57500
-79800
181900
-177900
126900
-226600
216800
33300
-95900
-181700
66100
39000
-8800
-141500
7300
275900
-188700
44400
-151700
177700
-192300
-96700
56400
-115500
-67100
-29000
143000
-73500
-45600
-13000
-72400
54700
20300
-106100
16400
-105500
276800
-192500
-4200
18600
-134300
20700
13300
38300
46900
-165900
141000
-114500
-15700
-224400
188800
-228500
65700
-107800
194000
-213900
115600
-144600
118400
-80000
78600
-81000
-39500
-3600
-55900
146400
-122300
239700
-389000
50000
-132100
158300
-119100
198400
-207700
116600
-56200
-56500
-51700
-59900
-117400
152700
-192100
128400
-159400
136900
-4700
-81300
-94000
-64700
116100
-91600
143900
-21400
-66300
-78700
4500
-74500
91200
-202500
255500
-206200
210900
-325900
260700
-297000
428600
-400600
37700
-157800
147300
-98400
-112300
134300
-202300
165600
-160700
111600
-138400
91800
-118100
10900
109700
-71500
-46300
5100
38200
-189100
63600
211600
-357100
8800
-83300
491800
-437600
133800
-117500
295400
-425900
75800
-53800
-64600
68800
-62800
-47200
-61200
61200
154900
-313000
5700
-22600
-200
281000
-370700
202000
-192500
314600
-114700
-80800
-144100
132100
-65600
140000
-245500
-32100
4500
39000
-35100
-120800
79500
-193600
-35300
180100
-42900
-20600
-116100
22100
177700
-233200
136300
-190000
66800
9400
-166700
89300
55100
-61600
-78600
-75800
74100
-205700
284800
-345600
248900
-297100
124200
115500
-53200
-135200
-87400
76400
6200
-83600
14500
20800
-15600
34400
-161500
-59200
91300
-51800
30000
-132200
59700
159600
-352500
301500
-259600
167500
-245900
370000
-444200
417400
-426000
8900
105900
-57400
20800
-181300
133000
-70400
-31400
7000
-44100
-143100
62200
117400
-3300
-198600
222900
-317100
170100
-134600
69000
-137700
269500
-146600
195700
-412300
298700
-183800
86000
-269400
143700
-168800
86100
-67600
170500
-203000
-24300
48500
-109500
66700
-43300
76500
-137600
323600
-394800
93200
-45100
-128500
66100
-31100
55400
-99200
-129400
580900
-466700
397100
-524800
206200
-278100
181000
-49300
86900
-177100
-40100
149800
-200100
12600
66400
-166000
115600
-107400
87400
-129600
92200
-17000
-88400
42900
-112300
10300
-7400
145900
-106700
-13300
-56700
302100
-376100
11100
-208900
412400
-485100
187800
-198700
169400
-178500
173100
-35700
-2500
-144000
49800
-57800
18100
-88500
109400
19100
1000
30400
-253700
58600
-34500
165700
-331400
251500
-284300
477900
-315100
-150500
91100
103400
-286400
-10700
-69400
93800
-34800
167100
-116800
-138100
-65300
-29700
-5100
64700
89000
-237300
8900
215000
-105000
-119500
83400
-49700
16900
-76800
134900
-192100
157300
-270900
224000
-222100
30600
-93300
176700
-242200
11400
209200
-315000
163300
-176500
93000
-74100
46600
22600
-124900
21400
-200100
126600
-11400
91300
58500
-292200
221200
-257400
184200
-209400
208100
-183000
100400
-51700
-82700
-56900
-35400
43800
-5700
-15400
-109200
49500
198900
-161100
-102800
-54900
-97100
125200
-10300
119100
-289900
168100
-165900
214000
-139100
24300
-77900
36500
-99100
119300
-215300
-61700
78900
166200
-351200
161200
-67300
-176200
171500
-133600
162100
-93200
-58000
123600
-273500
82100
-80700
128100
-26100
-71900
16100
56300
-201200
116200
97100
-261100
122900
-206400
77200
129000
-24600
-162800
391300
-488300
93800
-200100
170600
-233500
174000
-136800
31000
-152700
295200
-119500
-112200
30000
-43800
-51600
20300
-58400
170800
-279300
26500
317600
-400100
265300
-338100
330400
-259500
352500
-488900
178300
-114100
203400
-316600
113600
-87000
21500
-104500
34400
-132400
95200
53700
-8000
-136000
19400
11300
-143900
153000
31900
-159500
-5900
195500
-251000
190400
-309600
402900
-426200
64100
-147700
194500
-209300
360100
-198900
-123800
2200
77700
-143100
113400
-103400
-86500
10100
198900
-186400
-81400
-70600
112900
-66700
-89500
349000
-346500
87100
-45600
28200
5600
87900
-242900
-118300
118800
-121700
-1100
-59300
169100
-132100
-45200
-101500
27500
-65600
138400
5900
-22700
-170900
167700
-167100
-17000
69900
-113600
56800
41000
-106400
14700
-97200
239400
-276100
355100
-427800
159700
-187100
131700
-147200
-21700
0
10700
-116900
113500
-207000
68200
10800
-27100
47400
-114200
88600
86100
-7800
-284800
155800
-35100
-28300
-57700
189200
-201800
71600
-201300
319500
-419300
196200
-145000
81300
-55400
-95600
19400
-134400
191400
-117700
28800
-201000
14600
138600
-146400
-46000
191400
-169600
201700
-164100
68100
-200500
109700
-242900
335800
-194900
105600
-205300
178900
-70100
-26600
-138100
131300
-125100
59500
-236300
109900
-158600
144300
-106600
49400
-44500
-117800
69100
35300
-149000
7800
14100
145300
53300
-304000
67800
61600
-18100
-258400
258400
-136600
94900
-103400
-22700
-159200
79600
-142800
3300
80900
-81400
22900
-84800
156900
-150300
17800
-3700
-53600
-36000
140300
-189400
56800
-68900
10600
134400
-21800
-210400
208800
-353900
369800
-398700
516200
-566900
413300
-344100
-16000
-39400
-65100
97200
-190700
182500
-169600
123800
25800
-130400
81300
-185300
6400
102000
-161000
190000
-125700
68200
-170300
206000
-316900
223600
-93900
8600
-220700
689000
-793700
328400
-128300
285700
-512800
159800
-178600
146400
-147100
122200
-97800
-53600
84800
-57100
-129200
100400
21300
-158200
21800
-81300
148500
-138800
279800
-228000
141200
-270400
208600
-279200
229300
-172500
-42600
-43600
145900
-200300
20300
-158200
161900
-121800
40500
-161900
202300
-163200
68300
-33800
33900
-53500
-5900
-49300
58700
-145200
92300
-28200
77100
-148400
-18400
84600
-98100
55400
-199500
61900
-32600
-101600
146800
139800
-378400
34700
29900
10900
-253200
176600
-38500
36000
-16800
20300
-82600
-179600
216100
-43300
-73600
-82800
236100
-187600
163000
-287700
188100
121300
-195200
-288800
320600
-192200
-75800
-3700
28100
-50200
-79300
56000
-137300
64600
-11000
-42400
69100
-146700
155200
42300
-225000
7300
22600
87100
-250000
103400
-27100
-61600
85700
312300
-506500
202700
-231400
424700
-556200
172800
-66200
132800
-215800
142600
-205200
119600
-199500
229300
-155600
-58100
47800
-94400
171300
24000
-207900
27500
10000
-900
120000
-159400
24400
-163600
194000
-123800
-163600
62500
130600
-131500
-102900
62400
-224100
6900
206700
-29500
-180000
170700
-108100
184200
-251200
-14000
-27300
-12600
117100
-98300
-157500
51800
-30400
113000
-42900
93100
-361200
336300
-155700
123300
-341700
460100
-497100
113800
-148100
141200
-140900
37600
-8900
-28200
-161200
139500
-104300
19700
147900
-200800
84700
-172000
394200
-380400
38100
-132000
298000
-274300
294700
-444600
310100
-200500
429300
-523800
-18300
41300
-152000
130500
-142400
-61800
237500
-251700
272200
-194100
-15200
-117400
141900
-136300
21900
-22300
-60300
67900
-82000
218700
-263100
135000
-144100
20100
55000
108800
-206000
33100
-152100
283100
-394300
501200
-504300
60600
-157700
114600
-113900
73000
2700
-111500
-79600
119200
-48600
7400
-40200
83700
-78900
-107300
353400
-374800
34800
-58300
68700
-51700
140400
-362100
249200
-220200
422400
-447500
248900
-391200
152700
-49800
19100
-80300
78200
-82900
60400
-77800
-50600
-63200
25600
57800
-13500
-167600
167100
65400
-59500
15700
-185500
27700
-20500
21400
-105100
247200
-443600
374400
-301300
454800
-528500
194300
-301100
204700
-225900
-10400
80200
29400
-44700
65400
-13800
-236200
254800
-246400
85700
-125000
191100
-202000
161900
-48700
-147100
72100
63300
-171400
176400
-227500
-59800
-11300
86400
14000
-130200
-153300
197500
-257600
153600
-147200
130200
-207300
250700
-161300
81800
-140800
24200
150400
-303300
290700
-289200
223500
-171800
121300
-146200
73500
-144400
467600
-616400
57900
-116500
346900
-276800
183400
-241400
65000
-190200
14800
13500
45300
-82200
90100
-7500
92200
-192600
32700
-110700
117900
-83000
35400
-117700
7900
116800
9900
11600
-222700
172200
-281900
-42600
-48200
75000
29700
4500
2800
-193900
102300
-106400
87000
-127700
41100
-71500
67400
70800
25400
-133800
-38400
17300
-30400
-133900
184600
-72700
100800
-142200
97700
-170300
238100
-284300
-85200
18600
-102200
92500
-148100
69200
198100
-375200
143500
-174600
236700
-169500
98600
-250400
152600
-48500
31600
-103000
-123100
155000
18700
19100
-274900
297900
-299100
83000
66300
-15100
-53800
-72900
-42000
-1600
-65500
-66800
148400
-121900
61000
-164600
-44900
746900
-644300
82800
-152800
-28000
158400
-93200
128000
-365100
234700
-155500
250700
-360600
243300
-339500
127200
156200
109200
-280000
196400
-144200
-356500
-18000
121800
-145400
62900
-45700
185500
-246100
14800
-69700
-10400
127100
-65700
68700
-180700
67500
-48000
74700
-109200
46700
-57000
185500
-263700
228800
-344800
196400
-71600
-150500
-120900
341600
-360400
153500
-171800
160100
-38100
-62400
-9800
-94900
58300
-46500
38900
101400
-121800
-17600
-18600
-12900
168000
-340700
282600
-291700
29400
-158900
369100
-335900
287400
-269600
244600
-338700
63400
-169400
161800
-220200
200100
-233500
191600
-100400
173100
-234900
126200
-249000
153200
45300
-214000
122600
-146300
213700
-188800
39800
15600
-900
-247500
251100
-236300
128900
-91100
213800
-358200
109300
-47000
-21900
16100
-150500
24900
-19600
-77300
71000
32500
-98700
76900
-98900
145000
-123000
147400
-225900
140800
-169200
193200
-210900
260900
-430100
361700
-335800
306800
-399400
37300
147500
-109900
-129300
-1400
73300
-43400
-120000
161800
-223100
248800
-171700
173400
-186700
-61700
132100
-49400
-17300
-102600
282800
-262400
13000
-96500
16600
-123200
286300
-214700
9400
-88700
161200
-330400
246000
-178100
1100
-134700
84600
32200
-94000
4200
16700
-34100
19300
7600
-161900
224000
-167700
-76900
102000
-108200
82900
4600
-144600
31000
-185000
306600
-302300
292600
-357600
490100
-429200
61100
-69800
122900
-309400
118400
-147000
171400
-275700
220400
-177200
139400
-64900
138600
-116000
-82700
226100
-314500
60400
-198500
376000
-362500
405600
-308900
299700
-337000
-30700
-50000
-3700
-76700
-58100
68600
71500
-164500
37500
-149500
133800
-28400
-75900
-62200
114400
-159400
210900
-70900
-61900
-17200
-132400
103900
-243200
260400
-196200
188700
-222600
282000
-404800
239100
-292700
245500
-120700
25900
-184100
115200
-90000
105700
-203900
147900
-247100
183000
-117200
87300
-90900
57900
-82200
81500
-53200
-63600
34800
-58200
-63300
-300
106800
-211300
283600
-233400
47000
-114900
-54800
26600
76100
-141300
81100
-250500
298000
-275500
86000
46700
-68500
-147700
76300
-97200
75300
6200
3400
50800
-283100
268100
-296100
313500
-296000
345000
-435400
530100
-470800
688600
-870500
265500
-120300
-173600
93800
103100
-234700
141500
-145200
224700
-278400
128200
-216500
157300
2200
-108900
77100
-131400
151500
-77200
-8200
23300
-89200
-95600
39400
17700
60500
-214400
174200
-76500
-58100
-215700
179900
-40300
-125300
19200
-51600
4600
5300
-31300
86600
-128400
87100
-175000
46700
48400
-34400
-59000
17800
2100
-221600
299000
-210200
39000
-166100
116300
79000
-92500
-9600
330500
-544800
180200
-241500
155900
-174000
-22500
165300
-243200
209300
-69200
-32900
-73700
12200
79400
-64600
1300
-74200
-62500
203300
-188100
149600
-91500
-79800
-221200
237300
-147500
26800
-80700
134300
-78900
-115400
-9200
-23300
-4600
-58800
-4600
78600
-181900
164600
-30000
-119800
1000
56100
-149800
4700
190200
-315500
516700
-453500
82300
-70600
214400
-213000
20000
-136000
193000
-310900
92100
39800
-44000
-68700
-28900
-150700
55800
32000
-33100
-44400
-79100
226000
-148600
80900
-222200
218000
-149900
37100
-163900
62600
-164500
366400
-273600
98300
-217100
364400
-455100
228100
-253500
454300
-494900
334000
-223600
19000
-221700
142100
-151500
162500
-107700
5500
-40700
-1500
63500
-173100
132500
-117300
162500
-134300
-104700
-30600
527300
-335800
16500
-252900
65200
37800
16700
-220000
-43200
70800
-42100
-82400
97000
-105400
-40300
-83200
52600
16200
-78000
55100
25700
-45800
82800
-144200
49500
-75100
15600
29800
19200
-95500
-55900
49700
16700
19200
-221500
159000
-128900
-24000
-69300
-72100
46300
-86700
117100
-62000
-71500
-8800
1700
33700
-138400
199500
-191700
168100
25700
-204400
48800
-3700
-141200
-39800
111800
-31800
73100
-96400
17300
-184100
80200
-189900
210500
-201600
185400
-40900
-158000
75400
34300
-287200
152600
-157400
37500
-67200
129200
116700
-155400
87700
-170600
-37600
-7800
1900
37200
-112400
16200
21600
-62800
206400
-221600
82400
-276900
130600
-149000
125000
-124600
-123800
103900
-27900
-51600
33000
-102700
-16200
79900
-157200
279300
-384300
268000
-113900
34300
-119400
104500
-41200
87700
-343100
256800
-214600
478100
-489200
246800
-343200
140200
-153000
187200
-210100
21700
-139000
180500
-2000
-29500
-207200
109900
5100
-146900
208600
-217500
4600
80000
17300
-145700
216800
-187200
116200
-182800
75300
-109500
327700
-308200
55500
-35200
-212800
84500
53700
-235600
69300
-140700
198500
-155600
70600
-100600
129000
-75800
-11100
-134300
151100
-62900
-61000
-31000
115700
-104900
-76800
-23200
76400
-69300
-72100
72500
-85400
17100
-2600
-15300
-290100
67600
-32700
277500
-285500
80100
-73300
-34800
108000
-110500
19500
-166600
165100
48700
-89800
12000
-104900
81900
-67800
35900
-52100
36800
-87100
-40300
38800
-176300
128400
-132100
336100
-258800
-75900
-193900
173800
-154800
45900
68400
-207200
82600
-4400
5000
-60300
-57700
128000
-95600
-50100
10400
-72600
12600
-22400
266800
-338900
164400
-183000
96000
-49800
-127200
5300
4400
68600
-111000
-22100
-103700
115700
-6900
-87000
-20500
66800
25000
-134300
-23900
119900
-123000
138100
-328000
323500
-272300
88500
-8500
54000
-33300
199900
-370800
24600
-37300
-58100
-21300
81000
-108200
75500
-58800
-132800
-144000
179300
-91900
94800
-201500
115900
-87400
107700
-83100
48100
-118000
64400
135400
-275300
-2300
23800
18900
-52000
133800
-179800
168200
-210500
-79900
-1300
93900
-215000
188300
-86800
119300
-314300
120300
-8000
-123200
20400
129400
-138700
59700
79700
-36700
-165300
72400
-68400
32500
-97800
-4300
163600
-269700
380100
-420900
221500
-308600
349600
-353700
23800
19200
-209200
121900
-63300
-9300
66000
-135500
191700
-229800
82900
-13000
-205300
189900
-47100
111600
-239500
77800
6000
-70300
62800
-14200
-216200
300400
-295500
225500
-304600
282000
-283700
103600
-191900
120500
-177300
160200
-105700
94400
-41500
-99000
37500
-52400
-7100
-58900
57200
-149700
220900
-107800
16100
-116700
123900
-139000
76200
-77600
18800
-79400
352000
-320000
-107400
3000
-34500
-47500
24400
-180300
46100
18800
116700
-216500
117000
-211200
151800
-66200
16400
38200
-212700
173400
-51300
207200
-268600
101700
-137900
54500
-132300
163600
-172000
63900
35500
212600
-441900
-18700
52200
-137600
-88000
125800
-161900
198500
-176400
86600
40000
-88500
141400
-304700
295200
-192300
108300
-250700
535000
-590700
224100
-232300
132800
-225900
539100
-457500
65400
-192800
206300
-73600
-37400
-117300
-22300
-145200
212300
-245800
138900
-136700
219700
-202500
109000
-25300
-87000
83100
-233000
245400
-91900
-113800
-57200
275500
-268700
237800
-226500
8400
-209200
413600
-445400
204400
-18800
189700
-471500
241800
-269900
10800
-42700
170700
-279800
172400
38900
17100
-153200
17400
80200
-92800
14600
-62900
-52300
33900
189600
-247900
209500
-215500
83900
-111700
275800
-489900
40200
43700
50800
-35400
-184200
-49400
-7700
136900
-106300
-56000
-15400
-81000
262900
-146600
-117100
156600
-169000
33900
-98800
107700
-19200
89600
-198500
353400
-275500
117700
-242900
52800
-101700
103200
-151500
146000
-182300
84100
-214700
116800
-75200
-105200
150900
-85100
-17600
-94200
192800
-96300
-80500
28400
30300
-88200
136100
-176900
-27900
-199000
257300
-18100
28800
-206600
240100
-405400
264500
-329300
207900
-214800
21800
113300
-189400
80000
155500
-212100
-64000
-64700
165800
-90200
-25300
88400
-19400
-166300
129300
-119500
-129900
175100
-210200
200400
-58200
233000
-274900
-66400
-64000
280500
-413400
63500
-135700
78700
104200
46800
-306300
65500
-66800
20700
-79600
186500
-187200
18700
72400
96400
-159700
-67900
172500
-89200
2000
-38200
189000
-365600
303800
-275600
147200
9100
-252600
60900
98300
-346600
194800
-54400
-100
-15700
-156300
77600
-16500
19700
-192000
78700
-105300
68800
32200
20500
-126500
-29000
-29300
267300
-161600
112100
-251800
155000
-223300
467900
-507100
-27400
50100
-38100
-109200
132600
52500
-230200
74200
64400
-2700
-161100
81600
-130100
67000
-104800
148500
12400
-68600
12600
-46400
-22200
468200
-619200
241400
-173100
-1600
-1100
355100
-389100
-94800
-179700
230700
-281700
208600
-96800
-115700
77500
7600
-52900
81300
-201100
27300
9900
-37000
39000
-108300
-74400
248600
28900
-214900
71800
-236500
322700
-365600
205500
-250500
676500
-661900
172000
-130700
9900
-120100
106700
-85100
-50800
-102000
41900
600
218500
-340000
40100
10300
90400
-22200
-129500
44600
-183700
287600
-142700
-159200
114100
-88100
48000
201300
-295000
6100
-60300
205200
-136000
-156700
88500
-179900
52300
50900
-77300
-89300
58200
22200
-68700
-50800
79100
-80500
4900
93100
10400
-138900
148500
-133000
112700
-114400
-18800
-145500
246600
-260700
10600
-209700
76100
30500
132500
-301800
25900
-43800
52100
-100100
23400
62100
86100
-66400
81800
-202700
-37600
97000
-131300
34700
48800
-57100
168100
-101200
-50800
-136500
-80700
242200
-198600
321800
-485300
234900
-304200
296100
-310400
154400
-92000
-134100
81200
-123000
194200
-184000
94900
-70100
126300
-103700
-52300
-85400
143800
-28900
-61400
-81900
57900
-130600
102700
-47900
-8800
-179400
107300
-131600
40800
-121900
183700
-44900
114600
-329100
135000
-80800
-88000
10600
78200
-28400
-101100
235000
-244700
60200
-174100
57500
-28600
159500
-139700
103700
-135700
151200
-251600
197900
-328700
515500
-474000
35800
-88600
67400
-69500
159700
-205800
-159900
50100
126000
-21100
-4700
-150800
59000
59300
-64600
91300
-170600
-27900
28600
-100200
73900
-98600
-100400
307800
-211100
221500
-395200
229100
-269700
33400
73800
-120600
54700
-166400
57400
111100
-48200
-118900
89400
-125500
29100
-32800
-90900
147600
-72000
138200
-219700
32300
-99800
9900
85900
-177100
161000
-140200
151400
-148900
371800
-588200
91000
13800
-131900
126000
-118100
-6500
96200
-59500
-88000
76300
-99300
39500
39100
9200
-55700
-34100
-13200
-99100
-61000
99700
-162600
67600
-126000
97500
-15100
156400
-139500
56700
-219300
156000
-201000
18100
-12800
84500
-93500
28900
-35600
119300
-380100
280700
-153500
-12500
37100
-219600
159700
-204400
190600
20700
-192900
95100
45600
-165700
186600
-133800
242900
-434900
183500
19700
-196200
218300
-241700
-121500
239300
-303900
130500
41200
35800
-106400
-37500
-2000
25200
-113100
17800
-72000
-97400
183000
-80500
26800
-67200
98800
-105800
-33800
-155100
279400
-292400
409400
-393000
231900
-264300
45200
-202000
2600
95800
-83600
-68400
23700
142700
15300
-275200
71900
10200
-102900
115100
-79800
95300
-157800
366700
-192700
-95900
-56600
-49700
20100
1874400
-2001500
478400
-620800
454700
-421600
124300
-186100
13100
-117200
14100
67500
2200
17400
-29500
-29800
-130900
174800
-257100
198800
-195800
61500
-99700
451700
-322200
42700
-278900
205100
-171700
185500
-226300
64500
-51700
-148100
160500
-72700
-58200
74600
-86900
-43400
1000
-16000
4200
-41500
15000
109000
-198700
90100
-13000
-47500
-15700
-108500
-144400
150100
158500
-138400
81600
-289600
494300
-521600
253200
-150900
272500
-501600
150900
40500
-300800
50200
109100
-105400
81300
-127100
124300
-94400
84600
-1600
-67300
-30100
-72300
-70200
98900
-81200
-60900
227200
-94300
-92900
-167300
416600
-466400
322100
-340400
132200
-175200
236100
-243700
246000
-317200
159100
-173000
-46800
81100
46600
-86100
42500
19000
-183600
125000
-125200
-48800
-61200
28200
-13800
126400
-37800
68800
-157600
-24900
1271500
-1170300
-228600
-31500
10000
82600
-241100
198800
-87900
-16900
-87300
-77000
131900
-119200
93000
-111500
43000
9300
108800
-145300
8800
-131500
59600
-45200
97500
-61200
-172600
-18500
320900
-329300
30300
-34500
97200
-165500
-51700
-69000
239500
-214600
129900
-131100
-3400
-102100
42600
-47600
-1100
25900
-106300
194600
-201700
162900
-64600
6800
-152100
119400
-88100
-119800
-126300
383400
-281400
-22600
-154500
36200
56600
-141300
167500
-156900
-18000
98100
16300
-95400
20400
13400
-144800
-1400
-30600
-18800
-2800
56500
26900
-56600
-60000
-114600
7100
38700
126100
-180600
220600
-307800
90000
-200900
98800
-146600
211600
-59300
-113100
7000
11300
157200
-203900
17900
-117400
59700
24500
-183500
169000
-181600
-63300
97700
22000
5100
-79200
42000
7800
-60000
-83400
265700
-422000
421100
-364000
49300
-158300
186900
-147100
-5700
-11400
56000
-80100
-19400
-62600
17600
-32700
-132500
98400
-126600
115400
-152500
167100
-45100
-8000
-186000
101100
6400
-92100
-2000
286900
-340300
14500
58200
106100
-304100
90600
44700
-29600
-240700
-28700
161700
-186400
241200
-104600
46100
-227800
42600
99300
-112200
64600
-192500
72500
171000
-260000
112700
4500
18000
-268500
251900
-267000
323200
-365800
253200
-184300
90800
-64000
-124600
-63200
-29700
-70800
223000
-251500
147300
47700
-139400
51000
5500
-129600
3100
127800
-92400
18000
90400
-238900
-143100
290000
-264100
215800
-178100
18100
-107800
-85300
154300
-55300
-92000
48600
-193900
186100
-212400
168500
-72200
-15300
66800
-41300
-11600
-104600
13500
25300
-149700
121200
-66900
-160000
329000
-105100
70200
-268500
81000
-181600
285400
-392900
118600
-178800
240100
-101100
19700
-163500
11100
-28300
-22900
34100
-72400
-7100
102200
-20800
-49300
600
-7000
-86200
53700
-102500
-85200
474500
-399900
12600
-103400
209600
-272700
213400
-267600
79800
-164400
-87800
103600
145100
-240900
161200
-180900
121700
-199700
-16100
140200
2300
-28400
-107200
-38600
142400
-252600
152900
14900
-105600
108500
-85800
259200
-420500
258100
-268500
523000
-580400
138100
-45500
-202100
-28400
225500
-143600
-103000
51500
-19500
-112500
27000
96000
-110500
88200
-49400
63200
-179500
169500
-233800
221100
-257500
170300
-160800
281400
-299300
166700
-356100
597400
-565300
161000
-178400
26700
-40600
-71200
123600
13800
-249900
189700
-189700
305500
-371100
70300
105900
-158100
132600
-29200
238600
-460500
111700
45900
-24700
-79100
157700
-353600
384900
-365500
184300
-153100
66400
-112300
89200
-166800
-93900
-64400
219500
161100
-202200
-48500
-129500
-111900
54800
112400
-7600
-68700
-47000
71900
-47400
-78800
24600
48200
-25700
76600
-221500
29600
-57400
337000
-411600
106100
-147000
-21500
-83800
68800
-86200
54600
7400
34200
-243400
143600
20700
-96500
20000
-20900
68300
-152700
177200
-148100
-40800
-68600
110100
-172600
275100
-396100
237300
-140300
322800
-379200
145600
-265500
-39500
107000
-70700
-21700
132700
-277700
121200
-80700
-69800
-62400
190600
-140400
-16300
-82800
156200
-28500
-86600
149300
-301000
-14900
-40700
231100
-161000
305500
-319300
-80800
156600
-152600
11500
62500
-225600
-3500
47000
99300
-260300
259000
-130400
98300
-106300
-130800
141000
-62300
-3700
-181100
202200
-264700
527200
-461900
143100
-212300
89300
-15000
376900
-638500
290000
-284400
303000
-281300
78400
-160100
51900
-122800
98500
-49700
99900
-218400
269600
-291900
53500
-25400
-55200
-15800
155400
97200
-360900
195800
-33300
211200
-448100
258700
-235100
314900
-440200
323100
-317500
145900
33400
-28000
-237300
81900
-140200
23600
70600
-124600
39200
10000
-33700
-15500
5400
-4500
-124600
59700
80700
-31400
-94600
-20400
308900
-305400
-67300
-12500
110700
-100700
34200
-100900
83000
-189100
193100
-71200
-140000
-124400
51100
-22700
-37800
91800
-11400
-112500
180900
39000
-282100
-27200
213100
-303400
209000
-191000
41900
79600
96400
-95000
-278000
122800
-4400
-86300
11700
25000
-3100
-48000
-90300
109900
-153400
-22400
89100
21700
-187700
91700
-85300
1300
134700
-102100
-88700
108000
-82700
24500
-72500
39300
-240500
-18900
323500
-250200
362900
-382300
-98500
39700
27400
-142500
225100
-255600
97100
99600
-262700
18400
-83500
43100
8000
-62600
49700
91100
-190200
164800
-121900
-64100
-69500
246200
-275100
167400
-256300
389300
-257300
321100
-545000
389700
-375400
106400
-145200
70300
-99200
-41800
111900
-12600
-201000
195200
-170500
14100
59700
10500
-12200
-110200
111300
-84100
-146700
65800
233900
-372800
-35100
69000
193800
-227000
286800
-328600
189500
-197900
6000
-118300
86400
-198000
8400
-23500
169300
-48100
3600
-80200
-65600
18800
86600
-120700
71400
-151200
155200
-173800
-50000
133700
-114300
147300
-310600
336500
-308600
225700
-91700
235300
-501500
30400
51200
14600
-192700
154100
-162700
98300
75900
-110200
-107600
63300
-128000
14900
85900
-124400
165000
-242200
252100
-154000
11500
-74000
-20100
-95500
34800
-145100
540500
-555700
184800
-205300
112600
-57400
-72500
-46200
-34100
249800
-143800
-110700
100400
29500
268500
-469500
-130700
246100
-26800
-17700
-73800
-99300
84000
27600
-151300
30700
-181400
216900
-144800
-15800
-29200
-72400
88100
-45100
-43800
-142600
102800
-37100
-62500
-60500
-49400
4500
288600
-221100
-94000
24100
2300
64900
-45500
-14400
-63600
4600
-25300
-59000
82400
-244500
305000
-302900
287200
-285700
239400
-334200
87800
-26700
60200
-222200
93200
-110000
-10700
55200
-63500
88500
39600
-6500
-111500
-38500
4300
-59300
-31200
76100
-152200
144500
12000
93300
-185600
91900
-188200
185000
-323900
245900
-317300
208300
-141300
104200
-185200
-18400
45100
-58700
-62000
155100
-225400
37000
152800
-14200
-92300
-131600
132600
-144000
208500
-201100
148100
-215000
139500
-212400
150900
-64800
36800
-270900
259300
-154900
13400
-93800
153800
-190400
-17400
-47900
-16400
-97900
-32300
259000
-292500
88300
61600
63600
-214000
28600
-94500
141800
-180100
123500
-249900
246500
-87600
130900
-271000
77600
-153600
52000
-9800
14200
-125000
76100
115000
-167500
-24800
-45900
-14900
108400
-162500
5600
16000
59300
300
19700
-93600
-125000
86200
-207800
167500
-123600
205700
-192300
101700
-95400
-144000
27200
108500
-212100
175900
-257700
236800
-270000
100600
151400
-248200
90100
-48500
-30400
50300
-26900
19900
-55500
-76400
43800
6100
-175700
105300
143800
-318500
182500
-150600
108000
-183500
252900
-370700
44300
76800
-100200
31500
-117000
-20600
-7700
67000
151300
-250400
-24900
75600
-98000
45600
-164300
127900
-57200
169800
-179300
93100
-234700
107800
-78000
238200
-177100
127700
-286600
561100
-585500
271400
-393600
249800
-193600
1100
-135700
147400
-61100
100500
-121500
10400
-198900
15500
95800
-189000
111900
-132100
225900
-238200
381600
-422300
76400
-45500
132200
-68700
354100
-541700
410100
-409600
463400
-494100
-67400
71300
-65000
-19800
-12300
-49200
96700
-110200
154100
-150500
-80300
-29900
113000
94400
-319400
189600
-189500
254400
-198500
71800
-228500
212900
-183300
289000
-301200
43900
-152500
345100
-390000
10700
26300
-10700
-162600
132100
39600
-225000
-2300
201200
-126300
50100
-174100
169200
-80700
-15400
30200
-33800
-117300
36900
171600
-188400
-33700
-90400
237100
-278400
264000
-271200
179600
-237700
113800
-221800
101600
-121900
-24700
-93900
186900
-162700
55500
4800
-6000
-183800
110700
117400
-231200
272200
-368300
226800
-134100
258300
-254600
94600
-128900
64300
-225100
303900
-363900
276800
-202200
5100
-88800
77800
-24800
-166900
3900
-79300
101900
-59400
16200
12000
-48300
103000
-150000
32800
63900
124700
-285800
-100200
252000
-231000
348700
-386000
319000
-442200
2209800
-2151100
-10500
-113900
425000
-371400
132400
-176000
-115300
-12600
67800
-131800
153400
-182100
58000
138200
-74200
-12500
-1200
-76900
48100
-190200
89400
18200
-121700
92500
-99100
251700
-357100
159200
-259500
322200
-270100
105200
-126200
199600
-320200
108800
-1100
-15000
-139000
37900
7400
-1800
-62500
63200
133800
-423000
340700
-287100
109700
-98500
204600
-258500
148200
-93900
215700
-348600
463500
-575600
85100
-120800
163400
-218700
193500
-79500
27600
-197800
66600
-95100
86100
-19200
-33900
55300
-16000
-47600
117200
-150100
-130700
249100
-184000
-70000
-5900
214000
-213700
221400
-329600
241700
-315600
8900
84500
72300
-277900
138100
-78600
-9500
36600
-122500
22100
27300
-155000
34000
-7400
-52500
1900
169200
20200
-238500
116400
-151900
50100
-82100
151500
-248700
238800
-189800
248300
-377300
6100
12100
25200
21400
-206400
31200
94200
-36800
32000
-76200
-69400
-54300
-11100
138500
-188900
236000
-108000
191400
-379600
129600
-154000
149500
-218500
143600
-49600
172100
-222500
115100
-223200
281800
-314900
-32900
-98400
92200
-133400
114900
-146400
88000
45500
-18800
-102100
-91300
129400
-114300
66500
-147800
109000
55000
-80300
127800
-74100
-131600
70300
-296000
455200
-322600
50400
-175800
519100
-650100
311600
-301400
122900
-193200
25800
98400
-117000
156200
-130500
-102200
10800
105300
-111800
129000
-132300
95200
-194900
157400
-156700
58500
-21000
-94900
-101500
374900
-491600
252200
-26800
261300
-429000
-37200
43500
-165700
69600
69300
-171100
12800
-72300
254200
-139100
34600
-185000
189500
-277700
39200
252500
-351200
195400
-115600
29000
-194100
220100
-164500
339500
-430400
160300
-162400
366200
-400800
204500
-150000
-20200
-142100
9100
52400
-56000
61000
-83500
199900
-98000
-193400
61600
72000
-170100
94000
-142100
-44600
-79600
450100
-343000
24200
-77900
57900
-143400
307200
-325900
-68800
61100
-12700
64300
-125700
-45500
-76400
106200
-149400
62800
3600
28800
-19500
17300
-64100
-32900
-182000
111600
87300
-11000
-219600
314500
-235500
62100
-138000
45800
-62100
260100
-346100
-59000
94200
-19600
50300
-106900
-146400
37200
-99300
153500
-69900
32700
-102800
83000
56500
4500
-89100
-101600
101000
-239600
75800
27100
-47700
12200
86700
-56700
7500
-180600
226200
-373000
282100
-200700
95900
-239600
242000
-210300
109500
-95400
-105100
-26200
-50500
235700
-292400
133600
-53500
81200
-174600
29600
14000
85700
-1400
-36900
-207400
74100
-159300
403700
-502800
202500
-190600
15200
-86700
83800
-20800
1600
21100
-104300
-17800
-52100
64200
-34200
-17900
-27100
-3400
-1800
-16700
-61000
50700
-108500
41800
-178000
214100
-210600
236900
-194600
147000
-210300
120900
-181200
70400
-68900
107100
-245500
209800
-285700
194300
-126600
65100
-37100
-111000
97300
-162400
37100
37500
59500
-146800
-100
-80300
154500
-259700
176200
-171200
191600
-237800
330000
-211900
206800
-309800
74100
-226000
17600
-50700
144500
-217500
181600
-120100
176500
-270900
188300
-54700
-75300
-71900
181100
-204100
46500
143900
-160300
47700
-155100
65600
-173400
121000
-118700
90000
-65300
278600
-215800
-113500
-130700
4300
16400
-126200
-21700
50500
117200
-61900
59000
9500
-158300
128700
-203000
138200
-46800
-6600
-120200
43900
-1900
29200
-44400
-176700
180900
-34000
152400
-314100
116100
-15200
-15800
-264600
193400
-191300
111800
-93800
-63100
55000
66400
-140800
110400
-141100
67900
-182200
190200
-144700
-65000
147000
-101500
160800
-185600
-1200
-92400
181300
-332600
203800
-45100
328500
-567400
143700
-45000
71200
-166900
70600
-133400
7100
41300
-63900
-105200
168900
-111400
69500
-172500
57200
-72700
154500
-199500
18000
-27200
112100
-78900
-50100
214500
-374100
208100
-64600
88600
-295600
127700
77500
-172400
-26100
-73300
112900
-84700
-144800
88000
58100
-51800
28000
-31600
-99200
9600
46200
-168200
99600
-37300
26900
41400
12900
-85400
-12600
-207500
343700
-383500
120100
-193600
393100
-408200
304500
-137000
-191800
-3900
75700
-117500
54300
-124900
-52300
3400
189500
-8800
-167900
73800
-111600
-48400
28000
44200
-2800
-130700
138900
-65000
-160500
251900
-346300
142400
-18100
151000
-355500
88400
-7400
-63200
-30900
79600
-128900
103900
-165900
167800
-92600
-3500
148900
-116700
252100
-499300
483700
-466100
127900
-80200
110800
-250100
118900
23100
-3300
-117900
74000
-244200
331300
-343100
124300
-148100
237800
-231300
48300
-184400
191100
-223800
67500
-37600
70300
-104600
177800
-104800
-104500
-400
-14200
94600
-202100
393300
-466400
305600
-159200
61200
-181300
243000
-387400
189400
-238500
36100
-51900
37000
13900
-20500
-151200
172500
-45300
3800
-1300
-165400
32400
34300
35500
-85500
-46200
66300
-161300
68100
85600
-113600
174300
-377600
347700
-264500
62400
-86800
-74700
24800
-137100
-34700
15300
3500
9300
153600
-253400
43100
72300
-41300
-33000
-10800
-8500
-10100
96400
-110300
-100900
126800
-22100
-239300
274200
-91000
-145000
229200
-105700
-63300
-147700
57400
-119400
72600
-205700
127000
-147600
127500
-10100
-39700
-24300
-41500
-3800
-93400
228500
-226100
34200
35800
-71800
5100
77400
-153300
87900
-128300
211400
-477900
402000
-287800
566300
-572500
10200
-100500
145700
-126600
36400
-175800
101100
-110900
36200
70400
-13800
-67600
-43900
75300
-157700
115300
-44300
97300
-179800
114800
-94000
-37000
-179200
314100
-343900
434800
-473600
223400
-127100
231900
-276000
-143500
22700
-103700
-200
32300
24400
-41200
100300
52700
-177300
38700
-28800
15800
-123400
-22500
100500
-183100
85500
-66800
31400
-72900
249200
-372100
234500
-89900
107600
-356200
299500
-199900
-197000
62300
-12900
-17800
127200
-185700
124000
-169500
107200
12600
31100
-115500
55500
21800
-193800
98800
-59200
160400
-184000
103100
-173300
74100
-64400
74700
-170300
65000
-186200
141200
-143300
221100
-302000
9500
-106300
203300
-203600
67200
-83900
-5100
114400
-59200
8900
-81300
88800
-66800
-68200
46000
-119400
-124600
435900
-308200
65400
-241100
232100
-248000
459200
-541300
180300
-55700
-55500
-83600
91500
-193300
89900
-99800
43900
55700
-150500
70300
52300
-45100
-117400
212200
-257900
67800
87200
-84500
58700
-78300
-125500
316300
-279000
91100
-156300
140000
-232700
150700
-227000
-30100
177100
-108200
-42000
-82500
45200
-56400
-53500
127100
-101400
30800
-48000
-16800
-118000
160000
-223900
127800
292800
-407800
52100
-158700
228300
-28800
141900
-459000
194900
-176500
83100
-28000
-109100
-41800
11000
15500
31300
-45100
39400
-71000
-96900
-19200
23100
107300
66500
-37000
-310100
205100
-182400
184500
-112600
144500
-292000
126600
-49200
196600
-339200
217800
-331000
122200
-1000
-177600
3200
94500
-35900
47100
-147300
52400
-5500
69200
-110600
40200
-1500
-132600
122900
-58100
-55400
-166700
343400
-350400
264900
-261400
62500
-79600
167000
-80800
-44700
-197200
132200
-195400
73700
-10700
74600
-213000
108900
17600
-86200
-30900
47200
-13000
-62400
-52700
-23800
47000
62400
-4800
-224100
150500
-101700
104200
-187700
73000
-67800
126600
-180100
188900
-285600
116800
-185100
-37900
92800
400
-112200
148300
-163100
112800
-197800
-7900
64700
-108000
29400
-13300
198600
-261700
101200
-155300
245700
-138100
-89600
-24400
146600
-296800
359600
-386300
552400
-484900
170400
-337000
81900
-61800
89900
-176600
115200
-92200
128400
-31400
-87500
-106100
73400
27400
-209600
182000
-136900
18600
-35400
137600
-115200
86500
-264000
242900
-141600
52100
-255500
174700
-68200
10800
-217500
255400
-223900
-18300
101600
-139500
34600
-69600
74400
100300
-226400
29500
94600
-171400
167200
-201300
-31000
-17000
131400
51600
-259400
120000
221300
-320500
51000
-44300
41600
-261900
267900
-188500
-146500
-1200
147300
-155400
13700
9200
-61100
-45300
184800
-62300
-67100
8300
-54700
-18400
28300
71100
-248100
209600
-128400
93900
-253500
178200
3400
142800
-420100
266100
-268000
113900
32500
25300
-106500
-225900
-14600
27800
58800
164900
-314700
172500
-19600
-61700
47100
-136100
-53300
113300
39200
-102000
-7000
-115300
171400
-46900
-95100
-125700
232600
-337800
239600
-303600
99900
101900
-64700
-108600
33200
-123800
120000
-179000
178100
-158400
96300
-62600
131800
-233400
-113700
71700
56700
139300
-155400
-50200
-132100
258100
-184500
250400
-302200
178600
-273800
-32700
-115700
224800
-224100
176800
11300
-119600
-7900
-156300
108500
7000
-141100
84100
-128700
104000
-7300
117400
-175200
-133900
71900
57700
-184500
57600
43600
-170400
170400
-138300
62500
-78000
2748300
-2875000
200400
-236800
200100
-269700
96100
-41900
41600
-165500
155200
-184000
51700
-60000
104300
66900
5800
-79900
-133900
252100
-376100
173500
-28700
3100
-124200
162200
-211200
221000
-309700
232100
-102200
-68900
48100
-215500
349400
-440000
132300
103200
-265300
92700
-10300
-178000
67400
80500
7800
-127200
148900
-149500
132700
-321400
342700
-116200
-30500
-117800
83000
-241400
476100
-466800
-44300
56300
41100
-183900
129600
-40100
-121800
34700
-15200
-7700
-27000
-48200
124100
-198300
40200
81700
-126300
36200
126100
-39300
-26800
-64300
-145800
107500
-169900
244900
-349100
246200
-40900
-40000
-240400
269600
-257500
-42900
-14600
-14900
-21900
54400
128800
-6100
-302500
174700
-35100
-81900
178200
-237900
129400
-131000
11800
41100
-3000
-139800
194500
-227600
152400
-294400
186900
-243900
183400
-93100
-13500
-90500
181000
-309400
26100
35100
-81600
118700
-69700
41000
-143100
121900
-65300
66800
-25300
-106500
-15300
14600
60400
52600
-199600
115200
-140100
82100
-66400
195500
-389100
-600
63600
60200
-177300
134100
-209500
70900
-126900
46500
-69300
152100
-151300
175300
-312900
-20800
51600
-74800
-38400
134100
-84900
-121400
455100
-392200
251300
-420100
307600
-261100
468000
-505400
275400
-302900
166900
-183400
87500
-160400
55100
-25800
-168000
48600
109700
-187500
109500
36200
-16700
-130100
-37600
160800
-209200
228100
-267500
165400
48400
-1500
-139200
120200
-333100
131400
-54300
-152900
-7600
531300
-414200
41300
-239500
30900
1900
-157200
35200
131300
-54500
27300
-26000
97000
-233200
31500
55300
-96700
70500
-130500
84300
-32100
212100
-251800
260500
-499600
340300
-345500
69300
-20400
138700
-237800
137100
-145600
-27300
-54300
26800
-77700
142900
-129800
57600
-51900
60200
24800
-194400
-10700
91900
4900
-6300
-64900
26100
212700
-206000
145600
-366600
217100
-237800
131300
-222100
187800
-209000
103500
-67400
146100
-260900
177600
-207500
116100
-181400
154000
-40200
-72900
119300
-143700
64600
-139100
313300
-433600
267200
-213300
-12900
93500
196900
-189500
-101900
-148000
44200
-104500
80900
-28800
-80500
27000
91900
-84000
-49600
28900
-92700
11100
-24100
-2600
-14500
67000
-59900
214800
-373200
164000
-171500
271200
-319700
134500
-178100
219300
-113100
49600
-180500
-104300
-45700
191000
-203700
198200
-251700
134500
-96800
179800
-267300
143500
-161000
90300
-36100
-172300
107500
-18100
106300
-26400
204900
-498900
231200
-159800
46300
-14700
275600
-467200
216900
-177900
-95600
-19900
68200
-109900
700
-70300
52300
-81500
194900
-167300
-6200
-55200
71600
-20600
-35600
93000
-129300
-18600
167200
-38700
-142100
193000
-193300
5300
-165000
115700
-51400
155100
-166000
155400
-365200
35700
20000
-48900
57800
-163100
77500
-123600
155400
-86900
-63000
97000
-166600
83000
-40300
-107400
44200
7700
-40300
68700
20100
-222500
335100
-420300
350800
-359000
149000
-192500
96200
-41800
60000
-33100
-213300
194800
-73500
-127000
104100
-15200
30200
-156600
76400
-5800
-135600
49200
49100
-172100
61200
-2400
68500
30500
-214500
189200
-272000
329000
-391300
213300
-132400
97800
-187300
253700
-374200
116200
120200
-274300
89300
-102200
110900
-220200
99300
31200
3200
-121100
4600
76400
-133500
-128800
257200
-186400
148800
-198700
28100
63200
134400
-370400
200600
-218800
164500
-206500
383200
-378100
108100
-195300
146300
-155600
1000
-65800
185600
-159200
25000
-70300
95000
-107200
14500
35900
-135900
68200
-44900
134800
-159400
138900
-167600
220800
-407600
235600
-229400
72000
-133100
6400
147700
-223500
78800
-101300
114100
12400
-235600
252600
-180000
58000
-9200
-45200
-53000
3200
66900
-250200
154700
-161700
238500
-217400
151600
-229800
115300
-177100
129100
-104800
306900
-456800
272500
-206200
171700
-198200
17100
68000
-149300
77600
-128000
76000
-51500
-23400
44100
-62100
-121000
-34000
40200
-54900
-59500
455000
-424400
166200
-212500
261700
-263900
114200
-287700
440000
-423900
84700
-154200
156400
7300
-131700
48300
-96700
-92800
108600
-141400
252100
-193900
-101600
194600
21300
-9300
-272700
140700
-171500
65300
-90800
145000
-214400
539300
-384500
-63400
-181300
4500
-103500
313000
-326800
50000
-81700
149200
-108200
-78900
31100
88500
-60500
59900
-136400
65100
-119900
187000
38300
-147500
168800
-427700
277700
-132100
-1200
-82600
289700
-375000
197400
-215800
241300
-217600
-51100
-55900
-59100
111700
-155800
21700
-51100
-110000
7700
35300
-121200
246400
-183800
160200
-244600
250000
-139800
-33300
36900
-28800
-37300
-117800
-75600
508300
-444600
46500
-77400
326700
-477000
105300
-84800
69900
-59400
25700
-122200
155800
-193100
64400
-131700
105300
-71800
8300
44300
-151600
42300
17000
41600
-121400
27400
73000
-120300
-145800
459800
-343600
75600
-85200
168600
-444400
179600
-127800
104000
-180900
-27100
78300
-52000
79000
-76800
-123800
153700
-100500
55400
-83900
60500
-44600
-31300
-45400
41400
-51100
14300
-47700
-77400
45400
-75800
178400
-306400
341100
-313000
158100
-173100
-68500
-70400
107500
-149800
103500
-39400
50300
24500
-176100
-77700
89400
-72100
-109400
215500
-217800
162700
-124000
153800
-148700
31500
-98600
258900
-281700
-88000
24000
61000
-82800
107000
-317900
152100
-148100
81100
-109600
162100
-201600
52400
21600
29100
-85200
-44100
61000
-119400
40200
-111800
128000
-135000
343100
-331400
11300
122000
117700
-411100
226600
-113100
27200
-255200
326000
-124500
-111600
-169000
198700
-129000
-16100
-34300
113200
-295700
261600
-85600
-169200
95400
-14000
-8600
29500
138500
-247900
169300
-294600
288300
-122700
31400
-216900
134700
-93700
-62500
-166200
229600
-180900
52200
-26300
-74400
53400
-118300
4000
1100
15100
-100300
105100
2100
-26200
-125700
43500
-85800
235900
-289100
206800
-278100
282200
-262200
209600
-344600
186100
-188500
-15300
-9700
155600
-64300
-17300
-43700
-6500
-139200
110700
-121000
119000
-160300
125700
-112400
25600
99300
-262400
148500
-147400
19700
-126500
561400
-531000
244600
-303600
414100
-437600
226500
-340500
30900
63900
-131500
77000
-113500
167500
-175500
-84600
193100
-216300
77000
-55600
35700
17900
-63300
127500
-111700
41900
-200300
120800
-144500
11300
-64200
262900
-300200
243500
-112900
279600
-520200
241700
-129800
26100
-188700
56000
-54500
105600
-117900
127200
-196000
42600
-101000
120200
-115500
19300
-56600
66800
-51600
-197500
196100
-23500
5200
-116300
70000
-185300
230600
-198000
309800
-429300
7600
-79700
221100
-209500
20700
-88700
62000
2600
29800
-189400
173900
-171400
68700
27900
-18400
85400
-130400
986400
-1018200
43000
-164100
152000
-163900
-49400
-5200
417100
-540400
203800
-105200
45700
-246500
198000
-61800
-117300
64200
-135100
146600
68300
-44200
-94600
-21200
-96400
-2500
44300
44300
-81000
-157700
55600
91400
-171000
-127600
94600
231400
-325300
143000
-129400
189000
-156800
-49000
-95100
171700
-236100
107800
-81200
-40100
86000
-122100
168400
-149700
-11200
-35800
101100
-178000
100900
-154300
229600
-229500
203000
-274200
184500
-178500
168100
-312500
317900
-330500
355100
-443500
262100
-189800
-900
-150100
12700
31000
90000
-47000
-59300
-174000
106000
188400
-269800
73500
-162300
72500
128400
-157200
3800
-119600
175200
80400
-131800
172900
-268900
136600
-171500
39100
-92600
238900
-381900
233300
-272100
126500
-129500
65900
-122400
-32900
-36000
90500
99200
-197400
70700
30700
-158100
77800
-72300
50400
-192400
108400
85700
-26900
31700
-129200
260500
-428300
61600
-143100
108400
-22300
74700
-53000
-142300
-14100
-51700
39500
-134200
-8100
84900
30900
-36500
102100
-190100
8400
-136400
89600
56800
-114100
226600
-94700
-119200
233600
-454100
351200
-320000
36100
-99000
190500
-254600
225400
-166500
189700
-263200
-38000
218900
-322300
173100
-111800
100700
-111300
76000
-56600
-54200
-87200
187000
-140800
-33700
-39100
41700
-96500
171800
-42200
-33200
-146400
574300
-680200
223700
-275800
112300
-150800
256500
-169300
-65700
-118500
98600
-138200
10000
39400
52700
216500
-238300
88700
-202100
18700
-144400
395700
-342900
3300
-18300
225800
-183500
234200
-489000
581900
-592500
123400
-211700
310300
-293400
99700
-99600
143600
-161900
-97200
89400
-87300
3800
-74600
160700
-172600
135800
-81200
-57200
-85400
165300
-164200
166800
-274100
208800
-91100
271800
-460800
232400
-214200
-69100
-78500
165600
-81600
93300
-144000
63800
2500
-191300
99800
-71300
-33400
59100
-120400
106500
-91000
90200
173500
-424900
48200
-148700
236600
-175700
41600
-143700
556100
-539900
272200
-311200
178500
-141300
-89500
87800
-50700
-76900
9800
237700
-243000
-157800
149800
-132900
100700
-49700
104000
-127000
-162400
328800
-282800
59700
-69500
185300
-141700
113700
-221400
350500
-517100
347500
-221800
23100
-104900
-151000
71000
-94400
-45800
-29900
60200
42400
-47400
-1400
46600
-126900
62500
-71500
121500
-245000
78800
-9500
181300
-321200
241800
-123100
74200
-142700
333300
-560800
267700
-110600
29800
-116300
-69800
39000
-21100
-47200
-62800
43100
50400
93400
-4700
-103000
-159000
67600
-47100
-58500
74000
4200
-165600
256400
-95300
-141500
-900
138600
-162400
103000
-135200
44700
-88600
276300
-240300
-250900
54300
93300
-196200
110200
-102600
25800
-8800
68200
-24300
-126500
48300
-110600
198500
-236200
120400
-8100
-66300
-74800
191000
-136500
2800
-101700
55900
-49000
-166700
-70800
473200
-437200
50000
-78200
22600
-18800
-90500
71700
-76600
46800
-122500
241200
-157200
-73400
-58200
194100
-207100
122200
-151900
17600
-157200
307600
-183600
114800
-240000
445700
-520700
289200
-368800
232700
-166100
-57700
18800
-112400
-14900
78700
-111100
47200
-1500
-8900
62100
-17600
-20000
-83100
-62600
46500
-167100
10700
64100
37400
71800
-159700
306400
-491200
369300
-264200
231400
-145300
-65400
-141200
210200
-270200
165500
-196400
255900
-330000
1200
3900
-76000
148900
-143500
150200
-167800
138100
-192500
137200
-236500
234500
-213000
48100
-133600
221500
-149400
111500
-265100
398700
-258700
-115600
18900
-59100
-5500
-10400
80800
-119300
-147100
186900
-215400
192200
-224400
200100
-143400
160500
-46400
-90400
-95500
60000
30800
-95100
12300
-117300
297100
-206900
-10800
-68900
353400
-536900
167800
-249500
263300
-202100
-57300
129700
-53100
-143300
-56000
98100
-56900
31300
29500
-94700
19500
72900
-9400
128000
-179200
-258700
15200
157700
-201900
213500
-271100
280800
-217100
-45300
-105400
229200
-129300
1700
48900
-225500
9200
189200
-103500
-165200
115900
-161300
115700
54200
-89900
51700
-148900
40500
27800
-87500
56400
-218400
116400
-136300
293200
-355500
85500
-35600
63000
-192800
65500
-80600
48800
-128300
96300
-166600
34700
143800
54100
-261100
19200
-43800
12200
89500
-88400
143500
-161800
75800
-82700
-35700
-125700
306600
-308300
100600
-214600
172200
-41800
117700
-132200
-86000
27100
62100
-154700
11400
17000
-96100
95100
150700
-205100
-193600
129200
-142800
187600
-284800
168800
-218700
128600
-25600
12800
-55900
129600
-252900
36000
-87100
458300
-434600
-33700
65300
89200
-246300
-68000
94600
-68800
154100
-228500
16200
15800
36900
-39000
-45900
32100
-84300
-16900
-9200
7200
156800
-175000
116000
-57200
15100
-151100
240700
-363400
-11500
-41300
117300
-172400
238000
-217800
177600
-272300
101000
-79800
-84600
89600
-102600
17600
138300
12300
-146500
32500
-173100
204800
-202000
52200
-88400
204400
-209800
187300
-339700
495700
-437200
86300
-91800
240700
-309100
-77400
223900
-190500
30100
-149800
167300
-152000
26800
-76800
2500
-20800
87200
-85100
12900
-97500
113700
-93200
-131100
76200
98600
-112200
139100
-104600
139000
-204700
161200
-287000
151100
-124200
-84400
-26100
281400
-372000
58700
63300
-174100
118500
-103800
31100
14300
-157500
55100
27200
-165400
15400
88300
-94000
-9400
27500
-136700
271500
-294300
294900
-351600
141700
-70600
-84100
11400
-3900
-58900
-46600
147400
2500
-181400
68600
-121200
1400
-30900
81200
-55700
-142500
309300
-236800
-101100
80700
-89800
55500
125300
-296200
113300
-58600
218700
-136000
-112500
-134300
504000
-627600
129700
-66000
700
-70900
201400
-161200
-3500
-120100
97400
-50000
-67200
-56600
157900
-107300
75900
-13000
-167500
45400
-99400
119400
-96700
110800
-240900
201400
4100
48000
-317900
61100
62700
64100
-299000
189600
-178100
31200
72400
-45600
-114400
-56600
124700
-38400
-17000
12900
-120700
-20900
295700
-158500
-31700
-148800
142900
-185700
55100
-64000
294300
-304700
159600
-166600
-151400
75300
-161400
102500
-102000
41700
-37300
21200
35300
40700
-199800
-93200
71000
141000
-168900
234900
-191200
40500
-68500
73000
-197300
-37400
-62700
173700
-68800
83400
-211300
51800
-11000
124500
-349300
118300
-110000
-71200
-7300
129900
-177200
279100
-96800
64500
-318000
2100
149400
-170100
134900
-65100
-52100
49800
71900
-200800
159800
-68200
-60700
-34300
113700
-332900
296700
-259400
53700
25700
-103200
64000
-83300
-141800
122300
-145400
4500
-74000
159600
32000
-47200
-72500
17300
18800
6300
-98100
212400
-227400
-82700
175500
-259400
338200
-450900
610300
-619600
112900
-91000
309200
-333100
32100
-93400
92500
-184800
109200
-155700
74400
-100700
133500
-21300
142200
-283900
52800
-153000
-9800
229700
-189700
-31300
-73300
316900
-268700
85300
-258200
275000
-207100
55000
-180500
297000
-331200
302000
-261800
71000
-140400
-4900
-97000
170600
-169900
142400
-71600
110800
-132400
18500
22400
-195700
-27700
39400
116000
-164600
58200
51800
28100
-133100
167400
-370300
294400
-328600
246300
-271600
198000
-208200
227200
-279200
136400
-164900
139900
-153300
13600
-104000
151600
-102600
48700
-1400
-112700
317700
-454300
174100
-232500
236100
-231400
251000
-200300
402900
-351400
59900
-267600
282800
-343800
235700
-258300
230600
-219100
87900
-138900
93700
-95700
78700
-191100
64300
-23800
112100
-54400
-254800
197900
-120800
162700
-140100
132400
-96700
-74900
72300
114300
-417000
313600
-211600
119200
-316600
214900
-219500
85700
-42700
79500
-91900
-56900
13800
-60400
-54400
101000
-92800
70500
-62000
103700
-204800
93700
-57600
-133200
123200
12900
176300
-445000
433900
-341100
224300
-371200
360600
-371000
118700
-154000
160300
-176400
176800
-183700
94600
-122900
-11200
-94400
55400
48100
-19700
-114600
5300
8400
-98900
45200
-76100
218400
-243900
237000
-53300
227100
-354900
15800
-185100
301400
-257000
66000
-139900
-59700
-72900
-19100
194100
-144200
-12600
-70000
5500
43200
-49300
-6400
37600
-249300
273500
-175800
65400
-220500
80500
7700
31300
-128900
225600
-315300
368000
-322700
179600
-327300
235200
-109300
-155400
3500
171300
-222800
215600
-89600
-36200
45400
-238700
149100
-190900
181300
-30300
-200900
159200
-10000
-68400
4400
-104900
134700
-100100
52900
-238800
255500
-107700
176700
-377800
94700
-114700
114500
-84000
23900
-88100
-116000
228600
-140200
-63300
-133400
106600
-72300
82800
-132200
23400
-67400
240700
-179000
-10900
-187300
140400
-106100
154000
-255600
289900
-326800
204200
-144300
197700
-366200
187300
-112000
99800
-178100
60000
44400
-130000
97000
-98900
32500
-92000
7500
107400
-163400
93900
-25800
-37400
33100
-191200
147600
-215700
151400
-89600
147700
-239100
73500
131200
-130400
-138900
-74100
119100
-204400
119800
-35500
-69600
100400
1700
-44000
55700
-254900
69400
-65100
256700
-189300
-58700
-25200
229500
-116400
-61800
-89800
58500
-149300
21700
-47400
26700
-143600
194500
-211300
-3100
53800
-125500
151900
-190800
49000
-6600
98400
-128500
43500
-24700
-191000
122400
-26800
-44100
-113700
-70800
287600
-172500
131900
494000
-423700
-279400
62200
-312800
241700
-195100
-80400
59800
140900
-66500
20100
-249200
87500
-5900
-11100
-90200
126200
-26400
-133500
77900
-152300
67300
-68900
30100
-26700
208700
-208600
92000
-48300
165100
-454400
300400
-333200
207700
-248200
166800
-181600
199600
-98900
-84400
-154600
146200
-108100
107200
-38500
-127900
65500
-56800
140900
-167200
40200
-151900
45100
-27100
52100
-149900
182200
-147800
311800
-465000
327800
-311500
294000
-350000
194400
-233700
61800
-27700
54900
-67200
-81200
38600
-98600
79700
-8600
152800
-268100
112400
-6800
-221200
175500
-43000
18600
-76400
-12300
283600
-499600
462800
-321300
422900
-529600
122500
-138300
96800
-182600
22500
-25300
78300
-67600
-23600
43400
-88400
30700
-45800
44600
29000
-88600
-11700
22800
-108000
176500
-277800
104800
-174900
194900
-197400
328400
-327200
158800
-272800
285200
-325400
87900
-26800
91100
-235600
21000
35100
46500
-159500
-19800
52800
-42000
2100
64500
-105200
65200
-79200
103800
-210600
-66800
306100
-319100
271900
-349700
598700
-659600
415100
-232300
51900
-297200
60400
-100100
31000
44200
-105700
-18500
34700
-30500
-49700
-76300
41000
12800
-45200
-27400
-53000
34900
49200
-16500
-139700
261900
-278700
267700
-280500
469100
-502300
186900
14300
103600
-477200
44300
162100
-271300
114500
-96200
75500
-66700
92100
-40400
-130600
-66600
259800
-123800
-69200
-20900
-139000
218100
-70000
60400
-209600
-113500
238900
-112000
32000
-110600
266700
-424500
279200
77400
-343900
146000
-120200
31600
-147900
38900
-72000
-4200
194400
-89800
-167000
82600
34200
-173300
112900
-48400
-108500
9100
-10700
172000
-238500
85100
-120300
333000
-455700
224600
-236100
229400
-212600
156000
-269700
137900
-186100
97400
-140000
-4900
79400
-60800
63200
-77100
-14500
-9700
-5900
-102400
100
-52300
106200
-111600
50500
-45200
58700
-87600
86100
-153200
209600
-186800
-59200
-10400
87200
-179300
-84600
13600
-10700
102500
-146300
7700
-92900
157500
-73400
9100
-67900
-6300
-12800
-11000
-121000
164200
-117500
97200
-126300
138700
-276700
402700
-426700
232800
-280200
262800
-285000
130700
-85600
-16400
-82600
83700
-218500
172700
-24100
-118200
126400
-175400
122400
-12900
20500
-150400
75000
-6200
-68800
-2000
-93100
-14700
69200
56200
72800
-395100
280600
-278600
107000
-32300
42200
-204300
168300
-82100
28300
-101100
-131800
195500
-191900
146600
-204900
49200
85600
12100
-118400
110000
-116500
170000
-157600
-174500
-52000
313100
-193400
247600
-355700
110600
-12300
-187700
-21400
-7700
-20300
-52700
89100
-47500
-31800
-61000
-57500
-12000
91200
-147700
175900
-97700
50000
-63900
-22800
-73600
249800
-210500
36800
-145700
244100
-169700
351500
-522200
184000
-264200
190600
-292200
302600
-337600
204000
-175700
158300
-80000
-107700
-69200
54300
-91000
140700
-105500
80000
-126400
177400
-222400
46000
97800
-173000
195000
-336200
345400
-369400
245600
-84500
321500
-472000
-16900
-97300
111000
-53300
-29600
-143900
64300
-21900
127600
-207000
10700
33600
-90400
158800
-218800
251100
-198300
94200
-193300
110800
-150400
37300
-141700
218200
-209900
319700
-416200
280700
-112500
-41700
-79500
-57400
70900
-118100
-90900
106100
-71400
186300
-197200
56100
-160200
168100
-145700
33200
90300
-65700
39400
-161300
230500
-253900
168000
-242600
185800
-124000
257400
-400000
94200
-71300
248000
-459900
163400
-191400
164300
-206700
41200
102900
-21700
96000
-253900
-36300
-32000
82000
-83500
139100
-134600
-27500
-14600
349700
-372300
130800
-293700
185000
-162600
250400
-317600
176000
-214500
304700
-286800
97600
-197500
69300
-141000
47800
37000
-71300
55300
-19600
-60400
-12500
47900
16500
-174800
20900
-7600
-63700
-37200
21300
269500
-324100
205000
-269300
371500
-439300
262300
-316700
89800
128600
-123500
78200
-154400
151400
-208600
15600
6300
9200
-24000
34300
-115500
83500
-184600
151900
-187200
46200
-49500
85400
-120900
194800
-140000
54500
-226900
383400
-487000
163600
-160200
15500
-73500
137700
-56000
-151700
-33400
115800
-117400
172700
-214000
149500
-71400
6100
6800
-4100
30500
-81300
13800
-63300
-74400
-47200
194300
-45300
134000
-365200
131200
-114100
-58100
-148300
189900
-15200
-117500
-76600
99500
-187000
-6400
41800
-5500
40600
-19400
-167500
65700
44700
-47100
118700
-115300
9100
49700
-197800
33000
34800
-53900
-72800
-5600
376900
-465100
155600
-231400
171000
-277700
94200
-3200
49900
-80000
77900
-178100
-10300
-8100
50900
-109800
32700
-15100
63100
106300
-302500
113500
-86700
-6700
-92000
326800
-311900
275500
-275600
375100
-484400
253700
-277800
107600
-99400
-26000
22600
-152700
78600
105500
-246000
82700
-100600
59600
43800
-72100
40300
-116000
199700
-230000
70500
-53500
-60300
-103700
158200
-273300
250000
-196700
411200
-400100
200000
-292800
96200
-144500
159500
-161800
106000
-226100
276500
-143300
24400
-81200
55600
-177900
139000
-198600
177500
-87300
37000
12300
-167600
82000
-213400
226800
-249000
295900
-366100
261100
-123300
60300
-269800
160700
-141500
42800
-78900
42400
-58000
-73200
139400
-35600
-20900
9400
-117700
178400
-125800
-165100
269700
-321900
269400
-115700
-2300
-30900
-6600
-56000
220600
-353700
28000
-151700
363900
-223400
-117300
-61500
103900
-196100
19900
24000
134100
-150400
62600
-60400
-55800
12400
112400
-98500
-80900
42500
-111700
-127500
106300
111700
-247300
51800
-114700
492000
-510500
205700
-213200
422200
-377300
113300
-128200
57000
-273900
184200
-155700
7500
-35600
15300
6600
28700
-105500
-7700
4600
-25300
-28500
-78400
130700
-96000
119600
-69500
37200
-282100
233700
-217000
254600
-343100
51600
64100
130100
-215600
66500
-41600
-154100
54700
-74200
56200
-74400
-100700
325700
-265100
26400
-21500
-24200
13700
-75300
42100
77100
-88900
-88800
210000
-289700
232300
-354400
135900
-40100
153600
-345700
78800
-4100
123600
-240800
73800
9300
36400
-106900
-41400
102800
-142500
109100
86300
-220100
-122200
150300
15200
49200
-298900
121700
7600
15600
-57000
164800
-366600
232300
-239500
487800
839800
-1269200
-88700
150700
26800
-294900
-35100
164700
-145700
95600
-169400
142800
-123600
153600
-52600
-185200
39800
-56400
131600
-167900
-39000
16700
126100
-114900
228200
-328500
68500
-69000
28600
-83100
-28900
27300
5700
-119000
142200
-110500
-67900
-18900
-26600
-27000
46400
181700
-353200
239300
-140200
-52700
-43600
-32000
2800
75100
-111800
93700
-254200
415700
-351500
138600
-159100
-33800
70100
-171000
89400
-140800
21200
138700
-166200
5700
-164700
50600
202400
-195500
49400
-40400
143700
-229400
224300
-268600
211800
-156000
133400
-277400
117800
-187700
432200
-332300
434400
-601200
167500
-248900
254400
-229100
127500
-158600
61700
-80700
100500
-94200
42800
-156800
29400
33500
-69100
134800
-189700
198700
-205900
148000
-272900
39700
141400
57500
-305200
253700
-255300
404100
-364200
196600
-374200
150500
-127300
-40900
91900
-154700
-23900
174300
-143500
-9700
-17600
57200
-68800
54200
-134100
70900
-18600
82100
186400
-351600
-130800
72000
152100
-247300
284100
-295000
478400
-450300
282200
-544100
22500
40500
-91300
70900
31000
-198800
143400
-15800
31200
-124300
81600
-127300
122300
-59600
-140500
189000
-255500
266100
-177700
78800
-135900
200200
-239600
82500
-205600
110600
-84400
50800
-6000
-24600
-220300
126300
-184500
69800
-80100
-38300
140400
-48600
57000
-54300
50500
-111600
118100
-171700
149700
-270600
139700
56200
-123500
-130400
121900
-237700
396400
-455600
387700
-391300
286900
-213600
74000
-205000
-88300
119500
-47700
-10100
-67700
25400
33100
-128900
73900
11700
-114200
119000
-110000
67000
-166600
371700
-386100
239300
-129000
60900
-219200
417600
-514000
194000
-173300
-2800
-92400
216400
-170700
-13200
-87100
141600
-150300
90000
-70400
114500
-135400
74400
-68200
-53100
105300
-39600
-158500
-16500
33900
74800
120100
-250200
54900
-214100
299200
-328100
198800
-291500
282600
-279900
104500
23400
-60300
-138400
-50400
-28300
56800
-23400
84200
-89500
87800
-43900
42400
-71000
-8300
-22900
900
-43900
-11500
109400
-201800
153500
-112600
84700
-304100
127600
-147000
-33400
-52600
81100
-108200
194500
-118300
-40400
46200
-164700
163400
-210900
-16900
75800
-79200
70800
-38900
-28800
60000
-219800
267300
-244300
-67300
-40900
349000
-291600
200300
-308000
286400
-289500
33400
-153700
317000
-289400
139900
-93200
128600
-217200
4300
-63600
22300
-62200
-40400
-39600
27200
232000
-183700
11100
-107300
-74900
-21400
414200
-374900
170900
-299900
335400
-160800
68800
-236800
-33400
38700
88700
-249200
108000
-122100
202500
-181700
-58600
-45800
5700
-87300
56900
76400
-133400
197400
-152000
194100
-371100
232700
-212100
165300
-148700
117000
-85900
244600
-351300
309300
-394800
-8200
-130800
94900
-70400
151600
-201100
166700
-72200
103500
-297000
164100
-208800
100800
7600
-26700
2100
1900
193500
-271600
180800
1117500
-1387000
133900
-133900
27500
487600
-656200
397200
-393000
-73900
50900
-97000
117200
7800
-215000
157500
-147900
107500
-105700
113500
-249600
154400
-130400
-3100
116800
-151100
12300
63900
-25700
-156800
79000
-100700
92300
-189000
233000
-208900
125300
-160500
353600
-441300
254000
-319500
296400
-345900
128100
-71500
-42300
135200
28300
-295400
89500
68500
-82100
-7100
-69200
121800
-126000
80100
-163500
174200
-238500
142100
-194700
355800
-290500
114500
-180200
198400
-113200
-164100
-91500
20700
-72400
184700
-202100
150700
-62200
-6400
7300
-91100
97900
-274600
198700
-7400
-80300
-181700
482000
-327500
21100
-193800
179400
-97300
109700
-199000
197900
-294600
212800
-233500
268400
-360900
163400
-238400
153800
-178500
157700
-138200
126100
-119700
77600
-92100
-54900
51100
-126100
177900
-71100
104600
-345400
461300
-331100
202000
-386500
333800
-315000
126600
-257900
236000
-250700
243600
-150900
-146200
108500
-9600
-149900
122900
-183500
94300
95700
-116100
79300
-123200
93200
-108100
-93600
115100
-70900
-133300
204400
-45900
-134800
-124400
307800
-173800
-1800
-134200
376600
-551300
112200
48000
78300
-280500
7700
-14700
-77400
181100
-100800
-123100
148200
55900
-103700
-168600
175500
-35900
-111100
118800
-229900
321200
-251200
213400
-117500
484000
-702200
267800
-325700
361000
-461300
97000
-48100
64900
-112300
-64300
17800
-73700
-11000
41300
80800
-133500
47700
72300
-66100
-112400
1300
-7200
160700
-318100
190200
-218300
199000
-75200
336400
-457900
84300
-165700
133100
-171600
97000
-119000
-83300
97600
-3000
-173000
263800
-277000
38300
-99300
56900
154900
-189800
86700
-39700
-23000
31900
-13500
-160800
31500
22100
71600
-73300
183200
-322600
126200
-178400
28000
83100
3300
-229900
71400
-41800
43000
-101800
93400
-59000
-76700
-91500
-17600
129000
-133400
162100
-102500
77800
-105600
168900
-289100
76800
-201000
210000
-216100
500300
-466000
224300
-329700
213500
-219900
36400
-91900
-41500
71200
-142600
197200
-61600
-81400
-50800
90700
-109300
-97000
139000
25900
-8000
-163600
92900
43100
-97500
26600
-115600
11700
17100
98000
-189100
147300
-96000
-198900
-84700
205100
-227600
233700
-302200
136800
-39900
22100
-800
-166700
108700
-132700
176300
-44200
-68200
-17800
49300
-45200
6600
-129300
69200
-62800
9300
-84800
120800
-50200
67100
-305600
419400
-486900
7000
60500
-16800
2700
-79200
27700
76000
-127400
144700
-185600
66000
-183000
41700
-31300
78200
-105900
-20000
266900
-231900
23200
-104200
57400
-208600
392800
-432800
260400
-188200
81900
-131500
61900
-23400
-165400
25700
-60700
15300
-89300
206500
-186600
53500
53600
-123300
3700
78500
-183100
31500
-31700
303200
-180400
-108800
-182200
235500
-182200
84900
-181100
130500
-217200
76000
-35700
344400
-450800
113300
-15500
-16500
15400
-123900
-91400
37900
124600
300
-81800
-40600
-86600
82600
-50600
-26300
23100
18000
-58000
-29100
-2100
-52400
79800
-157900
222200
-426300
88600
23000
53400
-63900
-138800
9000
98200
-171300
140000
-129100
72200
-65200
219300
-152000
15600
-110100
-63800
130200
-254800
13100
52000
19500
-105200
374000
-459000
385700
-432900
634100
-680400
155600
-125500
132300
-136500
12100
-93800
19900
-83600
-23300
122000
-198300
53200
-23200
122200
-145000
-83000
20900
37700
-22100
58300
-232700
284200
-304100
347300
-255900
32500
-149000
280300
-285900
83300
-75300
43900
-146200
37900
148800
-288500
120900
-83400
-2200
-77400
58000
11500
-137500
146300
-30100
-255400
151000
11700
40800
-247500
330500
-268000
29300
-109500
301800
-336200
335700
-389300
8200
-34800
87700
-196000
157700
-32000
-8900
-139600
83100
43500
-41700
-51700
-81900
8600
-32500
162000
-4500
-217300
-91600
266000
-199300
-85900
41700
261400
-458300
452000
-345100
148200
-270000
131400
-202500
158800
-227400
310500
-212600
55600
24900
-102300
13800
-153300
7200
-92100
88300
-50000
-34100
189500
-82100
-57000
-15200
-77900
35000
-207100
181800
-216400
284300
-163700
-108200
84800
42200
-301900
229600
-211900
177200
-54400
-146000
120900
-116600
-42600
119700
-197800
167800
-197400
163900
-111400
86400
4500
73100
-225500
-57000
245100
-315100
62600
-21900
346300
-390000
116000
-88300
188700
-434200
182900
-196900
-47500
16700
154400
-178400
144400
16600
-114500
-101300
108200
-64600
-77000
31500
-107800
87200
99600
-231500
-44400
214200
-126600
89700
-194400
71100
-70000
66000
-55500
-42100
-12300
-149700
-38000
18400
13600
10300
-50500
7600
-27300
50800
-156100
176200
-156000
-62600
142800
-61900
-76600
-72100
335500
-288000
-22800
-168600
368800
-306400
54100
-178000
238100
-307000
107900
-19500
78500
-226900
115800
30300
-214700
130500
67200
-212300
162000
-123500
100600
-196700
-8100
55200
-76100
29900
-116800
111100
-79800
128000
-196800
211100
-309000
152700
-167700
10800
-99800
115600
10100
-51700
-153400
135100
-53300
-9000
-27000
-25100
-95600
24800
45000
63900
-259600
36200
92300
-63300
-24100
-72400
42100
-67100
251300
-168400
106200
-265800
316800
-404000
480200
-390300
-22100
-7800
112900
-44500
-229900
110100
-132700
40700
-18800
-150100
201300
-231300
242500
-42700
-198600
40000
34400
-12100
-21900
315400
-372300
-26500
38900
206500
-399900
270400
-326600
394100
-399100
40500
-113100
31800
14200
45200
-207100
181000
-159100
147800
-139500
-30200
-76800
9900
169400
55400
-50400
-279800
144300
-134000
-59400
800
115800
-84400
164400
-175000
8100
-216100
205900
-276700
166300
-170200
69300
-118500
172600
-135600
42000
-138500
125800
-172500
48400
14100
1000
-49200
45900
-38200
-114300
54400
-160300
167200
-164400
105500
-144100
329500
-310900
101800
-122600
216800
-305400
121300
-192700
162800
-221700
157000
-122300
52000
15000
-215600
-29600
72800
-29200
-18000
80800
-80500
177600
-246300
26000
21000
-72300
-95700
263600
-268800
192600
-336900
604600
-496600
184200
-350100
205800
-205300
166700
-123400
-95900
-49000
128000
-96700
-10000
-80900
155100
-183000
178900
-213900
18500
-22600
83600
48400
-206800
427100
-309900
-31700
-191600
310400
-353700
215600
-226900
193800
-281400
10300
-60000
122800
-147000
159300
-139500
191100
-237900
76400
86300
-207400
81900
-136000
230100
-285900
247500
-197100
217800
-180900
16100
-22800
45900
-300200
282400
-262200
311000
-383900
468300
1129900
-1476300
-46500
35600
-35500
-176200
-53400
19600
-2700
5900
134800
-174200
97600
-126600
412500
-487900
106400
-124500
128800
-2700
-58900
-178400
326800
-333400
320300
-398600
493500
-484600
216800
-154600
44400
-192300
-79600
5500
119900
-74600
22000
-171300
42400
116600
-63100
-103500
-56800
-72000
163300
-64400
-138700
98400
2900
60600
-94100
202000
-342200
232200
-191400
457800
-500900
140000
-167300
-20300
-52400
-75400
-16200
-7600
-83900
31900
69600
26600
-65600
3400
-57400
-19200
7900
-31200
32700
-102200
64600
-90600
178600
-247300
263500
-231100
327000
-182100
-208100
-153500
309400
-300800
-29800
137800
-120000
15400
-124000
83300
-90200
16300
-45600
43200
-91200
158100
-106400
-15200
-52600
-19500
-142200
107800
10200
107000
-194200
250700
-214200
123300
-295800
542000
-616600
299500
-257900
97200
-200700
148800
-63500
-15700
-139000
53500
-86500
-47200
113400
-140800
127400
3900
-6900
-166300
198500
-262600
49300
-72600
157300
-184900
114800
-57500
313700
-469100
606000
-651900
240800
-103200
-88500
-160600
226800
-69900
52600
-241500
104800
-24300
-182500
154900
-212400
7900
104500
149300
-254300
84100
-109600
98800
-247600
211400
-149900
168000
-257000
357800
-284400
406700
-588900
368700
-319100
-55300
32400
-50600
-59500
150700
-134300
92600
-158200
111200
-174600
76300
-11200
-11400
22600
-6400
57600
-253100
101000
-59200
235900
-117200
-101800
-14600
-106100
47000
346000
-515200
266500
-306500
119900
-102400
-45300
66400
115200
-226600
24900
-82100
-47800
32800
17700
-186400
151900
-42200
-98600
183500
-152300
-13700
-47400
25400
-1400
-63400
33100
100700
-256000
596000
-585300
180200
-261100
154400
-231400
180300
-194200
88500
-137400
106100
-63500
-5700
-111500
26200
129800
-165400
48000
32600
-15800
81400
33900
-310800
79000
-62200
93600
-220500
244400
-263700
158100
-95300
157000
-314600
204300
-260000
49300
-60600
68000
-26000
-5500
-51600
24300
-124000
65300
-39900
-22900
0
-112300
101700
-74400
170600
-141800
47600
-198200
200500
-241900
518500
-637400
448900
-286100
466100
-587800
124300
-173100
-70500
-41700
141700
-163300
107300
-152200
193600
-151400
-107200
140100
-138800
25700
-49800
74100
-112400
154600
4300
6000
-196000
97700
-166300
222000
-344100
185700
-176700
4900
29300
149700
-258700
70900
-128300
120300
-29300
-72800
15800
-36400
-58400
145000
-231900
143900
-36800
14000
-78300
-80800
-94700
42800
225300
-42000
-96600
-232700
404600
-398300
194900
-283200
328100
-329000
209700
-90900
-12300
-172700
40000
-128000
167400
-161300
135800
-105300
28600
3000
-178100
210000
-205200
190200
-184500
119800
-77300
106700
-141600
134600
-269000
156500
-226100
227600
-348100
350000
-295300
25600
-28000
247700
-406500
58400
100800
-128700
-107600
108000
42100
16400
7500
-113100
-26100
-129700
254000
-274000
156100
-128200
111600
-83300
-35900
33900
152000
-370700
205800
-269500
68100
-84000
150300
-212300
246200
-214400
114500
-183800
128700
-105000
-19000
-96900
77100
-15700
38700
-50400
-63000
-106300
10100
154000
-129800
16200
-160000
297400
-165100
175100
-378900
165600
-202900
314400
-304200
46600
-100300
7000
-15500
42800
-186500
73800
34500
-113700
70900
-124600
75900
-116000
161400
-74100
-74800
14300
81100
-104100
26400
-91700
103000
-148400
350200
-305800
34900
-229500
84300
-132000
128100
-145500
-39500
-37400
255500
-170000
75800
-164200
52700
-123100
8400
7800
-55400
30600
122000
-100600
-69700
144900
-276100
286900
-249300
107800
-122100
165900
-210600
293400
-310400
-72100
56700
-163500
-67700
136600
26600
-136100
81000
30500
-163700
80900
-21700
-160600
1800
-22200
43800
55100
-40800
9300
23400
-174600
136400
-74200
58500
-108000
93700
-129900
107900
-256200
426100
-479500
34100
12600
63200
-153100
-88900
91200
32500
-138000
129700
-167500
48400
-32500
-29900
31900
-77300
7700
166700
-90200
-79600
61500
2600
-13600
-240500
346900
-398600
292800
-59100
-1500
-238800
62300
-188200
201100
-201100
-25000
-7800
-57100
129600
26300
-136100
-19400
12500
71900
-186400
-5300
121700
-130300
226700
-243800
74200
-195200
140600
-235300
201000
-198800
316900
-378500
444100
-365000
-80700
42900
-143900
125100
-158300
138400
-13700
-139800
149500
-13900
-159700
92500
-79800
-24300
24700
-63000
16800
-92900
153700
51900
-244500
-94200
138800
27300
-211800
338600
-424000
523600
-486600
279600
-342800
86700
-35700
2000
-156900
53000
-79500
65600
-19900
-5000
-141900
8900
91900
-146200
156300
-202100
85500
33100
301800
-366800
11000
-63200
77500
-90200
286600
-486200
89300
-98900
129700
-131900
25300
-125500
60300
-110300
89600
-99200
66400
-121500
173300
-29200
-119400
50200
-86400
154000
-230700
251900
-180300
94900
-176000
257600
-358900
148900
-169800
259000
-345200
30900
-108600
149700
-51400
103200
-259800
63700
-102200
127100
-50000
43200
-126600
53100
102400
-30400
-171000
-13700
-55900
-40100
158400
-120900
-52300
-96700
403300
-390200
339800
-335800
80800
-147500
-54300
30800
17800
-142200
95000
-50200
24900
-36700
-136600
68300
106000
-137100
38500
-37700
73800
-210000
82100
-64800
-82200
237600
-284600
291700
-248500
196600
-77200
191000
-433400
242300
-210000
-61900
-51300
123800
-209300
194700
-61300
6300
-111900
-38900
-57300
-11600
-27100
57900
-63700
-12900
89800
-154800
7600
-41600
20100
-130100
283700
-272300
238200
-299100
630000
-594200
152300
-260900
282200
-401400
197200
-92300
119000
-234300
165900
4100
-198000
9900
90500
-205100
141900
900
-85300
-26800
66300
-15200
-161500
16900
-108500
133500
-150800
121800
-102300
315300
-311800
264000
-368000
29800
8600
7700
-138000
65600
-7500
-7300
-133100
54300
137200
-262600
100600
-57100
-48700
-93300
273000
-250700
251600
-217200
96100
-84600
-131700
59200
146300
-214300
109800
-149100
442800
-571900
-17700
75200
-83000
26500
-115300
123600
-116800
51900
-39000
18000
-109700
92200
-119100
62200
-120200
64000
55900
-144100
92400
118300
-251600
35000
-69800
138000
-76000
96000
-354100
194500
-26200
21400
-132600
-32600
-34600
-46000
-80100
51400
136400
-90000
10300
-27300
2000
-193600
107100
-205200
93800
-21300
-36500
67500
69300
-32500
-144800
-70000
185700
-275700
168400
-230800
297100
-263200
100400
-70000
-131700
-38200
17500
71800
-50800
-48200
-12300
-159100
148300
80500
-185900
1600
-30400
-30100
154500
-182100
67400
31100
41200
-4600
-130800
78700
-204700
57500
-31100
62500
-268500
134700
-86400
152900
-294200
156100
29400
-204300
119700
-114300
109100
-226200
92600
194000
-143800
-64000
-40200
-76000
-26600
258800
-260000
50900
-4300
11700
103900
-257700
231700
-249600
507100
-723400
226000
-125000
113300
-92000
-126100
-44300
106600
-155400
26100
60800
-55000
14000
118400
-77100
-16000
-67700
23000
-71900
-47600
188800
-294500
90800
4500
285300
-491600
166300
-216800
353900
-403400
240600
-103300
117800
-254500
239400
-240200
-54000
-100600
29300
-76100
70600
31600
-91400
89800
-6200
-101400
13700
13600
-70000
108100
-248600
239300
-194200
189900
-199000
98200
-227400
227300
-238900
2700
-79100
-47600
-11800
103900
-40400
-2300
-97100
-24700
0
-46500
56000
-178300
288000
-85200
112900
-223900
132600
-75900
27400
-207300
315200
-355100
218000
-34800
376200
-695600
197000
-33500
257700
-257900
11900
-46700
-56900
-119900
126400
-163400
11500
-5000
-68500
92300
-19100
-10100
-62200
174000
-96900
-57300
-154200
123200
-200200
84600
-148500
230100
-260700
369100
-275700
471200
-637700
177500
-276700
269000
-215300
-37600
119800
-43100
1500
-168000
-600
-63000
72100
66000
-115600
36600
-45000
-51000
4800
-94700
26600
-32800
121600
-212100
301600
-286500
194200
-226400
370400
-327700
195100
-361700
262000
-302400
182600
-210300
98700
-59300
122100
-282700
67900
-92000
104700
-79600
31100
11500
-104700
75800
572900
-648100
-22100
29000
201500
-211700
-196400
441600
-359800
107300
-97300
12200
-195400
154700
-116200
-28700
-44600
-22300
-24500
31100
53300
-173300
-31000
31500
-33200
35600
-100
-132100
101500
-64600
26200
-158200
283000
-331900
215700
-260300
208800
-115000
94500
-41900
196400
-386300
104600
-10100
-94900
-138500
134600
-88100
58600
-88300
143700
-210200
47400
-37600
-3900
-21800
-89200
105100
-257100
314900
-104400
-96600
-116900
233400
-264700
193500
-269100
85300
44400
-62700
96700
-208300
-48900
121100
-40000
-115400
-4100
119000
-195700
268300
-149600
-30500
-117900
124400
-250300
125400
-78700
18000
144100
-230100
263900
-292000
125700
-42500
256200
-492500
156900
-172700
206900
-154400
43400
-41700
-135000
77100
-9800
80700
-165300
117900
-41300
-37000
102800
-216500
84500
-19400
8700
-47500
-41300
7800
-245300
367600
-270400
102500
-240900
356200
-370800
128800
-171000
131400
-185300
201200
-168500
-50700
88800
-5400
-81900
-66900
-60800
6100
66700
107600
-128000
-25000
-117900
111900
-191200
14500
71300
28100
113100
-272000
260700
-235300
128400
-200400
197700
-261200
88300
-150700
57000
23400
-28600
-75900
-26200
-37800
-3600
9400
56300
-88900
-66300
37500
-70800
1702800
-1818700
210600
9300
12500
-277400
-22800
-47000
302100
-193100
-121600
56700
48300
-110400
45400
68300
-142200
-71900
136000
-181900
-56400
103600
-154600
217100
-245800
-800
67000
-78200
-44900
71900
-12300
-19200
-140500
235200
-247600
-54800
-29000
219300
-160700
157600
-309300
584700
-663200
211000
-94700
113400
-260200
113900
70500
-64900
-222000
75600
-90900
97700
19300
-75500
-26100
-91900
143500
81100
-325500
52000
79500
-88900
-128200
-16900
393200
-350300
420700
-425000
192400
-161700
-45700
9800
-86900
-100300
14300
-35800
91000
-29600
35900
-176600
130400
-96300
84100
-145600
95500
-43200
67500
-32700
-55100
-94200
-5700
83600
-88800
82900
-194200
314900
-326900
288300
-437300
156300
-183400
84900
-126800
151400
-228100
188900
-116500
26300
-123700
101700
-63000
-90100
68200
-16800
103300
-201200
222800
-189600
-82200
-102900
251700
-242800
136800
-205800
183500
-185800
287900
-310100
8400
-119900
88300
-150200
45100
-32000
18300
-88400
110500
35800
-136400
51400
-28800
-51300
-71400
12000
27800
-110400
47400
94700
-144400
176900
-301900
265900
-251500
141200
-111700
56800
66500
-178800
-171400
193600
-205200
29800
-79500
147000
-230800
58400
150300
25400
-147600
-14700
57500
-50100
-72200
-99200
220400
-233000
354900
-275800
2800
-70500
143900
-285500
240700
-323200
568300
-625100
349300
-122800
41500
-271900
-33100
134900
-198400
19700
-50300
61000
38600
15300
-113600
-6600
-46200
-39100
12100
48700
-190100
415500
-296500
-87700
-117400
501500
-468600
188800
-307200
417000
-387500
84400
68600
43700
-305800
103200
113700
-228600
68100
-87100
-52600
-10300
117200
-77800
-30900
-64000
89500
-161700
305300
-344700
249900
-289200
212600
-216300
268400
-327800
253800
-297400
424400
-512300
150500
-128000
203200
-211600
65300
90500
-267500
56500
-69100
-15300
44200
60700
-79200
48600
-149000
160100
-89300
-82600
22100
-82600
-54800
93400
32200
-14500
-286600
360700
-319900
-17200
-77500
155900
-165900
200600
-175600
107300
-164500
5100
21900
-43600
-23900
-114400
47100
-78200
177200
-139300
-89900
154000
-90300
-88800
86700
-146200
169700
-186300
234900
-246000
65400
-105000
-57400
-62400
37700
-46600
-27500
-54600
103800
74900
-155700
-4200
40800
-23800
-63500
-62300
27200
160400
-193500
22800
-109900
40900
-114800
107000
-203400
161200
-257000
317700
-102400
268200
-434800
160700
-203700
155300
-211800
181600
-235700
79200
50200
96300
-243700
66400
-29400
-94100
59200
-104700
168200
-314700
327900
-188300
77900
-211900
146100
3600
-6500
-135100
109100
-183400
248600
-288800
28300
-123800
58000
-90800
65900
-12700
-93000
-2700
52900
-91400
-21100
22300
-44600
117900
-170800
106400
-131800
223100
-262300
95900
-120700
179400
-277400
257700
-172600
24000
-110500
367700
-447900
278700
-364700
139100
-152900
166700
-200000
72800
-168900
149300
-30200
28400
-182700
113300
-25600
-89700
114100
-8400
-150400
77700
30500
-106700
-35700
-33600
-8900
-47000
195100
-253700
209900
-306700
412200
-395000
113700
-58900
-223600
169700
-118900
-46300
12300
-69700
115100
-84400
-53600
-20600
26300
-3700
-87200
107900
-164200
47100
42600
155300
-246100
-15100
-130500
227700
-259400
184700
-152800
-24800
145000
-30600
-246300
297100
-298200
76800
-107900
105200
-57500
-153000
242500
-92600
-145100
21700
31700
-64500
-700
-49900
88300
-206000
300000
-43100
-141700
-200200
258800
-285000
213400
-307500
197400
-186000
132600
1300
-77300
-27300
-139900
131500
-97100
36500
-61100
11300
21900
73600
-76000
-27800
-66000
33700
-172300
104100
18900
-150300
144000
22900
-90900
152500
-333900
222100
-253300
249600
-350700
191000
-119900
124600
-292200
137200
-104600
-93700
28100
24900
-15800
47800
52700
-44200
13100
-119700
-42000
76700
-22100
-81400
63700
-63500
38700
-166800
146600
-94900
54300
-282100
88000
-112800
136000
-124700
287000
-317100
112100
-190800
176700
-124500
66700
-220400
284000
-203200
56900
89200
-225400
93900
-99600
117900
-137300
38300
-171900
302900
-323800
250100
-198300
235900
-403100
83100
-77400
-78100
-100
-52700
59400
48000
-170500
99300
-78800
21600
41700
-98400
146500
-100800
-17100
-100
-1900
-800
-132300
100500
122700
-274900
121500
-104500
59900
48100
-68400
-211000
217600
-262200
62100
-111900
122100
-180800
113700
-104400
-33900
12800
-97000
192500
-190200
118300
-153700
149300
-224800
86100
46200
-53600
-7800
-64800
-52400
47000
-203700
208800
-194400
217900
-304900
253200
-293400
235800
-288800
159900
-172800
93300
-23400
-38800
-139400
21300
-14900
30900
-4600
-33500
34600
-104200
182000
-128800
22800
-149300
4200
-131200
305200
-318300
409900
-466800
207300
-23800
-44300
-193900
75200
21300
69700
-91900
-29700
-27800
52400
-154600
-30200
-19900
-6700
57200
54500
-95800
-15300
-42300
25600
-21300
-191000
304600
-251500
201700
-357700
404800
-403300
137100
-92700
233500
-400800
150900
-184800
79700
-76000
-13700
-45300
70800
-1000
38300
-195300
138300
-81800
-13700
56500
-66700
-3100
-71500
323100
-238500
-33700
-212700
214900
-220200
243500
-293700
169400
-204700
138300
-129500
-5100
-33300
-104200
-15300
57800
-11500
-71700
34500
30700
14700
-166900
81000
33300
33900
-41000
81000
-323800
258800
-68100
59800
-200900
207800
-200000
64900
-44500
-58600
24900
112900
-160200
88900
-159900
-122100
-38400
142400
-103100
38800
-153900
59600
2300
3700
-108200
19800
800
-104700
39300
103800
-226500
-26700
279500
-118100
-80700
-160700
182200
-176600
87100
-177500
122800
-124100
304300
-293000
9800
-178200
187400
-166400
147000
-69100
23300
-92300
46400
110700
-183700
-85300
36500
-10600
-59400
-12900
-69000
160400
-133800
170400
-345100
434600
-427400
227600
-201000
44900
-58000
-82100
166200
-22300
-260200
122900
70000
-137700
800
-74700
-63900
180300
-22400
-53500
-12100
-173800
163000
-182200
135100
-216200
177700
-40200
-55800
8400
45700
-108400
17800
-67300
65100
-170700
-7700
-100400
157500
-97700
-93400
9200
118500
-153100
-34700
78300
23600
-3400
-15400
-70200
-75400
-19700
-25800
14600
-112700
171800
-56800
-108600
106600
25800
-160000
83500
-168600
62500
-158800
157700
-238300
163800
-10700
-90100
81400
-36500
-76600
-105400
67800
-53800
-43500
-18800
78100
-123800
175500
-222100
-17500
-86300
175000
-134200
35300
-169400
390300
-293900
59700
-16500
-122300
800
111000
-302300
155600
-8100
-5000
-49000
-86100
104000
-120200
33600
-84600
54900
-53100
54000
3900
18900
-229700
182300
-163500
196000
-226000
148700
-271500
366100
-319300
414300
-426500
270200
-367100
32100
200500
-326900
51200
-61000
-4700
35400
-166200
101400
-111400
179200
-176100
16600
-4100
2400
116300
-8800
-105000
-138600
-41900
-87100
335600
-324000
363600
-413000
468900
-387800
-77600
34100
132100
-262900
53300
-144700
221800
-266000
250900
-38300
-208800
-3600
-16800
-7400
7200
-39600
-24500
168800
-134100
103800
-56700
30600
-198500
50900
-47700
46400
-140100
250700
-122500
-82700
-189900
233100
-286100
125400
-172600
115100
-82000
-65700
341000
-305300
-36600
-5700
-33400
-39800
80900
-145300
116500
-34700
95300
-220000
17900
-65700
305500
-338100
218000
-292100
557000
-621300
167900
3400
-18500
-232400
79100
-73000
53200
-119900
-400
-68300
143300
-52700
-28900
-58100
20500
2700
-36100
117400
-224600
207800
-131100
24900
-182700
353300
-382100
237500
-244900
508800
-585000
180200
-122400
67300
-261500
159200
-139600
-23600
65300
-7100
-127000
140500
-111600
90300
-71200
-79100
71300
-165400
12200
80000
20600
-28900
7400
-58000
-19500
-35600
128200
-245000
58500
-166800
-16200
48800
2300
82500
-126900
-110900
112100
-116700
65300
-164800
145900
-82600
60400
-11500
-104400
37600
18500
3600
-46100
-106400
34200
24400
61700
3500
-187200
68700
-186600
83100
-22100
-126200
21500
-99000
54900
412300
-421000
97500
-220200
14100
216800
-296200
83800
20600
75700
-178100
-10300
2000
-64200
18400
-30300
-44600
130700
-258100
210700
-151900
225500
-354900
243600
-259500
343100
-392700
158000
-218400
297800
-104300
-122400
-27900
-128700
105700
-51300
-48400
-17200
39400
45400
-13600
-191300
27500
45700
132000
-220900
183500
-338400
298200
-132200
324000
-493900
191100
-141000
152200
-333500
51200
86200
-49600
2200
26000
-184700
76300
-109000
12800
38600
-33700
52900
-165200
128400
-14600
-36900
-147200
241100
-303600
321000
-381200
210300
-236500
385500
-340000
130900
-264500
105900
-153900
211800
-214500
54800
-75000
75400
180300
-346300
-20300
-55000
150800
-100800
104800
-190200
194300
-9100
-33800
-104400
-136100
3700
234400
-276200
312300
-236400
179600
-259700
291400
-224200
-45000
-17300
-130100
37300
-108200
29000
16000
196300
-235800
1500
-175100
139800
-230400
176800
-98200
67800
62000
-67400
154800
-92700
-227400
32000
-51800
75700
-225700
393700
-382500
376400
-376200
33700
-102700
-21700
-75400
84800
-96100
71200
-82900
112300
-111700
-14400
-65600
177200
-198000
5800
-33700
-26900
18800
17600
78800
-203200
-44600
-30600
525000
-522400
185500
-249500
516300
-398000
-59400
-87900
11000
-135000
139200
-42300
-198000
120000
-6500
318700
-346000
100600
-159100
-2100
104300
-108600
-26500
105800
-138400
-31800
118800
-118300
-18400
180600
-247200
48900
-218000
141200
-149600
259700
-284500
57500
-159100
172200
-178700
69900
-8500
1700
-44600
7100
67100
-248200
112200
-90100
115900
-155000
185800
-118600
69900
-44500
60200
-287000
237200
-336700
308500
-223000
330400
-489100
104600
116700
-60600
-232300
113400
-159100
67900
-88000
77800
-120700
60900
-31900
167400
-174000
102500
-134100
84600
-85300
-26700
134900
-242900
219600
-223800
65700
12900
52100
-260800
205400
-258900
-58800
6100
143300
-94800
90000
-245900
159100
-59600
-26100
-36300
-74300
57200
56000
-37600
-159500
-78400
47100
205700
-294800
227000
-181300
164800
-152900
73600
-201400
228900
-311400
270600
-246500
-35000
-44300
64400
-36300
-56700
33900
-92700
85400
37800
-206100
180700
-127000
81100
14800
-49500
-232000
12700
7600
-26100
148100
-248900
306900
-220300
145000
-88400
309200
-427000
64000
-43200
-39200
-159800
3400
6600
91800
-126100
-67900
-82500
63200
22200
-9400
-72700
-33100
76700
-78200
199500
-213600
-26000
1600
130300
-165400
103300
-226000
289900
-225300
378200
-536700
280800
-305600
159000
-231800
264800
-294100
213400
-176400
186300
-239100
45700
-135800
174300
-91100
-123700
169800
-112600
127800
-152700
29600
55200
-218900
256500
-277800
42500
258500
-433700
343200
-290900
93500
-207700
108300
-142500
219900
-271100
149000
-143400
119900
-108900
-103300
16000
-15800
-56900
113500
-118000
176700
-82400
-77000
12400
-172300
147600
-171900
297200
-272100
273700
-283100
252800
-230100
76900
-224000
258200
-372000
197600
-194600
43000
-89900
95800
-88000
170000
-296200
194500
-151700
123200
-89200
75000
-65000
-95800
141300
-85000
-5200
-216000
204500
-134600
164600
-314800
234800
-241100
267200
-268500
50900
-159900
280900
-337400
64600
22500
-75800
-54500
144000
-107700
18200
-53400
-39600
87400
-231900
172100
11300
101200
-232500
274200
-237000
25300
-237900
188400
-79200
70900
-160500
244000
-138400
-92700
-208700
256600
-303800
112600
-57500
19100
-149500
118100
-63100
76500
-70600
53700
-93800
-36200
-62300
137200
-65200
-155400
205300
-162600
-14300
-145600
236500
-252500
229500
-200000
-61700
44900
117400
-177300
139800
-318500
87800
76500
-10600
-68300
-49000
28900
19100
-88800
109500
-141400
-9100
-14500
-34700
-84700
-85500
277100
-164100
182700
-334200
415200
-474800
220900
-136200
117600
-293800
166400
-27000
-97300
-121300
143100
-82400
110300
-240600
201500
-201000
-49700
34500
86800
-94700
-116000
324400
-307500
182900
-196600
41300
5000
241800
-265800
17000
-160300
108500
600
-147400
-153400
314800
-333400
155300
-28700
-211000
99900
-40100
6600
-25200
-105500
137200
-88100
42000
-14000
52000
-87600
-90200
41800
-48200
34700
-157400
318800
-320100
343200
-462300
543200
-592200
100900
-24900
-51500
-58200
8600
5000
-25700
-89700
3600
130300
-98000
-77300
-7000
65000
-76900
82400
44800
-146700
-7000
85800
-83400
-68000
23200
109900
-269600
230000
-198400
167100
-115000
-125500
-73300
-35600
-30900
156800
-176300
17400
-33100
-75200
-24500
174400
-164600
22100
-45300
32000
-39700
77800
-36300
47900
-148400
-62000
222800
-196500
83500
-81500
21300
-94100
325900
-446600
55000
-72200
11200
-104300
46200
-66700
105900
-67400
63600
-153600
66800
-119900
59500
-72000
87800
-135900
186800
19100
-122000
-14700
-158800
153900
-197200
361700
-460400
333100
-248800
448300
-487000
-38700
-82200
58700
-100100
48800
-31100
36500
-118800
201400
-164400
25400
-120300
25400
-33700
-4700
-4800
-28100
-103900
69100
139200
-243200
11700
-93400
206300
-162100
141200
-271500
189200
41900
227800
-498000
355500
-322700
-71900
11300
-40000
79000
-23700
133500
-167200
-118800
83700
-76600
-123400
108100
-15900
37300
-151700
195000
-137900
-29500
-148800
278000
-302600
181000
-204600
596700
-659500
287300
-158800
-109000
-8500
-79500
127600
96900
-150900
-100300
16600
-76200
156000
-169600
-39700
9200
-35400
-27000
50400
-155000
298300
-234000
129500
-255100
373400
-376100
164100
-88000
175900
-394000
705700
-650000
66300
-168900
99400
-172900
28400
160700
-244400
147000
5100
-58300
-13500
-151700
78000
-39400
-65300
65800
-82300
67800
-148200
374600
-329600
-98400
76700
379900
-501800
81500
-184800
435700
-469400
217200
-80400
-160400
29500
20000
-95700
38200
-50200
-16100
12700
66500
-71000
65100
-137500
73200
-47100
-11500
-129100
46100
131900
-154800
36900
-201900
288300
-239600
114700
-230900
22300
-19200
-21000
100400
92000
-231200
16600
-65800
54900
-34700
-88300
-36800
105700
49200
-116500
-57300
45000
-44200
-119200
18200
84700
700
-125900
147400
19200
-99400
-71400
33200
-84800
-110100
48300
-5400
-127500
171800
-202600
-49300
236300
-214600
126400
-198000
187100
-285800
60300
252400
-106300
-153800
5900
60400
-151000
92800
-13900
-28000
-60700
-115000
313700
-382900
348800
-382200
245300
-292700
208400
-153900
-51300
-46200
68100
-81600
-29300
-13100
-51900
35000
54300
-107600
-42000
214300
-135800
-158900
120400
99700
-254600
155800
-166800
99600
478300
-151700
-461600
180200
-170600
107200
-269100
70200
-172700
253500
-305800
166800
134500
-262000
6600
116700
-195800
-18700
49400
-176700
164600
-23600
45000
-186100
221000
-278400
54300
-79300
137800
-165700
265500
-283400
339600
-460600
360500
-383000
288000
-282200
97100
-108000
76200
-106900
111900
-148500
12800
-110800
75500
-42500
-9100
71700
-300
34800
-188700
94900
-88700
107800
-263700
112800
-140100
313200
-404900
377900
-291800
-123700
-4800
61800
-104400
145400
-155100
15400
-115600
107600
67100
-285800
52800
92200
-60100
15200
17200
14400
-46600
25200
15600
-129700
900
-121600
116800
12100
137800
-410500
295600
-196400
310400
-463000
184200
-197400
276300
-321800
133400
-217200
156600
70400
-117400
-151300
55400
51700
-85500
104600
-170700
166300
-223200
174900
-142800
34100
-140100
66100
-36600
266900
-390000
131900
-163800
179400
-133200
77100
-261500
268100
-243100
45300
-90100
18700
98400
-23600
-134000
-60300
51200
-68700
33800
-28500
179400
-248100
194800
-140400
70700
-257700
134800
-115400
225600
-307100
590600
-652100
90600
-54700
437800
-445600
69400
-83500
-82200
41800
-82700
-7800
-6600
36600
12600
-109300
88500
-88200
-16500
88800
-271500
206900
-72400
-78900
165000
-59100
-179400
203600
-303900
452700
-461300
499700
-568000
212500
-10200
-230600
17500
-17900
-78500
-4000
135400
55200
-144200
100100
-226000
65800
-31900
-34900
-78200
-8400
91700
-152800
95500
-60100
170100
-250900
105300
-172800
444000
-530000
85400
-89100
-25600
137400
-65900
-143600
54200
26300
-75200
118300
-124000
13100
72300
-120200
87700
-198700
26400
109100
-199700
146600
-129000
53000
-158400
388600
-327300
-19300
-130000
355700
-431400
151300
-209000
356400
-307200
171700
-197700
-600
-97700
158500
-49200
-81200
-75000
143100
-75400
19900
51600
-110900
-33000
-166800
90500
-20900
89400
-88300
24100
74700
192600
-528900
311700
-252900
-55000
-14600
-31500
-41600
58900
-39500
89700
-199300
61000
14400
-32400
8600
-53900
27500
-60500
138300
-101500
40900
-245100
97000
-28200
41700
-124500
230500
-316100
269800
-224500
92500
-263100
326800
-203200
-20200
-7600
-120200
86200
-19600
19300
-172300
43900
-65700
71500
-54800
22700
-77100
52700
100
7200
-195300
68200
-61000
114600
-238000
305200
-345600
81200
-52300
311300
-363600
148000
-254400
231100
-175100
8100
-106900
125600
-71300
212700
-352200
160400
-241800
124400
9500
-23500
-34100
13900
115100
-201400
33000
-142400
178000
-66600
-36500
1124600
-1159400
-11600
142500
-269900
199700
-344700
68100
1100
-147700
123800
-82000
-54400
260300
-239900
166100
-177000
-46300
-3900
-35100
59700
-70600
111400
-95400
-113400
-75300
169300
-165500
-73400
23400
504500
-566100
126700
-98200
137800
-259400
198500
-185500
43100
-99700
-9600
-21900
129800
-36300
-13000
-92400
35100
-78100
-97100
214900
-140000
-5700
-63100
59500
-31400
17300
-158200
-12800
-102300
308200
-328500
261700
-316100
527100
-439400
46000
-189300
65300
62200
-151700
-40400
42800
-140000
263600
-141300
9400
-90900
66100
62900
-302500
81200
33600
55200
-36300
-43800
-145900
100700
-140000
225900
-293600
219100
-201700
116500
-160700
218200
-226800
7700
-19400
-43100
-110400
119200
-114000
111400
-85300
102900
-125000
-48200
-29800
-81300
84900
-108400
-800
71000
126400
-58600
-133700
-52000
345500
-514900
123700
-52400
303600
-425300
255900
-133400
-148800
97700
-128500
162100
-165600
-81700
36800
92400
-34700
-77300
-18100
-4200
-154200
95000
-96300
41300
-122400
217700
-78200
125000
-326500
215000
-243500
158800
-102900
-59500
13100
8600
89400
-25200
-71400
-173200
137500
-123000
63300
-43600
-17600
-77800
112000
-132400
185700
-188100
-23700
-106800
50900
-102300
270400
-244800
109300
-136100
77100
-166300
128900
-231300
146400
-107300
75000
56800
-80600
225900
-355000
-46700
-23000
25000
-85000
20200
-94700
55300
60300
88400
-288300
168200
-67200
-166000
-17500
304100
-308600
123300
-59900
387800
-500900
182700
-215900
47400
-93800
83800
-178600
96000
-50000
52500
-70800
26100
-106800
51900
-22600
-35900
71700
-99600
25600
35700
-154800
47600
-60100
-129500
141500
-172000
266000
-273900
197700
-127900
33900
-188700
42400
-77700
-45000
-32000
143800
-85800
88600
-50100
23200
-137300
42600
-22800
-54900
-25200
-16300
35000
-67000
137700
-108600
117700
-297600
193500
-155000
65100
-83600
323100
-373300
234800
-415000
144700
7300
-125600
-23200
-45600
131800
-179100
166600
-99700
500
-73200
-117200
199400
-242900
134300
-76000
18100
100800
-157000
-6400
-80800
184300
-185700
176300
-330300
198000
-166500
254500
-294400
-7700
-41500
-103800
130200
-106300
-52700
60400
-104200
245100
-198700
-5800
-74900
-30700
13200
-111700
231400
-187800
44400
17500
-19700
-32100
-1200
-20200
130500
-256100
53900
-151800
191600
-225100
200100
-191400
-9800
54300
-108000
-41500
32200
101000
-176100
2700
105800
-188600
21400
-47600
47700
-22100
-134800
378500
-239000
15300
-170700
60900
-23400
118200
-323100
264800
-257200
35000
-76300
81500
-54600
109300
-251500
64800
75800
-154500
180100
-70400
-66900
61600
109800
-281000
16300
80400
-3800
-44600
-74400
25900
-52000
9300
44600
-156000
64300
-234300
298200
-315100
424600
-436400
128400
-107000
107400
-146600
58100
-32800
-141100
-1400
-54400
11100
-51500
70500
39800
-95600
-37300
-26700
-24300
181100
-198900
226900
-91800
59400
-166100
174500
-231300
281800
-433400
240200
-221900
85100
-179400
362000
-369700
-28200
-69300
111600
-51000
-14400
-80100
-71500
11500
149100
-96800
-10300
-6800
-20100
-8200
-60000
77900
-139500
-29900
6200
191200
-297900
320500
-381300
183200
-185200
68900
-44000
69000
25400
-82600
-53300
-80700
-13800
-55400
212100
-279400
66400
-71900
235000
-139200
-21900
17500
65400
-313400
284800
-279200
46300
-72200
304700
-254600
128700
-258000
302600
-402000
228600
-202100
27400
-109900
134600
-66200
-48600
-99400
160700
-224100
74200
111600
-52300
-183500
63800
23700
-38700
-89900
-27500
26300
-54200
110600
-30100
8900
-9900
91100
-226700
62500
-30800
-135800
32800
-56500
28500
-58500
-35900
166200
-183700
81600
-174700
136400
-210000
207300
-111400
-67700
69400
-6100
-20700
-130800
-135500
148400
25500
20600
97800
-299200
477100
-449200
25400
-156000
129900
-115200
50800
-143500
51500
-4500
-19100
128500
-266900
64000
-38900
-70000
180700
299800
-563500
511300
-467600
60500
-105000
75700
-131200
267800
-362200
194900
-198900
403800
-387900
143800
-99500
-30500
-177100
209200
-228500
171800
-243900
172400
3800
-32400
-211000
136500
-5600
-123200
155500
-52400
-108300
300
29800
-62500
-72400
-98100
374400
-401500
336300
-371700
290700
-324000
364300
-330100
178700
-303000
147700
-192200
139600
-144100
18900
17600
11000
31000
-135900
34600
21700
-73100
-34300
123800
-47500
68500
-244500
423000
-488300
179800
-281500
156500
-38300
175300
-248400
64500
-9300
-110300
-154200
174700
-187700
89100
-156500
59500
-60900
50900
100200
20200
-127600
-97600
61500
16500
-107100
-83800
164300
-143300
187600
-165000
67900
-204200
180400
-194800
225100
-282700
377400
-460900
211200
-245100
17700
-47200
44100
-114900
49400
-96600
158000
-178900
113800
-42000
-24500
-48600
-33300
76100
-123100
116200
-133000
-61700
40100
183000
-164600
34500
-132700
360600
-438000
239400
-222200
89300
-202100
103300
-82200
262400
-379900
17100
-52600
-47500
-10000
68100
-30800
44700
-91200
-50400
101500
-86400
137300
-76700
-83600
-35900
159100
3700
-28900
-192900
405000
-592200
195900
-60200
11900
-212300
129900
-12100
-145700
-1600
-42600
-25500
-31900
18700
53800
-84400
76800
44200
-139500
14500
-6400
69200
-202500
360900
923600
-997900
-260500
271400
-271300
112100
-279700
162300
-257800
87800
-104800
118200
-118800
89400
-169500
129200
-191200
63700
6600
-1700
-110600
41200
151200
-104300
-63800
-45100
116100
-238400
279800
-226400
160500
-311700
199400
21700
-48800
-213600
115900
-175900
21900
-49700
27100
-61600
112600
-111500
-3400
24600
103500
-160700
77800
-171400
134500
19000
51400
-132000
-74700
106900
-147000
46500
-8100
-100600
-33500
246700
-144700
96800
-318000
151000
-179800
-23900
-72900
-73600
17300
-14400
35500
113500
-224700
175200
-179700
66700
26600
-118600
75400
-85300
227000
-170600
-66300
-143300
107800
-29700
150200
-293800
166000
-207800
299900
-191900
83600
-226300
-27300
-93900
69500
-57700
24700
-101000
152700
-123600
-77000
-51200
104400
-63800
-60200
55100
-62100
106500
-86200
82500
-137200
-68800
73800
-48100
34100
167500
-242200
87900
-30800
-22300
-111400
-65600
41000
-31900
-12800
42900
-185400
142100
-127700
120300
-138100
-24000
-57900
13200
-43900
46800
-38500
-55500
22000
6000
-1000
-145100
143200
-223800
281800
-268100
130900
-112100
173900
-215500
7400
-157000
62000
-16500
-10300
-110400
69800
-73600
67700
61900
-84000
-32200
-104200
-15500
49500
148800
-270800
362300
-229100
-74400
-51100
40300
-98200
319500
-423700
336100
-258000
195500
-226100
-17400
107900
-140100
-156800
8400
-70500
-10800
204600
-246400
173200
-57900
-43100
-116300
121300
-142100
39300
-127200
228800
-281500
393200
-246900
50100
-169100
216800
-249300
344400
-490300
296000
-125700
-14500
-154300
-21100
-46000
-48700
-20400
59800
32300
-72800
-5900
32300
17500
-192500
221100
-218900
99100
-130100
83900
-181000
287900
-135500
77200
-226600
213900
-317800
204400
-237900
2700
-700
-28700
183300
-138200
-115900
80900
-33900
29000
-61800
-700
-49100
-24000
119200
-109000
-70800
114200
-151300
41800
41800
-40300
-93300
-41100
168600
-138400
265700
-392700
46700
-144300
242400
-306600
32700
64600
-115200
-9800
64700
-105400
19000
-80400
136400
-94600
-2700
6900
63200
-103800
16000
-91100
52400
-29400
-121400
12600
-104900
248700
-209500
55900
-161900
652000
-763100
312300
-213200
174600
-222200
68100
-53700
111900
-293200
126100
-84900
-124100
-12400
107300
-35300
-37800
111300
-31000
-82300
-133300
179400
-180900
18600
-103700
360200
-410300
317200
-297100
498500
-551900
216300
-219500
68200
-152600
-34200
-46100
228100
-183700
-48700
-35800
-7400
-45900
92200
-108500
-23400
32700
52800
83100
-236900
61700
-58500
100300
-222300
334200
-205700
69300
-99400
517400
-697800
453300
-465500
148800
96700
-228000
-117500
60600
66800
-45700
-132800
113300
-155100
142100
-149300
-1600
8900
2800
21600
-49200
-50000
-61000
38100
-105400
119400
-204100
231100
-288300
515500
-447500
-500
-143600
175000
-211500
187500
-212500
133900
-107200
179500
-231500
111400
-199900
184300
-174100
122300
-130000
70100
-58500
-3000
-71100
-116300
212400
-209400
99900
-171200
161700
-48100
-12300
-64200
339000
-442900
155800
-268100
206000
-236800
104700
-61000
-144300
114800
4100
-4400
77800
-205900
-61600
290600
-308200
42200
-42800
103800
-98200
173300
-295000
186800
-249200
327000
-311300
115100
-232200
593900
-476100
37200
-218500
187300
-163100
128300
-192100
121000
-172200
251000
-192400
-35500
-56700
-12600
28800
-44100
50800
28500
32900
-15300
-73300
-203300
86300
59500
107200
-223900
6200
-135400
66500
-10700
-15200
-143800
-52200
140000
-115400
-60800
43200
-96800
40700
140100
-59800
-141300
30400
-19700
-59600
44400
-61900
-55400
49000
138100
-67800
90600
-354100
358800
-368900
397400
-362700
204900
-307400
222100
-191400
96300
-130400
4200
-56800
91900
-147100
18000
-107700
164200
-98900
-127200
134300
-86600
34500
16900
-33100
-33400
-71300
81500
203100
-448800
311400
-351400
529800
-586900
87400
110100
-141600
89800
-113000
-28300
-31800
133100
-181300
-11000
-61100
41200
-85100
270900
-233000
-5700
-96200
136300
-167500
68800
60500
-267000
92700
119800
4900
-62700
-250400
247400
-206500
174500
-290800
162900
-38400
125800
-222200
-79400
22900
-16700
40100
-37700
-15700
-1800
-53800
74000
59600
-129000
-245600
26000
326500
-386800
140800
-8700
56800
-112900
299100
-490700
99400
-139900
4000
-80400
360500
-163700
-40300
-138100
209800
-264600
127300
-185400
1400
66500
29200
-66400
-94400
189500
-98700
-71100
88400
-900
-208600
46700
-34100
52500
-232300
542500
-471800
58800
-170500
167900
-257200
355200
-318300
-38300
31300
89300
-185500
185300
-108900
-116200
14000
-65700
118200
-239200
272900
-78600
-149100
-60100
59700
13800
-2500
-11400
227600
-148000
-66800
-82400
266200
-451300
93300
-67100
205000
-304500
111700
11700
-128900
119200
-52200
-55600
-85000
85200
-121000
64200
-182300
192100
-98500
142000
-187400
100800
-166700
-15000
-122200
114300
-125600
254600
-232700
303000
-281500
205200
-312900
178100
-96900
-111100
59200
-16600
-18800
79000
18200
-212300
-5600
21800
88200
-242800
73300
1000
-103900
2300
228000
-249700
77600
-154700
94700
-96600
307500
-419900
316500
-177800
-77200
-115200
150300
-179200
94700
-28500
-163900
20200
11700
220700
-202100
-18000
-12700
10300
44900
-166900
-54800
180100
-246400
187000
-105200
30500
-94000
220100
-323900
209100
-243700
284000
-372300
307000
-208600
-20200
-167800
30300
88300
-67800
42900
-64200
-85900
33300
-3400
12000
-99400
-68000
96500
-107100
31500
-88100
62400
20900
145300
-279600
163300
-289800
399700
-387600
330700
-399200
132500
-63200
86300
-205800
75000
38800
-157500
78300
-55200
39100
-71900
125100
-127600
28400
-129400
172900
-148500
-91000
-7500
-99500
101600
89700
-115700
12400
-43900
241300
-394400
88600
-42300
195600
-291200
148800
-137400
-53500
8500
-21900
-43100
-21700
-86600
31700
158200
-100700
-17700
-174500
234900
-218100
139600
-144400
116100
-218000
312200
-192200
89300
-309900
239700
-107500
-77000
-118900
422200
-450100
135200
-62900
245800
-392100
35600
49900
-108100
-46300
41000
-42000
15500
45700
123600
-185600
26500
105200
-167200
-56400
-41900
52400
-163200
12100
31500
257600
-323600
241600
-353900
146000
-194100
190200
-200700
281100
-107700
-257700
127900
-110400
196400
-277200
295500
-364600
50300
196800
-53600
-206600
-66600
14100
116700
-184300
277500
-297000
227000
-213500
419500
-463200
109700
-212900
145600
-154500
-9600
24900
65200
-82600
70900
-159300
18700
58300
-35900
47000
-93900
-145800
8100
225900
-32200
-295700
44400
13300
-95600
275700
-280700
147400
-118400
250300
-313900
119400
-249500
-1600
-17400
55200
-113200
108100
-153100
78900
-50400
-18800
-103100
197900
-217100
179000
-84100
10600
-57100
115700
45800
-216200
-97800
-89000
218900
-166100
74400
-147100
569600
-575500
152500
-270000
362300
-382400
129300
-1200
-178100
-46700
7700
57000
-66600
-30000
15400
-43900
200
-44300
24000
177400
-191600
257300
-236600
43000
-255300
169400
-208200
204300
-270700
409700
-398300
214400
-127500
70100
-180000
181900
-318700
224200
-161000
31800
-132900
108700
47400
-188100
108200
-123600
63200
-116800
243600
-235600
92300
-76400
-105300
-56900
103700
-143200
171700
-214500
234900
-238100
122400
-122000
197400
-272800
8700
-117500
55100
-36500
16800
-67000
131000
-80800
142100
-212700
95400
-235800
133800
-19700
68400
-97500
-54500
250600
-221000
-13700
-73200
19200
-162800
499300
-574900
275500
-271100
307600
-311700
57600
-110700
-88500
-14400
29900
-43000
120500
-167900
89200
17700
-74600
-65100
2700
59200
17400
-84400
-96300
7800
-19900
212200
-272400
76900
-69700
258500
-353100
118600
-92400
-3400
85600
-154000
10800
-6900
-53200
-121300
138100
-87300
-132100
288700
-39700
-22100
-81400
-172900
4600
-109400
246200
-216300
92800
-108900
205800
-133400
198200
-245800
64900
-244600
118900
-87100
149500
-205800
19800
-28400
-63300
-97200
155600
-91600
-23800
-10400
-49300
-76900
139700
-40500
-41200
-20200
-65200
108200
-122200
29400
-168200
166500
-14500
108500
-332900
300800
-320300
311000
-407700
405100
-410500
186600
-113000
145000
-267600
43600
-76300
111000
-88300
-46400
-21400
-4700
7500
46200
-108600
-25100
63700
-89400
80100
-141900
45100
-95800
176200
-3600
135300
-338000
55500
-182700
4800
-18000
-2400
-64600
224300
-105200
-90900
-96100
55600
-103700
54200
-55900
40700
-36300
40800
17400
-197200
153000
-83700
-48900
-111200
244900
-221500
207900
-235500
158800
-157600
63700
-237100
457700
-465600
143900
-168900
103800
-88800
63500
-108600
-21100
-113000
150800
-196600
142400
-118500
-7500
118000
97600
-130200
-185500
142900
-83400
197000
-325400
148000
-207900
561000
-589100
222500
-79600
-26600
-32800
-126400
-3800
-24900
-104200
169400
-130700
-4700
-1400
109100
-225000
49900
20000
-58300
-141700
82800
120500
-136100
-28900
-36900
129100
-240400
178200
-203100
202000
-133200
159400
-315700
208200
-228600
6100
-59800
190500
-196300
-39100
50000
108100
-248500
27800
199700
-227400
13700
-67800
98200
-94600
179200
-89600
-18500
-188600
166700
-140200
173600
-329700
475900
-364300
125600
-208300
33300
70400
50700
-316100
102600
-124500
-33500
-31200
132200
-9500
-72900
17400
-62200
9300
30900
-143300
171100
-159600
36900
139900
-143200
82200
-203900
138300
-92900
28100
-247400
232400
-182600
-76700
-56000
205000
-235200
70800
-140800
78700
-108100
54500
3800
56300
-87400
-30300
-13600
-7200
103000
-256400
361800
-354800
124400
16500
-27700
-70400
-72800
-35000
387600
-519100
217500
-133800
226600
-237000
-62700
-120700
-8600
50100
27400
-100700
-33400
-13000
80500
-67500
-40500
-21100
36500
135700
-229200
123400
-87200
96900
-188300
388100
-460300
144300
-247400
178000
-180200
237100
-316000
198700
-117400
121100
-278700
219100
-246800
176600
-95900
38500
-140900
28400
67900
39400
-148300
11800
-42800
-45200
79400
-181200
267400
-221200
74200
-34400
300700
-550200
225200
-168200
435400
-533500
69500
-91900
194800
-202800
-71300
-30600
87500
-140300
53500
600
91300
-159400
208800
-140300
-98800
235800
-310800
80900
-85100
61900
-126200
63800
110400
235900
-551300
198700
-166400
74600
-186700
116900
-134400
239600
-154700
118100
-211800
-78500
19100
-39700
22300
-67100
52500
-74600
103700
18500
-169400
-23600
193100
-135900
-67700
71400
56600
-241800
333900
-307500
393200
-506200
292200
-240000
-44000
-84100
21100
-104900
88500
94500
-142600
19600
-96000
32700
-34500
73700
-77200
6500
118100
-106700
-133000
33000
-50300
123100
-221700
158600
-187100
238300
-235700
301100
-432800
63800
-50400
62200
-34500
-118200
113400
-82200
-37800
11900
-117500
71700
-145300
146200
-100400
57000
-69100
-38600
87300
-81300
67800
-106500
151000
-273700
496500
-455400
169700
-328900
649300
-542700
228600
-347600
50400
-63900
107800
-106500
91300
-234800
75000
176200
-317200
85100
-2600
-89900
8300
-3500
126700
-176100
172400
-119200
27000
-83000
-65500
29800
-39700
137200
-305000
336600
-271300
169600
-289600
209400
-275800
134600
-167300
60300
-147600
87800
93300
6300
-240800
102400
-51500
-101200
141300
-26500
18800
-127100
422100
-341600
-107600
-100200
270900
-297000
327000
-417000
355500
-313100
173100
-150900
64500
-180700
116500
-215500
134700
-113300
89600
-134900
50100
109800
-185100
66100
-156900
51500
-73800
154500
-134000
43000
-1800
-50300
-174900
182000
-169600
239000
-320600
276400
-269400
267500
-331000
132800
-243800
203200
-250900
153000
-175600
193900
-204000
15600
157100
-164200
-29600
-44300
19900
-88400
33500
56800
83000
-144600
109800
33100
-90600
-227300
288700
-349300
300300
-303400
267600
-320800
273200
-220000
62300
-33300
-159100
70400
-129000
-47300
155200
-184300
146000
-80600
75700
-100600
-135000
109400
-119200
73000
-77800
-9900
76900
85400
-159300
173700
-378300
315500
-314200
248300
-238500
-32100
22500
142400
-273600
47400
-98000
167200
-215600
70900
-39400
-7900
-1700
57200
-211900
189100
-127800
-98900
136200
-162900
165200
-78700
153700
-129000
160800
-393300
187000
-147700
-88700
-18200
95000
-77000
-50000
22000
-55200
-44000
7700
44500
1000
-89300
55800
-41000
64600
-36800
-113100
33300
-133700
58900
-82700
181100
-180200
206600
-272600
322600
-338800
317700
-396900
146600
-96600
-87800
5700
-14700
72300
-38300
122000
-173900
-112800
22800
91900
-34700
-86400
19000
70000
-26500
-48900
-111800
62800
-88500
182400
-200800
218100
-341000
343900
-246400
74300
-258800
70200
-23400
-37200
-98800
105900
-61700
20400
73100
-161000
44700
-91500
-44700
-13000
38700
-135900
152300
-40200
63700
-185700
104900
-112600
56000
-163600
85100
-80400
95200
-109500
156500
-226700
44600
-115000
168500
-202300
202700
-266000
244700
-211400
20500
-95700
61100
-44400
-51100
136100
-226700
43700
48200
125600
-178700
380200
-454200
122500
-220800
124600
-9800
262700
-468900
289100
-200900
47600
-260200
204500
-156900
127500
-34800
6700
-132400
64900
-105200
88400
-177600
144600
-111500
-97400
85800
-46800
63200
-92800
38700
-18600
162300
-355700
207100
-240000
187200
-215000
295900
-274000
156600
-231400
184700
-243600
36000
-78200
134300
-132500
26800
-20200
92000
-190800
89900
-24200
-143900
22100
-27500
131200
-174800
248900
-157600
44100
-169200
307000
-454300
553400
-410800
-44700
-29600
204200
-317600
-3100
11700
36400
-203000
125100
-114400
116000
-171900
231700
-219300
42300
-109100
104100
-100
-67400
-6000
-81600
50000
-37100
118700
-180700
74100
-260000
318800
-305900
152000
-220300
149500
-27900
-22900
-154400
6100
94300
-123800
70800
-74300
23500
91700
-94800
-77200
52800
-113800
41500
64800
179700
-424100
196600
-24500
-32700
-32500
-107500
-28400
123100
-272800
359000
-359100
-14800
-56500
409500
-421600
-19400
-31400
-18900
-2200
-35500
68500
-100500
-6800
43500
105700
-112200
-23300
-59300
-69100
-51400
134700
-105500
95800
5600
133300
-339400
372200
-487400
318200
-162100
-118300
2700
-29100
20900
114300
-284100
57800
-32500
3600
-38300
43100
-81600
9600
-15700
13300
31800
-171900
67900
-7800
-90500
-33700
134300
-165700
117700
-123300
357700
-449600
334000
-393900
436700
-520600
110200
-14100
242500
-315800
-41500
-18500
121800
-214600
151900
-42100
-92100
173300
96600
-23700
-408800
93900
-84800
396800
-462000
181200
-76400
89200
-80300
31900
-266300
503400
-539700
263700
-263500
142600
-196500
1000
87100
-32300
-23300
11100
-127400
75800
-131800
49300
-39100
86600
-61700
129500
-109300
-163600
209700
-281900
228100
-183300
19100
-183100
290400
-13400
-148600
-140800
66200
-127800
-10200
-18500
-12200
-50800
73500
6000
-51200
-130300
88700
-66100
88800
-75100
-19900
83000
86400
-115500
-193900
147200
-105600
20700
-145100
253200
-277500
305000
-263700
367600
-459300
-70400
28100
172200
-257500
189500
-249600
60700
47300
-63100
48200
-130600
-63100
32100
131800
-146900
9700
-92600
162700
-159300
311100
-354600
126800
-267500
255100
-231800
44100
-110300
485700
-402500
173500
-315900
380400
-373700
53400
-34900
34100
-158900
140300
-108700
-32400
-82500
92700
-117300
-11600
208000
-172700
-64300
-19100
186900
-187100
-7400
30900
56600
-184600
-39300
-80600
285300
-236100
92700
-245800
210600
-176000
-54400
-61000
227300
-255800
19000
47600
159900
-258000
68300
-112000
49800
27800
-101900
87700
-91200
84000
-139300
156700
-210700
67400
-210700
409000
-387100
560200
-657900
413100
-312900
-86900
55500
-95900
102600
-97000
18100
-39700
5200
42400
-61300
-67900
-18100
-71700
179200
939400
-1075900
-98000
74900
68300
30400
-286600
243300
-275000
115300
-134700
601300
-657400
281000
-230500
199500
-314100
84500
-94900
-47500
-83200
31000
29600
-3900
-58000
91500
-36700
-88200
1800
-50100
129000
-117100
188800
-305400
163700
-56000
183400
-416400
253900
-300600
593200
-607200
148400
-179300
219400
-187500
51600
-172500
63700
-102800
109700
-173600
125400
-40400
143600
-171600
3000
40700
-31800
-73600
28800
-104200
-47500
144800
-87600
93300
-291800
197100
-182000
220400
-310400
149800
-166200
-25400
82700
40000
-226800
172500
-166500
91600
-164300
130600
-23400
-38800
-24300
84400
-176300
-67100
122500
-22100
-126800
-52300
212800
-240300
201500
-143300
77300
-223400
200700
-264500
108200
24100
72600
-259800
93500
-20100
-33500
-116700
141700
-180200
182000
-160200
96500
-96600
47700
19700
-132900
37000
-158100
235100
-188500
-71300
-10700
164000
-124300
160200
-340700
168500
-158000
-14200
-45600
63100
-86900
-64400
68500
54000
-41300
-39500
-104800
67100
-32100
-49300
-29200
56500
34600
-181400
178800
-190700
108100
-89100
141600
-226500
219900
-351900
340600
-256000
66000
-169500
3000
99700
11800
-227700
67200
-63200
104100
-117300
128800
-199900
42900
-41700
28900
57600
-142500
225400
-166800
103300
-231100
106800
52600
-249700
-26500
77900
-80700
205200
-217000
190200
-150900
-72600
-106800
54900
-111800
-35500
-22000
17000
-10700
27700
-6800
-56800
-46600
-81100
81500
-104200
185000
-165500
34100
5000
77600
-191100
215300
-316100
231500
-251700
243200
-263800
414900
-379300
142400
-261000
258000
-279000
80400
-167600
63800
-74200
130600
100
-150800
10600
6200
-22100
-800
-68000
-40100
275100
-169200
-18400
-142200
186100
-207800
92400
-215000
183500
-206900
220800
-200300
399800
-531800
222000
-252400
13000
-92900
57500
66700
-148200
217700
-31800
-195700
51700
-99300
69400
-14200
-41000
-6500
85900
175600
-327500
98100
-204200
48500
-134100
184600
-97100
242600
-381500
376400
-325500
-114100
-52100
34500
-27400
47000
-171800
88300
-149900
242400
75100
-222400
2500
6800
4200
-64900
13700
-48100
45800
-71700
178500
-218500
264700
-389000
202600
-220900
199500
-274800
106300
69700
-172100
-111800
116600
-139300
44900
-36600
14900
-54400
104000
-93700
74400
-66100
-81900
148900
-118100
-58700
-27900
116600
-129300
117500
-156900
209000
-320900
251800
-296500
259500
1247600
-1485900
-30800
2800
127900
-190500
-6600
43500
-159600
-23700
150100
-189800
-32700
198200
-26900
-222500
217800
-209300
223100
-316500
318600
-205000
36500
-134700
201700
-348000
369900
-462300
328200
-235000
439400
-567900
89600
-7100
40600
-187000
166400
-236600
182800
-139400
140500
-95500
49400
105200
-190600
-45300
17100
28800
-127100
17000
-51800
34900
-39100
128200
-27900
104400
-421700
208100
-233900
62500
-121200
143300
-147700
62000
-53500
79200
-170000
70200
-46400
-18600
25400
3700
-62200
-29400
252000
-250400
108500
-275500
268800
-291700
325300
-356800
286300
-227400
480000
-625400
201700
-200800
143400
-264000
38600
-26700
-63900
167700
-94700
-127100
73300
-80500
162700
-94300
-82900
44700
-7200
95000
-63100
-65500
-72500
27600
-85900
136500
-195700
247000
-297700
609400
-652800
294000
-419000
322300
-351000
-37200
-42700
64600
-137500
161100
-34000
-76900
-94800
77000
76200
-108600
-46000
-6000
55800
-65200
48100
-108400
-77800
-29000
206500
-82400
-17000
-204700
185100
4600
14900
-291600
183400
-179500
-4300
-58200
165600
-170200
-11900
65100
-6200
-180600
20000
-15100
-18200
38200
-16900
45800
-75900
78000
-83900
6600
-137300
115300
-146600
264400
-335300
237000
-262200
203800
-205300
66100
-157200
149900
-127700
-38800
-50400
-2500
-40100
28700
-25100
-39200
-30700
52700
-27400
-9300
72400
-129900
85900
-50400
211900
-425900
161600
35000
129500
-342400
411000
-450100
252600
-45300
-129600
-205100
64200
-89600
24400
-11300
130900
-156600
36900
128800
-135100
-24700
-38400
22700
-113100
130700
-243600
292100
-208600
114900
28200
-85600
-107900
45100
-155100
161500
-215700
168800
-145200
36800
-55200
-104000
-24600
-7000
-28800
19800
-85500
127000
-134700
72500
5100
-62700
-28600
-40600
73300
-94000
60400
-74500
77100
-15500
54500
-186500
158700
-179000
335600
-482700
173000
-208500
5500
168500
-14000
-256300
143500
-190200
148500
-152800
118700
-193400
195900
-72500
-44800
-17400
-31600
-12500
-103200
170700
-216800
-35700
-6800
254200
-172800
131800
-265400
438700
-452700
46800
-130700
185100
-174100
46300
-85900
27500
-141100
61200
-102500
30200
-55900
66300
-28700
66400
-75600
-9400
-16400
34300
-38300
15400
-83500
-32100
45300
-69800
107600
-303900
295200
-253600
77900
-202700
242800
-275400
224500
-177600
84200
-126800
-57900
-58600
208500
-231300
99000
-47700
-114800
173500
-16600
-34200
-113500
123300
-193800
53300
-121500
302900
-323000
133100
-88800
248500
-383100
263300
-258500
128900
-256200
174200
-148700
183200
-196300
-6900
-102000
-4200
-53500
89000
100
-37000
-57400
186300
-107600
-57000
35500
-199900
179400
-172900
-43300
27300
128900
-125300
263500
-395100
113900
-149600
126100
-146000
89400
18600
-220900
197100
-178500
-43100
-2500
13300
-71200
-12200
-16800
64900
-114200
88600
99400
-119900
-10600
-12700
-190100
173500
-204000
238500
-252800
343600
-299900
85300
-196400
52200
-141400
67000
-63800
32800
-79400
111600
-54700
-70500
26300
-62700
-32600
12900
-18800
77700
-115200
178100
-153000
-67900
112700
-149400
-44900
-67800
323200
-336500
252300
-280800
172400
-214000
-32700
-45400
7800
120600
-71500
-85300
-28300
123000
-138400
-62500
-68100
47700
12700
16200
-62200
-11000
-66900
73900
130800
-128300
45000
-287900
100500
113900
-109900
131700
-211000
144300
-110400
-93000
42800
-127600
92500
-106300
52700
-64200
-26400
1200
15900
-121900
45800
-71000
-32800
-55000
90800
27700
-66100
700
179800
-294600
329700
-405400
405900
-384100
224000
-278800
246100
-286200
168600
-270900
134000
-80800
23400
54000
-234000
99200
-1800
40400
-98600
-7000
-33900
-42800
-30700
-28500
-14100
75400
-105900
83900
-74500
15400
-81900
194500
-297500
268200
-258300
-51100
63600
109300
-260000
125600
-88700
-54700
-32600
-53700
-4100
-74100
140000
-300
-50500
-55200
-53700
41400
-13900
-143800
107900
-96600
44000
-49500
261200
-194600
135000
-338400
492200
-451100
-39500
-103800
140300
11400
-22400
-87700
-60700
73400
39600
-270300
154500
-116700
127500
-62000
40200
-118400
-73100
123400
-208500
67300
-129700
397300
-348600
211000
-220300
155700
-241900
260300
-380600
301800
-304300
134900
-166700
268000
-170000
44900
-250800
122700
-172300
217500
-188300
130800
-209200
197100
-14200
-75400
44600
-72200
-134300
-25700
156700
-57900
-32600
7000
38800
-266100
269300
-288600
182700
-240600
23700
-72700
179500
-81200
25400
-195600
206700
-231800
93900
-15700
-155600
140800
-185000
338900
-300300
-21500
44800
-23100
-79200
124400
-134800
123200
-228000
205500
-156100
358500
-462800
222900
-298700
143200
-90800
-65100
8500
199900
-251100
-35500
72200
-43900
-47500
-12900
62300
-17300
-37000
62800
-108200
-194400
232600
-97600
-25300
-191900
235600
-168900
262300
-322700
197600
-292100
57300
-132800
216100
-169800
40400
-141900
319500
-240800
85700
-198800
142300
-163800
15500
-23500
15100
-112800
-19400
147700
-49700
-109900
-76800
241100
-189200
-158900
113400
228000
-358800
267300
-150700
700
-173600
17400
-79600
30600
-65600
45200
-98900
155300
-46100
-99200
-108500
59900
-59900
-13000
115100
-18300
-88700
-1800
162100
-273300
337400
-378800
266800
-281000
210300
-304600
283800
-136200
238800
-467200
1770700
-1814600
88600
-112300
62900
288700
-372400
26100
52500
-196100
68900
-23700
-21000
5000
-1600
18700
-154700
22300
25400
102900
-178400
177900
-243200
256200
-308100
217400
-264300
291300
-203400
30300
-222900
203300
-214700
196800
-251800
177400
-213800
233900
-185500
99500
-109000
-63000
21900
-31800
-4100
133000
52300
-83300
-124600
-65400
111900
-94800
174400
-160700
310100
-647400
134700
13100
201700
-356500
35100
-47900
-74300
22300
26500
-67400
61100
-43200
65400
-114600
21300
117600
-101300
39400
-183600
70000
-101600
198400
-240100
294400
-341200
226800
-316700
434000
-390200
158700
-258000
240100
-196300
-41400
-59600
172300
-192000
-2600
-24800
-41100
44700
58300
-16900
-104400
37900
-46600
-16400
-66500
100200
-164000
18900
-55000
205600
-279600
228300
-224800
538400
-601500
303600
-345900
219600
-176500
109400
-196800
-112400
13100
-19000
-28900
51900
-80900
80200
30300
-42600
-40700
82300
-81700
45400
-61300
-28000
-7300
-96500
152200
-110300
142100
-365900
200600
-204100
25600
-61400
213400
-244400
123500
-118200
-46800
-11200
-22500
-23700
67700
-157200
46500
-48600
104000
-48000
-142600
164100
-128600
46200
-177200
212900
-251800
144800
21900
128700
-366700
436200
-496500
301500
-158400
-157400
65100
209300
-244300
103600
-181900
33400
33500
-169800
6700
-31300
12000
-71300
230900
-173000
-55300
81600
45300
-75600
-32900
-25100
-87200
5500
298100
-404600
134100
-177800
42500
-154600
229500
-233400
187400
-199500
80100
-43900
-118600
-10400
48800
-77600
-33400
116200
-126600
-11900
26700
84700
-152200
99200
-190600
130800
-72800
153800
-285900
241300
-187100
91300
-131200
-78400
-68100
38100
-62000
-10800
-32400
1200
67200
15500
-13700
-81300
88100
-151400
-48900
-21800
20000
-38000
66600
36500
-96300
-18300
76600
-146000
83800
-243700
286700
-260300
265300
-295300
351900
-430300
51800
-120500
89600
-74500
69300
-165100
178000
-75000
-125800
14100
-103900
66400
300
-5100
-3100
-5600
-8200
28500
-201400
231600
-164700
96600
-249500
258000
-274600
75400
-42000
302500
-397500
-6000
-32400
164000
-208400
52200
-81200
118200
-83400
5800
-95100
32500
73800
-127900
100200
-140700
4900
-113600
150400
-81200
-16600
-100700
271000
-306100
154600
-214200
457200
-570800
160000
59000
-54700
-173900
18500
-65000
-43400
-13700
38600
-89500
79800
-31900
138300
-236400
6300
79100
-30700
157200
-322900
91400
108800
134400
-372900
70800
-90700
162400
-191400
246200
-315000
228600
-214600
136700
-277000
105900
-72900
-42900
-42200
13800
-38100
103200
30200
-66300
34900
-161300
135300
-243100
190300
-109300
-26900
-89500
230800
-109300
-66600
-154000
180800
-182500
419400
-536300
238700
-183800
173500
-165700
-152500
-9600
-52600
262500
-293600
10000
55300
-94500
105000
-57100
72900
-126500
100800
-87200
-5500
-195800
25700
169600
-209700
243100
-249800
380300
-517500
75900
-100600
367300
-397400
210800
-111700
-86900
55500
-84900
-38600
34200
-67100
25500
-74700
55000
-24800
-1700
19400
-66500
-118800
136900
-75400
-47500
79000
-198400
396400
-291600
252600
-426400
201900
-204600
-44600
-58800
49800
-20300
68700
-45400
-86400
27600
13400
-123200
46000
-33600
-6000
-57800
74100
20900
-120400
-97500
110200
-114100
-63700
147600
-66400
171700
-227800
250500
-382300
145700
-194000
147200
-182700
253500
-297700
57500
88200
-91200
129000
-261500
-10500
115600
-23400
-67000
-27400
100600
-25400
96000
-208900
121200
-107100
-16400
80800
-173800
192200
-292300
294700
-252200
-47600
-3700
-39800
-64800
50600
-107200
63500
35700
-48700
131600
-199700
-157700
56300
106300
-3400
-122600
47600
-41900
42100
150200
-192700
-126200
86100
264800
-413700
156700
-219100
289200
-273600
378000
-509000
148700
-29200
-134000
-77200
27300
-27000
22800
36200
41100
-108300
42700
-83100
-64600
23700
-76300
17600
-102900
407200
-233000
-20500
-152000
-46400
105900
102500
-230900
164600
-278300
210500
-181100
66100
-84900
38600
-147700
-1100
-9500
-43800
23500
17000
9500
24300
26400
-127300
-119700
-12500
113400
-158500
114300
24100
14500
-133900
115200
-271200
307700
-292400
331500
-428500
171600
-110600
246500
-324000
31500
-8900
-65800
31100
-75100
21300
-32900
-66800
75900
-55800
-56100
-43900
-1800
57800
-6200
-48200
-73500
-1900
6100
67400
-129300
109300
-235700
390200
-303600
25300
-152300
147700
-107000
9900
-102000
16200
-43600
105800
-189800
50900
47500
-13900
-39600
-73200
35800
50200
-68800
16400
19200
-162000
102700
-126100
347800
-426300
84600
-170300
534400
-511800
255300
-372200
395200
-391700
193400
-153900
32200
-106000
75100
-102300
9700
-109500
54700
-56400
72600
-101600
29600
-72100
-39200
-5000
-24200
-76400
-13700
265900
-113100
47300
-228600
301500
-376000
81100
36700
-400
-263800
160200
-26000
13500
-136100
172900
-109000
-179500
165600
-93800
-29800
86500
-114500
-31700
60500
-98200
-1000
-61600
224900
-229900
100000
-167100
120900
-166800
268500
-355100
148600
-200400
115800
-153700
289700
-242600
-2500
4000
-89000
57000
-97700
59400
-68100
-59100
-9800
134100
-68600
-82700
-4800
19400
-123200
210200
-187300
1100
-133300
212700
-158600
37300
-48600
169100
-245200
170300
-290500
130700
-231300
145300
10200
-149200
16100
-33700
-31100
-24800
-15700
26500
-12300
43000
51000
-52400
-148700
110600
35900
-67000
21300
-248900
177900
-59100
174400
-344300
413600
-476600
103000
-74500
6200
-92800
28500
26700
138500
-290500
20200
-7700
-34600
37600
-62600
55300
-4600
97500
-86400
6700
-156900
165200
-266600
90200
-136400
121200
-150000
422000
-275300
29500
-215000
539900
-528200
-49500
-35000
-50100
-2900
137100
-107300
-60500
45600
-57500
46300
-44200
-55100
8700
9000
-13100
45300
-143900
21900
-119900
192700
-153500
112300
-252900
226500
-134100
95900
-279400
138000
-164900
102000
-145100
57200
-30100
106100
-106000
120200
-272300
73000
-99200
-7100
111900
-183300
267800
-225200
105600
15300
-113200
-54900
105300
-160300
217400
-358100
205900
-213100
560800
-542500
93900
-175800
-8000
88600
-159400
137500
-156000
85800
16800
-121400
-35600
26000
-26100
80300
-186700
219600
-229600
196400
-173100
224200
-289000
96100
-218800
348300
-286800
79800
-144700
115500
-141100
65000
-124800
-65100
-26500
131400
-112500
-91400
-5700
52500
22200
44700
-156500
15700
-56500
-49200
78300
-63200
16000
-75800
176900
-137000
106800
-244300
350700
-382100
291300
-347800
603100
-619400
408000
-350500
-54000
-31300
-74400
36400
-105100
5300
114200
-178700
138600
-78700
98100
-142700
-14000
24900
-26700
58100
-237000
506700
-435900
83300
-230700
357300
-362100
255600
-323100
160600
-178200
181600
-67600
28200
-216500
-60400
108600
-105900
68100
-31100
-26600
115600
-130700
-63000
-13900
17300
-53400
-67800
105600
-81300
225600
-290400
175700
-175800
177100
-311500
387800
-453200
288000
-310600
346700
-379400
435400
-395800
-30100
-48400
140200
-189700
150700
-172800
137200
-49000
49200
-113400
-134100
202000
-282000
234700
-180800
23400
9800
120600
-229900
165400
-267000
329800
-384200
190800
-257400
121500
-123500
49200
-41100
81500
-187600
200900
-235100
134000
-252000
182500
27300
-190700
236900
-141400
-47500
-81500
91300
-60700
-22600
-107800
215200
-246600
201500
-182600
346300
-400900
126400
-226000
87800
-108900
-35300
82100
248300
-268000
-113000
114400
-192000
-38500
26200
55900
12600
-38700
51900
10300
-176100
87800
-35800
-116400
6300
150500
-234800
131700
-95300
202100
-289700
60000
-163600
104600
-69400
-94500
3400
33400
1200
15800
-148300
196400
-273600
47900
150300
-150600
121000
-197800
280000
-267400
140600
-152100
8800
-166300
338100
-288000
177800
-293900
464900
-399100
247800
-379900
113200
-89100
1600
-123600
30000
117000
-3500
-106800
-100400
8400
171400
-118400
-105300
53000
52500
-142800
66700
121500
-252300
-112200
135700
6100
-41200
61600
-55500
290900
-362500
274800
-467700
472300
-512300
230300
-217500
-26300
-31000
700
43800
71100
-178900
28600
75300
-65800
-58800
-24200
-76900
55700
50100
-56500
117100
-195400
251000
-283900
126500
-249500
445700
-431800
290400
-257400
161500
-255400
-19100
-57800
-75500
16000
42200
-25800
83200
-57400
-32500
12100
-96400
34600
-83000
-40300
-26000
34900
20300
211600
-329900
249200
-346000
187400
-190600
318800
-287700
67400
6900
-46700
-201200
25900
-46400
101800
-177700
50500
-24300
1300
26600
26700
-105300
-23700
-38300
45900
62600
-116600
227000
-274900
129400
-119500
27400
-166700
99500
-193200
250400
-256200
253800
-311300
420700
-337400
116900
-187300
-46900
-92800
105000
600
-111400
28100
106200
-123400
-96100
64700
-86300
101200
-54800
56200
-108000
-23200
-45500
145800
-133200
273300
-466600
229900
-198700
225300
-261900
26300
-42200
17800
-48200
-49100
70900
-46400
-45600
-63500
47900
-78700
235600
-266700
82500
-109800
-4500
41400
-31700
-53700
-34900
-126900
484600
-364200
176200
-345400
200900
-208300
73100
-179100
70100
-54600
116900
-97000
-96200
-16400
16500
10700
8400
-11500
-23800
158500
-210900
177700
-150900
-63000
-25200
34200
-163300
183000
-173900
34500
111800
170400
-442400
276800
-363300
644600
-654100
65500
-73200
40100
34800
-52400
-53500
-30700
-41200
-35500
-16900
109400
-169500
68700
57800
-60900
-12200
-58100
12100
-98600
106400
-100100
161800
-299700
218800
-154300
255100
-390000
90800
-112500
40300
-67800
57500
-176100
218100
77600
-320400
98700
75300
-124700
-30800
1100
11900
29500
-116900
97700
-49000
114000
-317600
218000
-147100
113100
-210400
186600
-159400
196100
-320200
90500
-172000
103700
-115200
177100
-244200
52500
4800
66000
-143300
-5300
-82700
-9000
9700
-70200
15300
50700
123600
-177900
160700
-168100
-21500
-29800
64900
-21600
170200
-385300
420000
-343700
-67000
-34200
18600
-58100
-92200
29100
4900
-72300
143100
-86500
-7200
-65400
116700
-206200
180800
-118500
26500
-25600
-38000
97900
-339300
347300
-324800
70700
1900
141100
-180300
17300
-37400
-47700
-41500
8200
-166300
81700
-117100
114200
-142900
28600
123200
-72700
-170900
55900
-2900
-39200
48900
-45800
46000
-179200
167600
-48600
92500
-306800
250500
-294600
262000
-309300
226500
-185900
295900
-312600
180600
-318000
221400
-223600
29900
-101800
52300
74200
-24400
-98700
2600
-58000
30700
10600
-63800
273700
-412800
249000
-166100
255800
-379600
110200
-161100
507000
-564000
188200
-138300
72000
-95500
100300
-208500
-98200
135400
-139000
-14900
134100
-171900
70300
-27700
127200
-136000
-23400
52400
-117600
48200
-55200
-70100
-43100
240300
-221400
114300
-246800
234200
-238900
193600
-217300
36200
-99000
182700
-56300
-28900
-148300
145600
-157300
39400
-61100
-16800
25300
34700
-81400
-73800
86800
-100600
2200
-83600
72200
-29500
-78800
45300
213700
-322100
154800
-187100
411900
-460000
110100
-127200
116900
-102900
282200
-392700
188000
-251400
99300
23000
-58800
-114700
-31600
283900
-252100
99100
-179800
64800
37800
102700
-108400
-229600
43000
334600
-270400
159000
-294200
232900
-351700
96800
-34300
-79900
-61800
138400
-72100
-10300
-118200
129600
-165000
219100
-262200
59700
-50500
89800
-8800
-72400
129400
-226300
189300
-224500
106900
-159000
143200
-120300
298200
-438900
170400
-154400
82600
-168300
226800
-278300
124800
-49200
41200
-109100
-46900
-47400
-33800
47900
26600
-43400
-20200
86600
-44600
-66700
-7100
-15900
22200
-56300
-67300
84600
-104800
275800
-351400
40700
-35900
68800
-202800
66700
2100
6900
-188200
310800
-260400
-94400
129400
-29400
-54600
-108600
229300
-250700
122100
-93200
98200
-223100
433200
-396800
51900
-145200
373900
-410200
335400
-254400
42300
-177900
-61300
-43800
108200
-150600
-7600
68100
55200
-45200
-60700
-79100
-78800
21800
29000
-92500
126300
-102600
-44200
218500
-241900
-40300
82300
29800
-93200
-49100
-61000
290700
-355300
411300
-287100
211100
-481900
233200
-148200
-9800
-62300
81300
-47100
-6700
136600
-225800
-2200
-73600
109400
-149600
-1900
42200
-70900
153100
4500
-179000
3800
-131500
329800
-336800
122500
-143900
466200
-454800
212100
-339800
255100
-263200
128800
-225100
199300
-180800
159800
-34300
-142500
-11600
-50100
6600
-73500
113000
-144700
3500
58600
94700
-121200
-17500
-19100
114000
-324700
250900
-256000
120500
-182600
406500
-390800
46100
-71400
-80900
-26600
138100
-131700
-3600
-43900
108900
-56500
-52400
-23200
-37000
-46800
-7300
-39300
54300
-22300
-600
149000
-279800
116100
-169100
413600
-425900
122900
-97800
145100
-201400
122300
-291600
66700
88200
-34900
-119500
-19300
18400
-113600
125200
37900
-140400
27300
45800
-99100
197400
-285800
101200
-141900
174800
-204100
127900
45100
-21000
-255000
139500
-137900
-9700
-95700
159700
79100
-318300
3800
107500
-27500
-73300
-23000
-16200
-59200
115600
-12600
-114300
28500
-96800
32000
-16500
3500
-132600
259600
-90700
33700
-285200
199700
-181700
19100
50300
132900
-236600
6000
212900
-138500
-214400
158700
-172400
110700
-226100
127600
-37700
-112200
266300
-174200
-53600
79000
-97000
12500
69400
-185500
107400
-234200
296900
-256400
265800
-339900
98200
-141900
-3100
-79600
347000
-379100
194700
-131100
98200
-135600
20800
-62900
-103200
9200
-18300
20600
-30100
38000
5000
-57400
-126200
97100
496600
-556700
-35300
-17600
154500
110600
-415200
161700
-180700
186100
-245100
220000
-236600
185200
-173700
69700
-139200
-2900
99000
-199100
41900
39500
-36400
-44800
150900
-161400
19500
-82500
62300
28200
6200
-131500
85500
-259200
456100
-374900
153700
-243900
286400
-317400
37900
42700
-5000
-106300
-10400
108100
-211700
69700
-87800
30700
-121500
66600
49600
-131500
144100
-102100
-108700
108500
-119600
143200
-232400
224700
-264200
24500
21800
374600
-479400
60800
-104000
149700
-231800
-10000
58300
-46400
7400
-3600
-85300
-4400
-73700
94800
-36700
48100
-61100
-72500
25200
-18700
-8800
-106800
130600
-212600
317300
-384400
253100
-176800
284200
-339500
-2900
-22800
-50000
-55400
14700
55900
-44400
-35500
32900
-53400
-57100
87500
-82900
26700
-77000
120200
-193200
24100
15900
48200
-199400
216900
-255000
354100
-404600
212000
-167800
222400
-290800
113000
-162900
-50100
9100
-41100
167600
-180800
75900
-79600
75800
-74400
-50700
53600
-90000
49400
-62700
-49100
75400
-129800
165400
-183300
82000
-163900
185800
-260000
211500
-203200
139000
-220200
212500
-172300
93800
-193900
57400
-129700
44800
13700
95100
-157700
88100
-70400
57500
-191400
-19800
-9700
43300
58600
-47300
83800
-66000
47900
-329500
167900
-165300
81900
-140600
261600
-304500
103200
35400
254300
-378900
-64500
-31000
-39600
-4900
65800
-90800
56700
-15900
10700
-54200
-7100
-15000
-19600
5900
-73200
112300
-73400
85100
-227300
394800
-533400
475400
-502500
343100
-306300
51300
-18500
135200
-211200
-27600
-83600
18900
80300
-61900
-114000
179300
-189400
214100
-187400
2800
-48100
-90900
83700
-53800
74600
-203900
213400
-82100
110300
-327400
270700
-270800
148100
-133700
-11500
-6600
-73800
39600
140000
-254800
98800
-173000
176300
-173100
111600
-130600
-12500
106400
-108000
79600
-216800
180400
-182000
39400
-44000
131000
-50300
145600
-250400
98000
-240700
208400
-259200
356800
-358100
40000
-48400
51500
-80100
-77400
-60700
49700
-53000
31400
-59900
28600
8100
199600
-140400
-247400
101700
-47400
44200
-138500
236700
-277400
118100
42400
167800
-392700
250900
-346300
100400
-85900
66700
-130400
82600
-22100
22700
-1400
-70100
63300
-116400
31600
-107500
16400
62100
59500
-13600
-166500
-96500
123300
-192700
190600
-18600
10300
-256000
325400
-298700
98400
-215300
205200
-223800
96600
-153300
186200
-211100
170000
-22500
-199300
-21600
123000
-160100
51300
8000
-59300
13100
55700
48500
-190100
-97000
6000
204300
-199400
253400
-294100
297600
-336400
176700
-274200
131000
-78700
4900
-141700
-200
-17900
20400
155100
-53100
-179900
145800
-105800
-118100
46800
-16000
-32400
11700
49100
-74200
75100
-204800
-7000
-75800
394900
-413800
191100
-229200
480100
-446600
62300
-62400
-95000
73200
-116500
102300
-92400
370200
-318100
-98200
-121200
200600
-231100
170800
-101700
-122100
179400
-102900
5300
-1400
-198000
479000
-493400
214000
-291900
353400
-339000
21000
-1300
257100
-416800
132000
-67900
-74400
31200
62600
-45300
-37000
-12300
38900
-82500
-32700
-77900
37000
-94500
-16100
20100
13200
111100
-92600
137800
-298100
115000
-120200
323500
-335600
87600
-133500
304200
-326700
-40400
-11200
-7200
-49400
49400
-81200
-100
-52900
84900
-31000
-122500
35200
-23800
-19500
-138300
198300
-173400
36800
-8800
270600
-400300
175800
-124000
275700
-322900
90900
-146500
-13900
-7100
27900
-51200
-24900
-103000
63200
-93900
57000
-37900
-7500
-51200
101000
-61300
1062600
-1151600
-9500
35800
-124700
30700
37100
194000
-241600
126900
-314500
416300
-389000
144900
-191700
142300
-235100
208900
-149400
-15500
-15100
81000
-233300
157000
-209500
218100
-169100
206400
-135400
29100
-85200
-162000
208400
-211000
99800
-171200
276900
-124200
32500
-140100
108600
-218600
210500
-300900
90000
-146400
116500
-78800
122100
-237400
60000
-35000
26000
-79300
15500
-56000
36500
57300
-12200
-86200
-19200
15300
-8500
-49400
-17200
-98000
-11400
346500
-392000
87000
-100400
59200
-200900
-24500
-60600
68800
-63200
-7300
76500
-132000
31600
-67300
63500
-29400
115700
-193300
93500
-131900
162800
-218000
190700
-261900
166700
-192000
141400
-137500
210100
-247600
301400
-378200
413000
-468100
256700
-282800
-51700
135600
-134000
154300
-48300
-101400
-43300
10300
-108800
166200
-115800
14100
-163900
398100
-292400
181400
-330700
267700
-341600
250700
-170200
232900
-314600
250200
-246400
-35500
-37300
-28700
-69200
-20600
-11900
-16900
-19100
67100
-58500
102700
-97900
-54400
58600
-1400
-78000
-55200
50200
1100
49500
-206300
152800
-136300
104400
-268800
296800
648000
-750300
2100
120400
-107600
-157600
-92800
70300
-95000
26800
-153900
153100
2800
-128800
55300
-53000
-123400
147600
-38900
-95800
157300
-235600
250300
-243100
174800
-58100
-144500
26800
64300
-244000
548000
-568900
436100
-336300
-67400
-133000
88000
-50000
-77500
44400
-3000
-64000
159500
-163600
-62100
105600
-106700
-27500
-63600
45300
-53000
137200
-143200
112400
-134500
112500
-176900
266500
-355400
144500
-196400
180800
-190500
150300
-131700
-21700
-83100
188900
-263400
157500
-181300
35500
96600
-95300
44700
-200200
61800
95000
-105900
-48100
47100
80600
-30300
-20500
25100
-182900
209600
-304600
175700
-248300
189600
-139300
29900
-67500
-116800
-7800
33800
-84600
176700
-159400
104300
-206800
145100
-53600
-62100
63900
-131600
-18900
157400
-57300
-158100
156500
-72900
79800
-299100
261200
-236500
159500
-272900
364500
-343500
137600
-163900
228800
-339000
36600
-86000
82400
-53400
57500
-110800
-6800
51600
9400
53200
-77800
97700
-258000
138800
-35900
-74700
-102600
217100
100
-69000
-201100
356900
-395800
5400
-116800
267900
-228600
56600
-72000
-73000
-900
-56300
86100
-37900
9500
-59200
-68300
204700
-90200
-112700
26200
-78500
21400
-44800
131900
-165200
66900
-110500
194400
-322800
158800
-216900
187300
-172300
-11000
-60900
32400
148700
-79700
-130100
9100
-21000
-27400
-103500
182000
19800
-194900
141200
-49500
-80000
-108600
179500
-185000
-79400
11500
204500
-172700
-43200
74100
17300
-254400
71700
19700
79400
31700
-238900
123400
-85500
-48800
-45700
-55900
-56400
-3400
24000
62200
-61100
1300
18000
141500
-305900
195900
-201400
-37200
77500
-44700
-64100
213600
-223400
293600
-400900
86000
-130600
59300
-93500
105200
-161000
64900
32800
31100
-172200
149500
-194200
136400
-138400
20400
-1000
-63200
226000
-206000
27100
-150400
109700
-49600
54300
-209900
331300
-367800
437600
-394300
210600
-318800
45500
-128100
38400
-49500
30300
-67600
62300
-39900
-53900
-7400
-9100
-118400
60700
13900
-53900
38600
-58200
96600
-104700
-95800
-34400
307100
-288100
105300
-222100
235500
-100700
60700
-197800
128200
-242100
32300
-42800
-45900
62700
-31200
137100
-46300
-231200
63400
-115000
400
120900
-146900
367200
-376400
387900
-416100
208100
-200600
134900
-159000
154000
-252400
395000
-455000
337300
-315000
-52200
-62100
175700
-195700
46400
-97400
42400
-46100
103200
-94700
-20100
-23700
-37200
51400
-112100
97500
-169400
143500
-47000
-71500
-125800
247500
-226400
314300
-423900
170400
-218100
319700
-236200
280700
-358800
76800
-156900
57900
-111900
77400
-88300
52500
2100
12500
-94400
-22000
30400
-49300
-57100
-66000
117500
-55300
174300
-118800
23000
-271400
248400
-250200
168900
-189900
338500
-428400
192300
-185200
224600
-316000
15800
-6100
-28100
900
60200
40600
-78200
-48000
-77400
80900
-165900
146200
-86600
-56900
25200
111400
-47700
44600
-199100
148500
-189800
296000
-393300
288700
-355300
204000
-153700
117400
-304000
61000
6300
-19200
-79600
6900
134100
-216600
211900
-60400
-36300
-102300
1300
16600
32200
-153600
442100
-405000
160200
-214700
131000
-261900
262300
-297700
139000
-149100
34800
-88400
120100
-19000
-219600
25200
85400
-117500
202900
-197100
123200
-161900
189500
-70100
-164600
-82900
75900
-1700
-130400
141200
-109100
210600
-227000
177300
-313800
273000
-262600
194900
-211200
-56200
61000
78900
-107800
36800
-205900
108700
-82000
89700
-177000
121500
-175800
18700
244400
-205200
37800
-186000
123100
-91200
148600
-226100
118000
13500
279000
-472200
282000
-319900
52600
-122500
147300
-223200
42900
-82500
200100
-69500
-117700
29300
44900
-156400
-9900
38800
21300
-11100
-15100
101100
-231700
255600
-228000
-23500
-140600
306700
-337900
302700
-151400
236100
-314400
-38600
-66400
76700
-196800
135800
-151100
-57400
171700
-60900
-157500
78100
-21900
-76000
73300
-138200
114200
-81200
96100
-115500
57300
-103400
-27100
-84200
164800
-220400
225800
-220900
428500
-362500
-9400
-162800
128100
-147700
45800
-124400
83800
-106100
42900
33300
-158000
28800
192700
-222300
123900
-73300
-112100
227700
-236600
162400
-259800
124400
-119900
199700
-274900
404200
-472900
253200
-215700
24200
-97300
54400
-126000
224100
-265300
2000
104800
-96300
1500
24500
-99500
-97700
109400
-20400
-56500
16000
-23900
-80500
219100
-216200
24100
-95000
88600
-98800
193800
-260100
157600
-238400
239400
-203000
76400
-199700
174700
-166400
202400
-326100
196000
-88000
19600
123300
-270000
44000
-16100
6000
-1500
400
-99100
-12700
25100
-56100
-86900
375400
-340100
105100
-249800
359800
-376000
282700
-195300
144500
-260500
193200
-172800
-149800
43900
-15200
-5300
2000
-9900
291600
-477000
168800
-19400
-117500
188500
-276800
182200
-205700
211600
-96200
32100
-243400
189200
-218600
70000
-92600
258500
-288900
150600
-76600
-53300
-22700
-90800
36900
-116600
65400
-75700
31100
155300
-90300
-58800
-16900
-68200
-23300
-21900
-102900
18100
134400
21600
-73500
-204200
240100
-246100
271300
-316800
38800
-25600
5600
-29600
103600
-109600
-55600
-33100
-7400
-100100
53400
82200
-111500
20800
-11200
-55300
2100
-94400
72300
-164300
124500
153500
-259400
223400
-237400
96100
-178200
53300
-87800
343400
-420100
246200
-179400
203900
-222700
-117600
92000
-34300
-85200
-26700
-37100
-16000
-22000
24300
97600
-189400
63100
-36000
43000
-87700
113700
52300
-130800
-52500
372400
-548100
173500
-164000
63800
-165700
67200
-77900
-30300
56600
25800
-103900
-44000
-3300
59700
-96300
-6200
2000
-14400
-7400
179900
-225600
4900
-68200
-29800
243700
-250700
149100
-278700
387800
-306100
171000
-308100
95000
-131600
91900
-125300
249000
-209300
55700
-86200
-34500
-89600
41300
-51600
30400
-2700
-99100
68900
29700
-46400
-165100
242900
-215300
72500
-107900
148500
-178100
85100
-146900
576500
-594200
226200
-338500
191600
-254300
188000
-125800
-18900
93500
-100700
-105600
-85800
84800
21600
-13700
-72600
37500
-64300
30700
-71400
26900
-81900
281700
-348900
400900
-441700
193900
-121200
331900
-417500
34300
-116000
-2400
-61500
6300
-13700
-74900
-1000
116800
-86700
14300
-52700
-9800
6700
75400
-23600
-71700
-12400
111400
-41800
-200300
192000
-271100
137000
-38400
131200
-337300
387100
-299400
294600
-417000
20800
-33100
-55000
-48400
71100
-101000
0
74900
43300
-152900
-72800
170800
-180200
10400
-57000
59300
-11200
80200
-150000
103200
-189700
179200
-247600
485800
-500700
120900
-181600
448600
-407100
12200
-177500
25000
33500
2000200
-2140700
400
179100
-77600
-90000
-62200
9400
35400
31800
-146000
121800
-133600
194600
-235400
139400
-222300
77800
52300
-101000
89800
-83700
-191400
241200
-158800
37600
-85700
-65100
37200
-98100
18300
-108800
77700
-2500
186200
-184300
-120300
47000
-15600
-53400
44900
-43600
-29800
-68500
224200
-177900
74900
-277700
246700
-165800
56100
-181900
252200
-235300
142300
-144200
-126900
167200
-115100
-52700
-17000
-59500
52000
-71900
121900
-48300
-125200
98400
-126200
43900
-34100
83600
-50000
-37200
-9800
-13100
-32200
115100
-213000
28600
-149000
183400
-258000
218400
-135500
8500
-129300
20300
-93100
125500
77800
-162000
-41600
-40600
289400
-193600
22800
-28600
139600
-294500
78800
43200
-105400
0
188100
-253600
155100
-286000
289400
-305300
11900
-102200
138600
-65800
28100
-65200
-25800
-107200
102200
-49700
-72400
93200
-119200
-2900
-76000
269400
-281400
24700
-30000
51400
-57100
-37300
-120000
130700
30600
148800
-375300
440800
-376100
-65200
21400
38000
-142100
-14100
124300
-43900
-158200
44000
-12000
-14100
-65400
21100
-76200
1400
173100
-125000
-116000
10700
32300
-116000
219500
-273100
319100
-445700
521600
-343800
183000
-390500
63300
-49100
-25200
-31300
-34100
-15000
115800
34700
-143400
-13400
-12400
-93100
25800
-39100
86200
39800
-105100
263800
-385300
76300
-61000
327600
-385300
197500
-262600
152500
-110400
162900
-163300
38200
-53300
-66100
-90800
-5100
-76900
-5900
123800
-87300
-11400
-80600
-6800
-109600
62100
37500
1200
-26800
52900
-79600
73500
-112200
75300
-111700
4200
-192700
253800
-315200
296500
-101700
-30100
-264300
124900
-59900
-26900
118900
-129500
14400
-56500
62800
-114800
-54500
49800
-36100
26500
27100
-127800
91200
1400
-1900
-246800
153400
-76200
149400
-252800
379800
-411100
189700
-181900
58500
-113700
-24600
-1400
-31600
109800
-130400
-66800
20700
215500
-226900
9900
-89300
77700
-142100
81600
-165700
185000
-81200
65000
-110200
101700
-216500
213700
-272600
149100
-204400
153200
-178500
105700
-68100
-121100
17300
-31500
413600
-450500
71300
-146700
388800
-333700
133400
-160700
-53700
50100
21800
-75500
60100
-173100
80100
18500
56900
-245400
210300
-245100
256800
-254600
241600
-361700
147700
-69200
110900
-114400
-13600
-89500
-46600
30600
-139200
241400
-196800
57000
-24100
-48400
-66800
97500
-103900
37900
-153700
26600
-69600
8800
95300
171900
-376300
459500
-484200
484500
-525900
56200
-86800
236600
-175400
-87800
145100
-134700
-72000
-3200
8300
-15400
-81300
135300
-93300
-22100
-17600
-13600
-24600
-98700
141300
-58800
-55000
17500
118600
-274900
248200
-281900
134900
-171600
181500
-232400
180000
-198000
196600
-88100
-180100
51300
40300
-112000
85100
-81100
-82700
97500
-116100
51300
-79600
9900
76500
84500
-226300
-24700
-53900
306900
-251700
161400
-319400
224000
-258200
59600
-124600
339400
-203300
-25800
-26800
-116200
-77200
15400
100400
-31700
-105400
50100
23600
-40400
15900
46300
-112900
-118600
155700
-125500
77500
-215800
213100
-119900
191000
-362500
293300
-356500
346600
-347300
182900
-211500
18200
149700
-154300
-102500
46100
-103500
185300
-221200
180100
-134700
-58700
244100
-174100
400
-145700
-72900
106300
37800
-194100
240800
-229500
598100
-612600
235300
-330000
270500
-277100
21600
-54500
-38100
-84600
102100
-37600
-20200
-91400
27000
-51900
43700
-7800
1200
28600
-69100
49000
-124100
27000
-129600
321700
-389000
260600
-291600
568200
-545400
202500
-182900
17700
-192700
114100
-110900
20200
-94100
57900
-20900
53300
-143000
-4300
61100
-94000
97100
-23900
-35700
-129000
131500
-33900
49400
-142500
52100
-177200
195000
-222000
45400
47300
443300
-508700
29700
-209800
76700
-116700
24500
-8500
-15200
-1400
40100
94100
-242400
26100
-77700
207300
-181800
303100
-339800
198300
-208400
203700
-234100
27500
-100500
272700
-330400
249900
-327000
187400
-24400
-125000
-61000
148100
-255700
160600
-207500
80400
-102100
59300
184700
-183300
-90600
-39000
22400
-5800
-12100
-55500
-42800
36600
140900
-132700
89900
-198700
263300
-269200
170000
-263500
472100
-598600
286900
-176200
-121300
-27700
20600
79900
-77200
33300
-83800
-96500
121100
100700
-233000
25500
-47500
46400
-60000
60800
-110700
107900
-113100
173300
-274500
227900
-346200
472200
-416400
242100
-359700
324800
-221400
106300
-254800
67100
-82600
67600
-69000
9600
-120500
71000
-3700
78400
-243800
22300
51200
-2800
-400
-28500
-32500
-43900
206400
-114100
199900
-449900
187100
-170800
283800
-367900
149500
-147600
158700
-126800
-77600
55000
-90700
62200
-71000
3300
-19700
5500
199500
-97900
-215200
-81900
196900
-166800
-88900
147500
-61500
109800
-190200
200800
-281900
226000
-325300
374900
-357000
64800
-19300
-41800
-43900
76000
-169600
36300
-108900
99100
-63400
12100
-61000
16200
19100
12700
-105100
-12600
50500
-135100
378300
-329500
119900
-310200
206000
-84600
52200
-192100
99000
-100200
25200
-151500
85200
-121400
157100
-77200
-45300
-112000
74900
-115700
17700
-12200
-25700
126200
-92200
79600
-37700
-49600
-80200
73100
-17100
81000
-197900
165900
-230800
200100
-270400
243000
-250600
32200
-120400
62600
-126700
163000
-121400
-4500
-9700
-107400
48600
-57300
49800
-73300
49400
-6700
-21500
500
-56600
-124700
28100
-68300
323400
-356000
202400
-249800
588200
-569900
169600
-197200
138100
-247900
88900
10000
-194100
134500
-58500
185700
-249200
-7200
-2600
-74300
46200
-44000
8100
38400
48400
-67300
-145700
-19300
-6800
181900
-254200
158700
-230700
380600
-314300
129700
-265600
218200
-165400
-76500
21500
-90200
93000
-102700
86400
-600
-127500
-23000
145900
-228500
235800
-303900
318000
-237200
112500
-161100
-11700
-52400
28300
-105600
367900
-448900
117300
5200
225300
-279300
-59000
900
-166300
32900
-15400
52800
-30000
89600
-76400
-19300
-6200
-118400
67300
-83300
21500
-84300
121800
-60900
91000
-55700
-163200
120000
-136400
131600
-245200
107800
-120100
15500
-35000
416600
-470100
-26700
500
-85100
73500
2500
-98200
-51800
43800
15600
-57600
-74000
78300
-119800
75900
-20000
-17400
-29000
180200
-163500
-1300
-159400
115500
-173700
70500
-119200
310400
-382100
125300
-100
-108500
4700
-50400
55400
36400
-130600
47600
-125900
46800
76900
-176900
104900
-182800
217700
-156300
139500
-157000
-51400
332900
-100900
-300400
199000
-125000
24000
-201900
180800
-229100
124200
-108700
49100
-162100
93900
-3500
-32100
-154200
96000
-85300
141600
11200
-93900
-30300
-117100
188400
-174600
164100
-178200
55700
-209900
261700
-194700
255800
-396100
381700
-395100
55400
-118400
76900
-102900
77200
-44100
-52400
-47600
13300
-94200
91500
-117200
45500
-6400
94100
-27300
-195500
55900
-18800
79600
-169900
148800
-193700
288800
-230600
366000
-498200
104000
-136000
231800
-252800
54000
43500
-126400
105000
-94300
1500
-29100
-105000
126800
-201000
109400
-113100
166000
-47500
-44900
-26200
-85000
37000
-202600
271800
-168100
159200
-304100
262700
-174800
76700
-245800
408100
-284100
-139200
-17100
36600
-141000
243800
-138700
-123500
-28700
9700
19000
-18700
26800
-38200
7800
-25800
-5400
-142700
245900
-374700
260800
-263900
102000
-193600
598700
-437500
125200
-347900
225800
-240700
136000
-165100
82800
-122700
-7600
12000
38200
-145800
82500
-13800
-31600
-74400
-55400
195600
-167300
-5900
-17400
98300
-102500
84900
-106500
105500
-206100
118600
-121600
382100
-398100
-130700
1100
207400
-281300
231500
-274600
131100
-40000
4200
60500
-150000
18800
-22300
-60600
99700
-174400
21300
150700
-214900
223000
-251900
160500
-281500
138300
-146100
453000
-527700
207100
-100000
-23300
-102800
12000
26500
-131000
20600
46000
-116200
78600
4900
23900
-197800
84800
-25400
-2600
15800
76800
-87900
-58200
150500
-244700
118300
-260300
168700
-119300
273400
-335000
272600
-225900
446900
-482200
1800
-102100
-19000
-20500
128000
-165400
67500
-85600
235600
-141600
-88400
-48000
13400
-14500
-83400
13800
-74200
104800
-59900
112800
-264000
142400
-189500
532700
-639300
264500
-117600
-13500
800
77500
-177300
-32100
-89400
27500
-40600
47200
-115600
96500
6400
34100
-48100
-23900
-54200
-111100
425900
-426800
196900
-247500
300600
-301000
107300
-123200
263400
-352700
121200
-176300
311800
-377800
222000
-165600
121500
-272000
51200
21200
-48800
-95000
177800
-242100
148800
-23700
-121900
-5300
-23300
58300
-83700
133600
-116500
-34000
-36700
211400
-313900
210400
-229900
241800
-290200
244900
-304800
138300
-146700
79000
-103700
105700
-162700
3600
-68600
1600
-59000
38000
33900
49400
44600
-116700
-10400
-71400
151900
-229200
86200
-33000
100900
-112200
48800
-268000
156700
-127300
12000
-76700
78100
-124600
-7900
51100
-40000
-81900
-43000
-11000
58800
-115700
112900
-38500
41400
-57000
65800
-35400
16200
-223000
-11000
215600
-228300
206600
-175900
282600
-445000
154200
-191500
320600
-321100
59300
-115700
15800
19300
33500
-166400
48200
-42000
-44900
97600
-118700
-1500
-85200
168900
-159200
163300
-168400
64100
-105400
72200
-192400
114900
-20400
71200
-141100
142000
-297700
249500
-287000
57400
-48400
-3700
10000
63600
-62500
-103400
100500
-112800
21600
-80800
21000
84200
8800
-43300
-130300
65600
65300
-151300
72100
-156600
91300
-179300
338400
-307300
171400
-283700
24900
-16800
-2500
-61900
-39600
96000
-82400
18800
33900
-148600
8900
-54000
188800
-153800
-32200
124000
-150300
27600
180500
-188800
-162700
220600
-167200
95800
-242300
396300
-411900
154100
-143800
8900
-60800
-19900
-76900
15100
-58800
8400
-59900
151400
-71600
-43700
-39200
24200
25500
-136900
61600
-7800
-168600
156900
-56900
-102400
144700
-169500
325000
-424900
265200
-180100
166900
-248000
67400
-152100
-23300
-44800
14800
-33900
21400
-85100
51200
53700
-13200
-146200
130700
-120400
-38900
93800
-143800
152300
-135000
64100
21800
30500
-215300
164700
-215000
360000
-416900
157000
-214500
396500
-293600
-82600
-88500
16600
-7900
-15700
-44700
77800
-127200
218400
-193700
-93200
73600
-24200
-105700
-26900
92000
-123300
100700
-55100
77500
-119000
63200
-134000
307800
-378700
167600
-126300
13000
-97500
67700
-106200
-86100
-48900
155100
-153200
174500
-189200
32000
-3000
-28900
8100
-68800
-26000
-53000
115500
-156600
154600
-143400
141600
-147600
57700
-164600
380600
-424100
831200
-838300
21100
-74300
249600
-210800
-118300
-45100
1700
7400
8500
-101100
61500
-133400
176700
7600
-85500
7300
-119300
114100
-116600
-32900
-46800
140800
-46400
146100
-386100
262600
-248800
148600
-182900
86700
-139200
89100
-41600
-59400
-86500
-100
21400
-39700
174400
-221300
135500
-94600
-20000
116400
-162500
-400
34300
-128500
36300
-124100
144800
-164400
101800
-96900
143400
-277500
241600
-308700
189400
-234100
110600
-72100
99800
-62500
-79900
-6500
-91100
18100
45100
-38700
22800
-107700
117100
-57400
-133900
44900
-71800
178800
-188700
131400
-197800
301400
-259600
240000
-361500
114200
-163300
26400
-52400
22300
-91400
69800
37500
-21000
-149900
71100
-121800
4200
125400
-156000
8000
-40300
177500
-169100
15600
-23000
34700
-22000
17200
-198300
220700
-249100
286200
-262800
173100
-294800
86300
-126500
136400
-154600
101900
-91300
4200
-57000
-23600
11200
-81800
119000
-137800
21300
13800
-27600
23500
-29300
-57600
-30900
119600
100
-163400
36700
-196200
135800
-49400
243200
-391000
113100
-126100
92100
-153600
76500
-74500
56000
-32700
30500
-204400
49100
43200
-55400
-3000
-135800
126700
-142500
169900
-36400
-24800
-55400
144900
-247200
113900
-188200
182200
-227200
309600
-255300
19000
-133800
-8400
-33000
125600
-184100
192500
-137100
-2500
-900
-131500
-17500
78700
73500
-116500
73900
-110800
-21700
-2400
87400
-161400
80900
-161600
222400
-296700
198600
-213000
109800
-93700
33000
-173200
60600
-74100
-42700
-16100
128000
-143100
36100
-38800
100200
-188200
26600
39000
-31800
52800
-128600
17700
-1900
159900
-122800
42200
-216100
77700
-174400
426900
-448800
86000
-146600
603200
-518400
-8300
-150100
84300
-70500
-14100
-60300
61100
-135300
141700
-21700
-178400
45200
100300
-77600
-134500
156600
-153000
49400
-34700
190200
-224900
57800
-194400
504600
-483400
91900
-190000
299000
-228800
44700
-156400
-68000
29700
-13300
-66200
165100
-187900
60300
40400
103600
-179300
-18400
115100
-215500
9000
-15900
156800
-212700
218100
-213500
88200
-185300
258300
-340100
306800
-285000
-38100
-29400
161200
-93900
-62500
-109600
66500
-125200
50100
22600
-22600
-82600
88400
-8400
-178200
296200
-230000
15000
-96800
159300
-160800
-21200
17500
119200
-226100
348600
-391300
200400
-243400
104300
-174400
37300
60000
39100
-235900
63400
-95900
74100
-63200
-16800
15000
-65300
156100
-166300
61200
-60200
-66000
-30900
158900
-156100
210400
-274100
144500
-18200
82300
-349800
293100
-267500
-27900
-78300
178400
-156700
79100
-87000
-18700
-44900
9100
-44200
138500
-58600
-152000
132600
-81300
28000
35700
-11200
-265900
469300
-502600
306600
-286900
174700
-110900
268900
-459500
265900
-285500
96500
-153000
262600
-291700
32100
-20100
157300
-289300
16800
150300
-180500
4400
12800
88200
-109800
215900
-262000
27900
-39500
340200
-412500
105400
-188100
112000
-140900
344400
-370200
169500
-248200
90500
-51900
38900
-93200
-45600
-70200
265200
-210400
-99500
130500
-22000
2700
-195100
239000
-293700
66200
15000
22500
-161100
153100
-161500
264600
-341300
228500
-228300
201000
-149000
226000
-327800
-77000
29800
-19700
-63200
63500
-112200
29700
27000
29600
-160000
34400
-132700
156100
-2400
-93500
-64900
74300
-46200
55700
-112200
-72200
187100
-237000
143600
-187500
217900
-217100
165000
-193000
49900
-93800
49800
-166400
65900
-73400
33000
-53700
115800
-94700
-24400
-34600
36400
-85300
-43200
198700
-203800
-72100
93000
89600
-219400
168600
-221200
377300
-378000
136200
-129600
67100
-79300
17900
-144100
-54900
-40700
93200
-53500
62500
-122300
33400
9400
57900
-193700
64700
7200
62500
29000
-251500
233800
-301300
292700
-181800
3000
-171500
117300
-167100
245800
-317600
234700
-250300
120100
-88300
-13600
-42300
69600
-127500
23900
-115100
85500
19900
110200
-167100
32200
-16400
-124100
273000
-355400
362600
-457500
251600
-70800
-64900
-117500
323000
-427400
365000
-378200
290100
-363400
26600
169400
-174300
27800
-66000
-56300
40500
-55000
-19800
-32600
58000
-14300
35100
-175600
-60400
77500
-80600
135800
-214600
191700
-213400
315500
-285700
362300
-456100
205900
-157600
-43000
-71300
22900
-74600
21400
148600
-236400
29300
56600
-117100
56300
-44700
-28700
300
8000
160600
-304100
39800
68800
-63100
-79000
102100
-141400
-10100
-6600
273800
-371700
245400
-308700
44700
-30400
-33300
-82100
244700
-184300
53700
-96600
300
4400
-116000
52600
-58100
7300
-81400
103300
-71300
91600
-98500
-30900
-30400
116400
-191700
111400
-38100
176700
-248800
190100
-230900
213800
-360200
75600
-63100
-55300
5800
21400
20800
-100900
-23700
-34400
122200
-175100
188400
-124300
14900
45500
-38100
-106800
71400
-148800
145100
-179300
230200
-252900
292000
-353400
365000
-329700
181700
-349600
81700
-90600
25200
-64700
-6000
139200
-24200
-148400
6600
-121800
155500
15900
-154100
28200
-77300
42400
39700
25000
-183100
-91900
111300
56100
-177500
138500
-193600
535500
-530300
157700
-184200
-10600
-90000
44900
62800
-143800
89700
-63800
42100
-36100
-86200
19100
-83500
54000
-9100
-88800
201200
-128200
19400
-102100
-114300
5500
-29600
-8500
269600
-354200
105100
28400
191300
-316200
25200
-74100
192800
-315600
173000
-138100
55700
-79200
133700
-193300
-8400
-25100
49300
-1500
-22200
87700
-197000
67400
-86400
160000
-162800
64200
-237100
197600
-183500
172900
-262300
422400
-360900
-86700
-74700
60700
-68200
21600
-82400
126400
-100200
40100
-24000
-4600
5400
-87100
-100
-12300
12500
-116500
55400
84700
-49400
-160800
227800
-251400
41000
-105200
319100
-348100
176500
-146800
124200
-232400
141700
-59800
-153200
34800
-134100
73800
28000
115400
-57000
-186200
-39400
64200
-46900
-57300
-103700
230500
-221500
241100
-157100
-8000
-175100
466000
-513100
182400
-183900
402000
-513300
163900
-76300
80700
-163700
-59400
-7900
17800
49300
-85400
19900
46300
76900
-213700
-55400
120700
-43000
-31600
-22500
-160700
315400
-42600
120500
-460300
236000
-234700
582500
-599100
59600
-160800
102100
21300
-35400
-45600
-46800
-28700
-22300
-42300
-25200
145500
-129100
54000
-63200
-37100
-68500
9600
-94700
56400
-8900
200200
-350800
372100
-313700
64800
-143500
428100
-481700
-13000
79700
-67000
15600
20700
-37000
-98300
17100
-46000
-86300
7100
120000
-132200
-30700
78200
118500
-197000
126300
-120800
-142200
37200
162300
-239500
125000
-45300
203600
-461000
193600
-163500
372200
-400200
139900
-166800
176000
-113300
-43900
-130800
17100
20800
-95300
97600
-113700
93800
-157700
185200
-99600
71300
-206800
219700
-193900
130000
-190200
156900
-259300
355300
-218800
249500
-464800
36600
-45000
108300
-155900
-19200
15200
135500
-145900
-103000
-15000
105000
-78500
-49200
-9300
-33400
81500
-47300
431000
-538700
194200
-210100
296100
-305300
164600
-161700
264400
-287200
155700
-251500
247000
-380100
236200
-204100
109600
-139700
-64400
27500
16200
-84700
-31100
-39500
36600
118500
-133200
-71400
-39000
135500
85800
-167200
-72500
203800
-286900
301200
-387500
423800
-428900
470400
-392700
113700
-308400
70200
2200
-44300
-27300
60600
-94200
101900
-106400
-60900
-84400
198900
-126800
-32900
66100
-140500
218300
-182200
494800
-590700
276200
-319000
146400
-204900
304400
-335600
376600
-323300
248000
-357300
83500
-221000
65800
-44000
24100
-42500
-114900
123200
-41300
115300
-132500
47100
-148400
73800
-62400
67500
-126800
171700
-163400
217800
-371900
323700
-347900
245400
-288700
185300
-132200
245700
-291400
-21200
-32000
23000
-179600
100200
-100100
109500
-38800
-61000
11800
-84600
185700
-153900
64900
-136500
120600
-221300
219800
15600
59800
-265900
50300
-101800
336100
-427300
113300
-69800
197600
-300600
222400
-313800
192100
-64300
-184900
37600
-27300
20400
-52000
72500
-61500
-1500
-99600
100000
-92600
-47000
-75500
153500
-144900
216000
-257200
244400
-315800
135900
-210800
142100
-59300
79600
-204600
115000
84200
-170900
-56500
5000
-9200
-116800
227300
-283900
265100
-169900
-14300
-5800
17800
-105100
6500
-52400
-800
-61300
167200
-199900
230200
-281600
187900
-300100
479200
-460900
470200
-534600
161900
-22800
-73700
-102800
-42500
80000
-45900
-93800
-46600
48400
-13800
80000
-22500
133600
-279400
39800
-60100
1800
-150600
151000
-103800
198000
-205600
219400
-199200
234800
-483200
228900
-185000
402900
-420300
17000
-17400
48000
-6600
-100100
139200
-211400
50800
-27800
-61900
35600
-900
-33100
15200
-69900
96200
-214700
275700
-290200
197700
-144000
260200
-306000
304200
-456500
93000
-80000
36500
32700
-149900
222300
-130200
-86700
-70700
97500
-80500
-81100
60900
-33200
8800
5100
19000
-178200
64100
30600
-66600
31100
-145500
127300
-121000
293900
-252100
369800
-542500
-12500
-87000
78300
17300
-102600
36900
-36900
67200
-83800
-88000
139200
-206000
82700
-78200
-74500
41900
53900
23800
-153900
125300
92200
-137600
-97300
257100
-269800
177500
-176300
303800
-488700
14600
17000
-91700
72300
-100600
181100
-220800
145600
-112000
36600
-74100
-29500
-66400
33300
14900
-92500
20800
130100
-72000
-74800
-164800
299600
-307500
343400
-325300
159900
-272900
461500
-389300
194300
-305500
116200
-123900
168000
-247500
-22900
102100
-14800
-109300
-95100
73400
30700
-14200
-68400
46900
-110400
19200
8700
127000
-306000
377200
-400900
173700
-204800
384400
-363000
323900
-240000
-79500
-71500
17700
-106800
98300
43500
-155900
-102200
22600
95700
18200
-104300
-77800
-34500
5200
83400
-142300
171300
-176000
60900
18200
-400
-90500
35600
-123900
352500
-485700
198800
-194500
414800
-413900
-35500
-57400
7700
73700
-83300
-69800
5500
98000
-20500
-84100
-67700
85600
-76000
51600
-35600
-20600
35500
-143400
-21400
228100
-344900
325300
-363600
301500
-293000
307700
-325300
23100
-15400
51100
-25000
-154100
92200
-77400
28700
-74300
-79300
-29500
101700
141600
-216800
-120400
109800
-64900
4000
-50400
428800
-549800
208200
-76800
192500
-364800
230700
-221600
257000
-314300
3400
-24000
85700
-112900
-90900
119400
-63700
6000
-136100
84300
-106500
105600
4600
12200
-188300
60900
-125100
240400
-260000
137600
-166200
64500
-7800
135700
-184100
418700
-562900
196900
-219100
85400
-140900
178600
-185300
31800
-101300
67500
-183700
178000
-143800
125200
-69000
-61100
35300
40000
-71600
-136000
73100
-49600
112800
-176500
134400
-195200
402200
-302900
39700
-267500
370700
-307400
-86400
-45500
176100
-155100
88600
-52600
-120300
13700
13800
-67800
-32400
33300
-26600
136100
-95900
900
-200400
123300
-211600
282500
-233500
289600
-325700
275000
-170000
390700
-543200
269300
-340200
66000
-69500
67000
-120000
-20700
84600
-39600
-134800
3500
9400
105700
-36300
-181100
115000
-100300
143500
-69100
-65100
-800
-33800
-63900
106200
-300600
281700
-186600
402300
-428100
78700
-185300
446600
-473200
28900
-46900
-50400
162500
-83200
-14600
-133700
124000
-62300
-43400
-26200
16300
-83600
82300
-29000
-16900
30400
7700
-211600
128500
-200400
286800
-299800
323200
-356900
248800
-229400
74900
-273400
299800
-286400
143500
-103900
17000
-36200
1700
12200
-134000
138600
-107500
146100
-198900
144300
-180300
200300
-135700
106800
-267400
115700
-77600
226000
-245700
138800
-234500
456000
-441000
-5800
-124700
173700
-194600
13800
-116800
140500
-131700
19200
-26600
-124200
186100
-227200
125800
-125000
-49000
7700
135800
-127100
43800
-195700
311300
-119100
-88400
-92100
252700
-353700
290000
-257600
97600
-237400
24300
5900
73300
-18400
-155300
5300
72000
-75800
-48800
25900
-12200
170100
-190200
-101200
99600
-73300
-137600
152500
-102400
124400
-196700
429000
-508900
539600
-542800
420300
-509200
114600
7800
-77700
-86000
82400
64500
-171200
-33000
4900
23100
3800
13200
-118200
-14400
119000
-157400
65200
-61400
-117600
118500
-61700
228800
-332600
202300
-275100
457500
-434700
143400
-105800
61400
-120700
59900
-17700
-114700
-95800
16300
108100
-72100
-38400
-94400
94700
92300
-191400
7400
53000
-184600
111200
-98100
343000
-323700
135200
-145700
191900
-344700
235100
-187800
227200
-324600
35500
-133400
161000
48600
-254700
-21300
70200
24400
-145800
20600
-49700
76800
14300
-125400
-67100
57200
86800
-152000
-96700
191400
-107100
133800
-137500
77300
-247900
363600
-346700
263100
-332500
40500
16300
-47600
7600
-38400
149200
-191300
-73600
-14600
71100
-69700
16900
-55900
99000
72800
-187100
-166100
116100
-62200
141600
-223700
62600
-143900
219400
-60700
286000
-456500
130600
-153600
175300
-202900
-102900
70000
63700
-58800
-116800
31800
-31400
3500
-88200
30600
22500
-23100
-76500
121500
-140300
-15200
-81900
174900
-224300
242800
-196000
97200
-133800
341400
-368300
90200
-167200
98100
-104800
24400
-69800
23400
-64200
8400
-41500
13700
-74200
-76800
30000
41800
-16800
-105500
170700
-130400
36500
-134600
387600
-490300
297600
-296400
218000
-263900
514800
-364400
114400
-340300
139200
-111600
-7000
-133300
40300
60900
37400
-72600
-136000
35100
17400
-53100
-17500
46600
-137400
217300
-248700
114000
-101200
21700
-186400
264500
-242700
1693700
-1666000
179700
-181100
258800
-342000
313500
-406700
35600
-24700
-34100
-123300
49500
44500
150200
-205400
-32400
-24000
148100
-55200
-180900
118600
-144800
343400
-277900
180000
-351000
283300
-267600
68400
-140300
232700
-223500
298000
-233900
-66900
-59600
48300
-117400
-60100
-11600
155800
-165400
133700
-162400
100400
-51800
-51600
18300
-160500
162300
-159500
147100
-163500
199600
-236800
-33600
-124100
354200
-316000
271400
-309800
165500
-71500
295700
-500300
147400
-199300
201400
-158400
-92600
-22600
23300
139400
-64500
-32800
-127300
91300
-85300
4000
700
62400
-41500
-16600
-130200
251700
-323300
482100
-503200
210800
-326800
301200
-240700
213300
-189300
-143800
105000
-82600
-26300
-80300
87000
-121500
17400
90800
13600
-75700
21300
-106200
40800
-138800
42100
-52300
531200
-490200
261600
-418600
191000
-280700
435100
-365900
278200
-369000
44300
37800
56400
-279500
115400
7000
-67800
65700
114800
-279700
26000
30900
31400
-80500
-39800
63000
-152100
437000
-509500
123200
-17400
123900
-145000
31900
-123500
320800
-427700
240300
-256600
196900
-355700
264300
-190200
-43500
-2500
-64100
8200
15300
112600
-167400
23100
40200
100200
-127800
39400
-151600
49700
-78200
22900
-173000
203400
-114700
328000
-430600
180900
-278900
297800
-271600
107200
-195400
-6400
121900
-42500
-216800
158300
-92900
-12700
65400
-66200
-83000
-10300
404000
-344600
25700
-140100
83100
-118800
216500
-284600
214500
-201200
353900
-365900
77900
-115100
163000
-213500
12100
-7700
-34100
-190100
226100
-48000
-141800
-31200
-17200
165400
-162400
-200
-107700
59600
15700
87800
-193800
148200
-130600
4400
-192900
217300
-231300
491100
-403900
371700
-504400
328300
-317800
-8500
-59700
12600
23000
-55900
-35100
128900
-118200
-48900
-63000
-27800
232200
-229900
201500
-272500
245300
-196300
38700
-117000
98100
-114100
23600
-120700
333700
-474500
364400
-270800
166100
-304600
117400
-104200
41400
-71000
-8900
-17600
36300
4600
-192900
176700
-109300
76300
-130300
114000
-210200
60700
55200
314900
-413500
104400
-151100
128200
-283500
343800
-339600
426800
-399400
305300
-428600
135800
-46600
135700
-247000
108000
-54000
-119600
313400
-217900
-156300
21500
64900
-90200
24800
-106400
4800
21700
159300
-165000
23100
-142700
156200
-311600
264100
-254300
474000
-397800
148800
-233500
120400
-92500
-126400
-19300
-27200
130400
-137100
36300
-25300
201200
-267000
153300
-148200
-39600
-12500
3400
-100800
59700
-43100
73700
-143100
58700
-138400
430700
-448000
293800
-338500
206200
-104700
118200
-239900
-64300
75100
-90500
-108100
88800
59800
-102300
33200
-74000
26200
-101600
145900
-181000
62200
-34600
-60700
15700
142600
-162300
-35700
-91100
325100
-375100
180400
-146100
304400
-379100
58100
-52800
-48100
-71300
-57800
34300
-27600
86900
-93600
-2300
18600
51300
-190000
88400
-91400
144000
-164300
73100
-100100
107300
-167800
219700
-344600
329400
-296500
342100
-387700
240100
-317400
68200
9800
-3900
-142600
-15200
63700
56300
-160200
-38800
33600
77800
-21200
-106800
62900
-120900
105400
-140300
42400
-155600
250900
-267000
292700
-247800
221500
-286500
457700
-460300
-56800
186100
-184000
-35700
17000
140000
-226700
6000
-68200
13900
77200
-179000
95300
-97400
139600
-60500
-202900
58100
-96800
85000
-74400
110000
-210500
366900
-306500
86700
-208900
411600
-417600
185200
-229000
135000
-78800
-41400
100300
-127600
-131400
143800
-88800
-30000
10800
-75800
89000
-124400
180300
-157400
-51700
-40700
161400
-165000
131600
-182500
128700
-265700
381200
-305200
317000
-469000
79500
-91500
263100
-255900
-71700
-9600
196200
15900
-206500
-6400
-28500
9200
-92400
212000
-273800
86700
46700
-600
-154500
95800
-161100
161300
-90000
156600
-273200
369000
-344400
348300
-478400
19900
29100
-45400
-125600
57100
-20900
-10500
-31900
20400
-29800
-20400
-76600
-32400
-500
19700
21400
-150900
115200
-41500
24000
-133300
253100
-313500
318700
-324900
177100
-261500
215700
-52100
-38500
-183000
151100
-129500
-25200
-19400
12000
-43100
79900
-39600
-180300
-7000
600
171200
-86200
-147200
140400
-121100
53000
-24000
-157900
194700
-226000
87600
-120300
237300
-239000
354700
-340900
47100
-30700
58100
-250100
76800
-74100
-17700
29600
-39800
-24500
155200
-153700
-79900
88500
-16100
-58500
-129100
76300
-59000
121000
-114500
131500
-241900
135700
-167400
234000
-309700
490400
-479800
121500
-120300
-9800
-68600
-70500
49800
-83500
280700
-310700
-87900
115500
155700
-167400
69300
-257000
206600
-174700
205600
-208200
258100
-225200
28500
-176300
368700
-376300
145900
-152300
182100
-353000
355100
-157900
93500
-264900
-29500
36800
-120500
-50500
13500
95600
-48200
9600
-56400
64000
-141400
-45100
38800
215900
-249500
104800
-165300
500500
-522200
234400
-339800
127500
-179900
323900
-305600
224400
-310700
164900
-118600
10600
-205300
120900
-127700
60700
-28800
-60800
53900
36300
137300
-259300
233200
-279500
237400
-300000
209200
-258200
174700
-48200
143000
-224900
79500
-91700
159900
-338900
5600
-75600
185800
-110600
84100
-201100
-8500
-18200
-3500
-45800
-15700
196400
-211100
156600
-109000
-76000
-61100
175900
-230800
100200
18500
-31600
-200900
324200
-169800
181200
-400900
116600
-108000
224500
-303700
60000
-55200
60300
-9700
-125600
43900
-92600
93000
-100200
-21700
-21800
115200
-52900
-3900
-151200
57900
-10100
21200
-91100
118400
-243100
388500
-322000
108600
-239100
556300
-607500
53600
-127800
35000
-89500
101600
75600
-100400
-79500
30400
-115500
33900
74800
-128900
42100
-85600
94300
-69000
-43400
-22800
128600
-227500
162500
-216200
431800
-489500
502900
-471500
254100
-370000
55800
-14900
44300
-191900
16700
-31900
197300
-47200
-168000
-14200
-6100
-4900
8500
-80200
138800
-96900
-35800
392500
-501100
143100
-119900
-3700
-124300
371000
-303700
395100
-367800
82700
-194400
176300
-250000
55800
-158300
548000
-594400
173600
-18400
-111000
118700
-122000
-43200
-127000
56600
-20600
71600
-85700
126500
-129900
64200
-143000
43100
-174100
262600
-211500
341100
-491500
250900
-193900
111500
-213600
49000
-97700
58800
-98700
-29500
-19000
121600
-900
-127100
-11900
-40000
133600
-84300
70000
-178900
181800
-61000
18700
-238000
197900
-182300
246300
-278900
77800
-194800
470500
-503400
166000
-137700
137600
-166000
-13000
-89500
107000
14000
-52100
-16700
14500
-67500
-53300
3900
-67500
-26200
74100
-30600
-53400
146200
-25900
26100
-289000
67200
-91000
469500
-443800
113300
-225700
198300
-92000
-93100
-72600
-14300
8900
12600
-13300
-71900
76400
-57300
0
-122100
47100
87500
-134000
-41500
64300
-38200
-25000
-18300
123700
-219700
244000
-288500
145000
-225200
447400
-530300
106700
-58000
430900
-491800
95100
-169000
123500
-72600
-49100
-64700
42900
117000
-82200
-61500
-16700
-9300
-24900
30900
-217000
359200
-379100
344700
-262500
129400
-218800
410600
-438800
330000
-439200
92900
-18000
104900
-46300
-183900
43400
-88900
-75000
99700
-126500
83500
-14200
-37000
46000
-132600
127500
-162700
351500
-409200
165200
-127500
-16400
78300
73900
-170100
264300
-473300
221200
-177200
287800
-363200
11300
41200
52800
-100800
-39300
29800
-6400
39400
-197400
110300
-61100
-26600
500
4900
-124300
155600
-183700
94000
-40200
-7200
-122800
280600
-163000
206100
-338800
119500
-192700
262300
-436100
184900
-122700
38000
14900
-97000
-8400
-28300
75700
-81100
-13900
-118700
73300
55600
59900
-147100
34800
-93900
35500
-98700
344300
-434400
334300
-204700
89400
-268700
196900
-215000
100800
-187300
216200
-220400
6100
-13700
-3100
38700
-119100
-66400
-1100
-16700
173300
-170600
-59100
238500
-174700
-51600
-10100
180400
-326000
273400
-311200
156500
-221600
380000
-260900
173900
-296700
-7300
6900
26100
-193600
53500
-30000
257000
-205900
-148200
-14100
3600
85500
-88800
85800
-138000
173000
-93800
126600
-328500
168800
-65000
141200
-201800
62700
-133700
337500
-371900
388100
-489200
371200
-472900
80800
-10300
18600
-47000
-25700
61800
-9900
-228000
128600
-63900
28400
-17800
-105000
37100
-53200
202500
-169100
152900
-206700
237300
-315000
165400
-275200
322300
-241300
453300
-565600
2900
-78700
137100
-181400
32900
-43800
13400
3000
177800
-212400
-73800
110500
-119800
104500
-128900
134900
-167400
-17100
23600
145300
-195600
112300
-149700
88900
-121300
392500
-539100
211600
-189700
556800
-581800
44100
-139200
-15900
-10200
15200
-14700
-44300
203600
-83700
-2600
147900
-340800
109200
-67100
-92300
-1300
-163600
285700
-150900
162000
-19500
14000
-293000
347400
-449400
173400
-158600
92800
-48600
9600
-144200
20600
7500
-46400
-102600
22800
99800
27700
-5000
-213800
106200
-119900
74600
-104300
196000
-271600
173800
-99700
180400
-305700
143800
-153200
389400
-442300
105500
-225500
330100
-163300
-65000
-115000
11900
0
-104600
1200
-1900
120500
-117000
-12100
4900
-39400
-3800
97300
-119800
-42300
-46300
67000
-91000
289400
-371100
421000
-466200
263900
-320900
139800
-127500
75100
-163200
103800
-70900
-11000
-86200
98600
-149900
179700
-182200
91700
-141700
101200
63200
-200000
115000
-177500
38200
-1900
360000
-482300
188900
-70700
91000
-236100
154600
-166700
170900
-340100
54000
-63200
172500
-57000
38500
-247300
80200
-77400
16900
-128300
109200
143000
-171400
70800
-154600
54300
36000
-173400
-19100
57800
-49400
172700
-221100
245000
-223800
369000
-554000
226900
-248600
134500
-148700
57000
-132600
90000
12800
-130000
-53700
208400
-37000
-136300
70900
-117100
91000
-68300
147500
-284400
161500
-151700
209600
-331300
325000
-300600
158300
-181200
326200
-408800
344800
-408800
62100
-62700
100900
-226400
184800
-90800
45600
-110500
-93300
-33100
43000
91500
-142300
128600
-128200
105300
-98900
180500
-260200
29100
-113500
187100
-165200
150700
-207700
576500
-547300
280200
-471400
191900
-61400
-48900
-61000
-67600
80700
46700
-202500
9500
50600
-34400
-6300
-125100
90100
-122600
112200
-9900
252000
-435700
176800
-203300
108300
-126600
230400
-307000
388500
-321800
309100
-313600
6100
-125600
-3300
-97600
88700
-138600
85100
-39700
65900
-140700
-5400
-59000
16900
92000
-142300
273300
-313200
183200
-87900
113500
-339600
314500
-258000
194800
-334200
332600
-259800
614300
-656000
-6300
-103100
296300
-360700
215200
-222700
138300
-154000
187200
-207100
70100
-40100
-90200
202700
-282200
159700
-144500
36500
-45900
83400
-147900
146500
-275900
167400
-155300
462100
-556700
253900
-137000
341000
-402700
-19000
-137900
6500
49700
-90400
-35900
23200
82100
6800
16000
-167800
78600
-116400
75400
-34100
-52000
-100600
323200
-256500
125500
-219200
191800
-182500
74600
-187400
300500
-421800
170300
-93000
106600
-191100
55900
-125700
114600
-115100
-29600
-36600
62000
158800
-345900
148400
-45300
25300
-75100
154600
-229500
52200
83800
65100
-251200
204600
-282000
498800
-504300
208400
-274700
48300
50200
230100
-358300
60800
-23200
-109600
-11900
-56100
161100
-133200
-9800
139900
-186000
-22300
37500
-125000
145300
-120200
124400
-214600
115200
79400
-172200
-61000
423700
-455700
137400
-261900
132400
-135900
39400
-57700
-86000
55000
-49600
4600
108000
-48800
-114600
53300
53500
-68900
-50800
-131400
51500
6100
-74700
11700
-43900
45900
-65400
382800
-454800
195300
-248200
168900
-172000
106200
-223200
39100
98000
-1700
-142100
-3700
4400
-18300
-75100
-17800
33100
-70600
242500
-322100
156000
-183500
166300
-207200
212400
-265700
308500
-336000
158600
-139100
128800
-182400
206700
-245300
16700
-38800
-10300
-74200
85100
-8900
-127400
-109700
56200
9700
45900
-40600
-52300
35300
-20900
88200
-196800
142900
-167700
174800
-251700
218300
-234100
367200
-352400
201300
-319300
333000
-360900
356400
-327800
-89800
52400
-44800
20300
157300
-274500
35800
-47900
-97400
92700
-40100
97100
-166300
314100
-332100
45200
-47200
-1900
-103900
120500
-43400
226100
-394100
308800
-238500
162900
-384300
144600
-139700
125900
-89300
91400
-214700
234400
-106000
-176800
-9000
22800
103700
-107900
300
-28600
-49300
97000
17600
-228400
165100
-178100
400600
-461600
255200
-267100
471100
-460400
193500
-295100
253900
-238000
-50500
-8500
-15400
-54900
-50500
228700
-75100
-80200
-63800
77300
-159000
104200
-106800
300700
341400
-560900
-9600
-900
-98400
58100
-242000
179400
-134400
259800
-406800
244800
-171600
99000
-272100
48400
-28600
223600
-218200
98800
-190200
73600
54200
-180900
238800
-239400
104900
-108200
184700
-303000
215700
-181100
54400
-163800
182100
-212400
316900
-485500
422400
-398500
233600
-119900
48800
-261300
41500
-27400
-63000
25600
-16900
-41300
37600
96900
-107500
15400
-103200
88300
-107500
67700
-141400
295300
-272300
477800
-471000
164000
-260100
450400
-572000
176400
-128700
394400
-487900
154200
-76800
-170400
78900
-94500
89400
-80500
-67800
-20700
68700
51900
34000
-228400
161900
-173800
10400
-33600
218200
-299200
208400
-150600
335200
-426600
402100
-408900
157500
-308600
55400
16400
8900
-118500
60700
-20700
-41000
-101700
86100
-99000
73600
-55700
-108700
195800
-101400
21600
-125100
126200
-243100
103600
-14800
243200
-275700
129000
-180200
436200
-503300
182000
-269000
70600
-81000
277100
-275700
46900
-5500
-143800
-16300
12200
16400
8300
-45500
-46300
128200
-32100
10900
-188000
53700
-35500
39700
-144900
267100
-261200
147700
-141900
153800
-242100
422000
-595900
370400
-336900
194800
-164800
-112800
85100
32300
-57100
-81300
-9900
-67100
148100
-128100
-54600
34400
75900
17200
-65600
-86600
70900
-139600
77100
-77800
42000
-56800
-43500
83900
171400
-431200
311600
-316300
205700
-257300
123900
-127400
81000
-66500
-56600
62000
-130000
70400
-91000
100300
-174100
176800
-109600
161100
-277700
3000
68700
900
-110000
137800
-213700
339300
-325200
355500
-516600
445300
-465500
63100
-73900
178200
-147500
11700
-33400
16000
-59900
-60700
98200
-148200
306800
-329500
140100
-153000
98500
-23700
-116600
-117600
209500
-242100
340400
-338500
259400
-359800
635400
-558700
-38600
-72000
73600
-46600
-87000
9600
-37000
49900
24100
-21100
-133600
120100
-126900
-71300
-19000
18900
22600
-64600
-21500
165300
-232000
259100
-215600
261400
-396700
458400
-448700
149200
-164900
293000
-301100
41500
-135400
-43600
18500
4900
-27700
-75100
145300
-80300
-178400
28600
51100
161000
-173400
-119900
181600
-220100
214400
-131300
87200
-251200
344000
-367200
138600
-200400
475200
-399800
294700
-273700
-89800
-39700
-51400
-16500
-62200
-29500
72800
-96200
129800
-35600
-121800
13500
18700
3000
-119100
112400
-186100
171800
-90300
254400
-349100
203900
-258400
529600
-591700
393200
-414400
-11400
86800
89300
-252000
174900
-189000
-24000
-138100
133100
-83200
94300
21900
-70000
-48500
-22800
26400
-47500
97800
-254100
244600
-209500
285800
-289800
377000
-360800
183400
-272600
-10300
197800
-33800
-295000
244700
-149900
-215400
13300
58400
-43700
-25700
-9800
-40700
125300
-56700
-72200
-87000
79900
-20000
26800
-129600
344200
-416200
312100
-242700
256500
-395900
481800
-508500
235300
-336300
374600
-348200
79700
-75500
-42600
-88500
78900
-118300
105000
-145500
86900
-30500
-137400
148900
-51500
83300
-155500
39400
-112300
95900
-139600
339800
-419900
413500
-365800
135800
-227300
386300
-456900
78200
-75000
3000
-17400
96700
-155500
-36200
58000
8900
-57300
-83200
181500
-162700
300
-5700
45500
-102200
145700
-188400
40600
-91000
90600
-274500
262100
-110600
430200
-638000
277300
-273800
302300
-346100
23200
-50500
48100
17800
20000
-130100
-41800
56600
-52000
5400
-74400
82500
-100100
146000
-82800
-36000
-108100
224800
-215500
304700
-329800
134800
-269300
222700
-165300
425900
-609400
85900
-80800
137200
-248600
155100
-101300
67400
-36700
-131200
-24800
24200
14400
-11100
47000
-143200
32900
130300
128300
-297900
51800
-92300
100600
-206500
183200
-243700
440400
-337000
202500
-377400
125500
-146600
95400
-103800
-41900
44500
72200
-7600
-94500
20100
-75700
-6900
-78000
183000
-195200
131300
-180100
188300
-106600
29000
-218500
193400
-247500
91400
-34300
353800
-395900
162400
-119800
-89700
-157900
99000
-27400
-4000
-73600
-19000
34900
14200
-71800
-78000
66300
-16800
103500
-204500
24300
-87700
18000
170100
-16800
-287000
355700
-314700
-17800
-109500
361100
-297700
264700
-339400
378000
-465700
170900
-168900
77000
-142000
-11600
122600
-94500
34200
-57800
41100
-115300
58700
-56200
63300
-138900
104600
-164300
45300
72800
-49300
-124500
177500
-278700
410200
-429100
160300
-180400
461600
-487900
18700
-111000
-7400
-6100
39400
-41500
-53000
121400
-17400
22300
-208800
64900
-22400
98600
-165500
-7000
-50600
45800
9700
216300
-379700
274500
-320000
480500
-524500
167900
-166600
121000
-142700
57400
-90100
-4100
-43600
-6700
-27400
-20500
-89700
10900
110200
4700
-74500
-42000
58900
-165300
-5700
-60700
122100
-176500
410100
-302100
-78100
-67900
319500
-299400
639200
-686300
360900
-429400
511500
-391500
-244700
-27300
143700
-58600
-24000
-80200
10500
121100
-83600
-40500
-17200
-5400
-55800
6900
-120700
83800
-147100
222300
-172200
195600
-311000
385500
-430800
401200
-373500
-8600
-43800
64400
-26000
-39400
-66700
-9200
-56300
-31300
116300
-161500
2700
17100
147800
-128800
32500
-172600
87600
-111700
29500
-79700
248600
-242300
150200
-228900
239000
-350700
606100
-528300
15800
-31500
-90700
-61600
176500
-126200
-77900
-57100
145600
-165400
-5900
109100
-154000
115600
24400
-98600
-129900
95000
-86500
15100
-82700
234600
-139800
70500
-214400
322400
-416400
639400
-664100
122400
-163900
236700
-258100
-43400
66700
28300
-95200
-9800
-89600
54000
2200
30300
57200
-145100
143100
-59100
-153700
-105600
214200
-196000
204900
-216400
57700
-123900
542000
-480000
67100
-175200
117000
-195700
6900
-52700
35800
-15400
44200
-114400
-3200
-300
-59000
-82500
49700
138700
-203500
237900
-219700
51900
-28500
-116300
-118800
257100
-277200
343200
-411000
317000
-266800
613700
-575000
16800
-154700
50400
-90000
54300
-69100
-33000
107600
-20900
-140000
6800
127600
-143100
-93800
-11700
102300
-4100
8100
-109400
98600
-183500
251500
-228200
356600
-437800
469900
-584300
175500
-111600
-12700
43600
-57500
-62700
-58900
48100
-30400
-154300
210400
-112700
15900
-15800
-172800
171700
-210400
141100
-139600
117100
-55900
85400
-192400
168200
-161700
228300
-265000
371600
-413200
84500
-54800
193500
-424900
227900
-217100
84700
-164700
66000
-58100
36400
23300
-85000
-69200
10600
109000
-152400
201800
-247400
100200
-88700
183300
-201700
214400
-265100
119600
-180500
402400
-465600
219300
-285700
320600
-216000
-86100
93300
-143600
14800
-36600
9400
-91700
-89000
111300
146200
-190200
-145300
195800
-129900
23900
-70500
-126400
251100
-190700
215500
-332500
280000
-303900
212800
-205900
258800
-288500
13100
29500
190100
-301200
12600
-87800
27600
-52500
-43300
41200
-30400
231300
-225600
5500
-110100
58800
-75700
100600
-106400
108900
-225800
402000
-359400
213100
-296600
392900
-443600
107600
-75500
4600
-100100
69400
12500
-139700
-19000
-37300
21300
-57500
-46500
-20600
200900
-78000
45500
-217100
133700
-94600
-22100
-25700
51000
-171900
299600
-242100
173200
-326700
252400
-222700
225400
-301700
-17100
25800
87400
-184000
62000
-121200
74100
-51400
-99600
39000
-50700
263000
-311500
276700
-235000
46400
-83600
104400
-210800
61600
165400
-31000
-110100
56600
-122400
261900
-491000
231900
-183600
308200
-373600
-6000
-48500
141500
-72900
-115500
-21100
-10500
124000
-152100
6100
-55200
160600
-38000
-129800
-75300
191300
-156200
31700
-194800
196100
-169800
294200
-324800
367800
-391300
294500
-322100
-5900
-97400
61000
11200
-100100
82500
-67000
-42300
9400
-48300
-23700
28600
-11600
-95200
-69600
166100
-78000
45300
-186900
435600
-472700
265600
-237200
320700
-391500
297100
-186700
134000
-427100
144400
-111700
347600
-436500
65700
28200
-40100
-25900
-24700
-95400
-22200
33500
23400
27400
-83100
-64900
125200
-42100
-244700
230000
-217300
195400
-231300
224700
-268600
414300
-346200
126800
-255300
128600
-17000
-115600
-73600
-11600
23700
-27700
26700
-23300
-800
-139400
132500
-135300
224700
-252900
61900
-96500
250400
-203500
-47700
-122900
185400
-94800
159500
-342200
182700
-186500
555700
-510100
-31900
-50400
-51500
39800
-71600
-42100
9800
1900
35900
-27800
-102300
73600
-101400
17300
-83900
47700
-25500
29300
-108400
206900
-301400
283800
-260200
310600
-335300
506400
-525100
125200
-110600
12200
-46800
0
-73100
-49100
28700
77000
-251500
266100
-127100
25800
-80300
-151000
142200
-122000
169700
-260500
264000
-255000
261300
-234700
93600
-189600
164200
-145000
459000
-530000
102700
-127000
307100
-329900
16000
-130500
42000
-73200
87300
-126800
42200
24900
-71800
94000
-165700
136500
-170800
168100
-203000
46100
-151600
287100
-191200
202600
-255300
231300
-346100
468500
-385700
179500
-293000
-19900
10100
111900
-306000
109500
10800
-44300
-100600
40000
-71700
107100
-10500
-16400
-27300
-139600
81400
-69000
203400
-252100
-1200
21800
122100
-112600
51900
1377300
-1074000
-559100
375200
-319300
-32800
-32700
154200
-152600
2000
-30200
-70500
7400
-104400
19100
-58300
156200
-40700
95900
-313900
94100
-117100
225500
-308000
202600
-186300
20700
-21100
303200
-375100
400500
-406100
92900
-149800
91100
-225100
91200
11800
53000
-222100
100900
-139000
88500
22300
-140300
92800
-121600
281100
-217400
31500
-148700
93700
-118900
88800
-181200
258000
-168100
277000
-246200
146700
-265600
180900
-246800
68400
-120600
-27400
-121800
216600
-65600
-11000
-117700
-57600
-3900
65000
-17800
-154500
231200
-168900
281800
-388400
173800
-206800
81700
-9700
46600
-242500
184600
-17200
209600
-414600
189700
-211900
164000
-275400
165300
-134700
201700
-173900
88600
-223800
30500
8000
88500
-85800
-104900
90400
-86000
7800
-14500
-6200
9900
-21800
-40100
78500
-247600
414700
-387900
288900
-336600
262200
-280400
77200
-184800
219200
-179700
-37200
-36700
82900
-93700
33400
-156300
40300
10900
-25000
-13800
-103400
341000
-239300
116800
-223900
200600
-278100
298100
-311200
257600
-339700
322500
-254000
278900
-371900
8800
-24900
106600
-201300
-1300
21600
-50400
-25200
141600
-107700
-50600
-50000
90800
-76900
-76200
18600
-155600
351700
-272800
96700
-153100
214400
-328000
436200
-439000
288000
-345500
369800
-293200
134200
-91000
-182800
12300
67800
-139700
157100
-185200
117600
354800
-518900
79600
-134900
36300
-55200
-35100
-13600
-7000
69200
1400
-98200
73900
-164200
310400
-405600
238200
-215200
202800
-160600
-38500
-165000
42000
110800
-159200
86400
-118200
-16100
107700
-64700
-96100
60800
-100300
76300
-29900
104400
-259400
64800
-57500
124500
-104100
169300
-228700
251200
-279600
63100
-124500
260400
-306300
158800
-210500
31500
-4500
-59400
-104300
53600
62100
-82700
20200
-1800
16600
-77800
13800
-102700
61200
-96200
-6500
-96100
172100
-115600
234900
-230800
78000
-263500
191100
-51400
73400
-252000
54900
30500
75800
-157100
-95000
60400
-90700
32200
-82800
82700
-145800
287500
-192300
-202100
161200
-101800
-16800
153600
-195600
187900
-194600
258600
-307800
117200
-198700
187700
-248700
33900
-105200
86200
-21100
69500
-12700
-120000
130600
-167200
-82800
18200
40200
-60500
29200
79200
-82300
-72800
-36200
98900
-23100
-180100
162100
-135500
225500
-286700
281200
-328000
196000
-316800
53300
38300
89000
-283600
292700
-148100
84900
-162900
-141900
18700
-60600
186700
-162100
88900
-145100
137600
-60300
-51500
32000
-60000
-93300
173600
-196200
258000
-341500
345400
-271300
347100
-407100
-36600
-9200
93000
-258800
914100
-809500
24700
-20600
-27500
-56400
-99000
-71400
131100
-13300
-151800
85800
-17900
111300
-193300
154400
-157000
164700
-197800
137400
-218500
229200
-182400
325400
-463800
-6200
24500
92600
-120500
-30800
-80300
54200
-103300
86100
-169600
177400
-200500
1300
52000
-99400
165300
-226100
378400
-353100
48200
-101600
142000
-142300
139500
-174800
227300
-312000
227700
-138600
178300
-302200
18000
-74300
81000
-205300
40700
-45900
118900
-97900
-22700
-88800
-8600
176900
-158200
35700
-39500
22400
-30000
347300
-430000
37400
-45900
160200
-244900
170200
-191600
212100
-257000
176000
-312200
266000
-288100
-37100
10900
23300
-4200
-29200
57500
-51500
2100
-73400
86900
-159600
63200
-66800
-5200
-92000
384100
-303100
61000
-315800
266800
-237200
445500
-468200
369500
-396500
466000
-416700
-72200
-105900
38100
38400
-39400
-10800
-33500
51400
-19200
-48900
-55500
99500
-127500
135700
-111000
-33500
-120000
191600
1112800
-1056200
-259200
34300
45900
173700
-324500
67400
-168600
307100
-325900
143800
-239900
186500
-171400
-73600
-7700
13900
-19800
22800
-14900
-5800
122000
-238100
128200
-125300
9700
17400
63300
-225300
131400
-53100
102700
-204500
195800
-220300
319600
-362800
243000
-256200
307200
-379600
222100
-147200
-90000
-88100
34800
97300
-115500
-93700
85100
66100
-213900
104300
-121900
57800
-49600
174100
-229100
204800
-135300
67500
-228100
474000
-534100
334000
-320100
-83100
231300
-74700
-229900
105800
-157200
123400
-97300
-81700
-4800
13900
15500
-82000
63000
-12700
55200
-158400
83800
-200900
137100
-96000
207600
-137800
110100
-168500
207200
-425200
192700
-157200
334600
-350800
59700
-155200
181700
13200
-188000
-12500
-80600
145700
-131200
-104100
59700
43600
-22600
63800
-178100
202900
-230500
96000
-105000
55700
-101300
240400
-227500
358000
-500500
135100
-121400
218500
-326400
261900
-290700
247500
-132900
-129700
-59100
2200
78900
-48000
-120000
28800
114300
-80300
115000
-107900
-90100
-115000
111000
-128900
154500
-10400
61700
-239300
334500
-321600
91500
-175600
27900
-122100
65000
-43700
-68300
-22100
126900
-2000
-81900
-122200
107900
700
-58200
-62600
77800
-57200
63800
3300
-185100
-1100
-56100
170200
-169900
251400
-381800
225600
-64200
226500
-490300
110300
-97000
75800
-79900
-62200
93100
-113700
-41500
31500
-1800
-29500
-7900
-7200
-25000
-29600
26000
-95600
240400
-228700
18400
-154700
269000
-311900
247900
-247400
330000
-364000
226100
-171600
-6700
-234700
128500
-4600
15400
-120300
-15800
5400
270100
-268100
-2900
-24800
-156600
54100
-21000
74500
-140000
174800
-164800
157700
-205700
43600
-125600
312700
-265100
319100
-473300
150400
-106900
335700
-420600
-700
-30300
-29900
51300
-96100
62200
-63500
163800
-99000
-54200
-119800
37800
-10700
45300
-84100
27800
-123100
79900
-62600
129500
-256400
359900
-356100
236500
-340000
608800
-567100
274200
-312300
-31900
-17600
-29400
33000
-98400
71100
-69700
-8200
63000
88000
-165300
-116500
-33300
82200
60200
-20800
-166800
127300
-122400
201400
-254100
223300
-309900
410700
-387800
87100
-221800
357700
-149500
-113400
-120700
5400
-43700
-70500
68100
-83300
133700
-89900
13700
-35200
33500
-120900
161400
-228200
95400
-76000
177300
-267500
143700
-32800
112100
-281600
211900
-258500
461700
-564300
52400
-80700
275600
-269500
-37300
24400
-44600
-122500
182500
-131500
75200
-55800
4800
21900
-155900
199900
-176900
95000
-135400
106900
-63500
138000
-202900
198000
-222200
264300
-458500
223200
-218100
266900
-238900
20700
-59400
89100
-159000
-67500
-26000
16400
3300
14500
2100
-97400
227800
-188400
27500
-59300
-34400
-83100
32600
-9900
220000
-372600
410800
-307100
49800
-243100
249100
-215100
261600
-350800
66900
63400
203600
-270500
-44600
-106400
-12600
79300
-66100
-83100
46800
38300
-17500
68900
-212200
35900
-48200
21000
-146400
357200
-297400
166100
-186200
305800
-511700
342400
-414100
117900
-99700
136900
-165700
51900
12700
5900
-29400
-75800
-43000
-50000
125500
-60700
66200
-157600
205200
-72000
284500
-426900
128800
-170000
117400
-232800
164500
-181500
443400
-406300
47500
-200600
110200
-94900
10400
-116900
48100
9500
-8200
25000
-84700
61100
-79800
-31800
-63700
194700
-220000
49800
22400
18000
-75800
8500
-185200
212400
-236500
326300
-391100
242100
-133500
206500
-158300
66300
-223400
-44500
84400
-134800
-82600
44100
98600
-46400
-105600
-7100
-51800
-23200
84700
-188800
85000
11000
79200
3000
-61100
-207000
231900
-261500
245400
-207900
119200
-155200
417000
-416500
-75300
-36500
22500
-175100
72800
-65900
116000
-128800
39900
19100
-79000
74700
-85100
12500
-64100
122000
-144400
78900
-50700
394600
-467400
123200
-340000
285100
-243900
472600
-490000
143500
-67000
131700
-307800
-200
-44400
-19700
64900
-76900
22200
107500
-53700
8000
24600
-195600
101000
-166900
181600
-197600
-17300
23000
140300
-66100
-94000
-153700
106700
-104300
384200
-398400
134300
-210100
293300
-235200
-46500
-77300
320500
-285800
1100
-40000
-31800
87300
-127800
143300
-209200
73800
-130800
84800
-98200
33300
-40100
151100
-119300
85100
-253300
31100
-77000
534000
-651900
226300
-221600
140500
-63700
13000
-183300
27900
21300
-45800
-900
-103100
129900
-132400
114600
-73600
10800
-50100
239200
-304400
44600
-62300
-3600
-53700
387300
-448200
308600
-360500
361000
-417200
167200
-174000
178500
-206000
55500
-36500
-2100
-154600
71400
-124800
74100
-78600
-61000
67500
28500
117700
-229200
202900
-238400
71600
-129200
266000
-365400
198400
1200
90400
-253500
149600
-192200
330000
-512600
108400
-90400
149500
-73600
62600
-190000
116500
-147600
-63000
53500
20800
138100
-282000
202500
-132500
39400
-79400
148300
-233900
48200
-49300
231400
-340400
197800
-150000
287600
-454000
187700
-211900
184400
-239100
102200
-107100
126700
-71900
-130400
-18200
40600
77400
-70600
-46800
-50900
157100
-109100
122700
-294100
173300
-154300
200100
-301300
285100
-272100
108700
-101700
326100
-428100
329000
-349400
5800
37500
-32600
-88300
-17500
92600
-8100
-178700
14900
35400
-35100
-31800
32100
-100700
23700
195500
-249800
226100
-306800
126800
-199700
252800
-284700
457700
-409300
224400
-229900
72700
-127400
79900
-154300
35500
-19900
192100
-306800
197900
-104300
4600
-168200
117200
-28400
-52000
-18900
-63200
-38000
34500
-7700
-145700
204700
-250600
209000
-221700
267500
-267400
373600
-323800
177000
-277700
46000
-172600
42300
-97300
91100
-107800
-66000
109800
19900
-83500
-19000
-44800
-10200
155300
-155700
25700
-143600
260500
-156800
96500
-162400
142800
-300400
332100
-341800
168000
-222800
461500
-509700
81400
-109500
113600
-140900
8300
-89000
24100
7000
32800
16500
-115800
83800
-151400
145800
-121900
68600
-132700
46200
-36600
86700
-143000
9100
-42300
41800
-97300
377200
-435200
116300
-77800
145200
-318900
-1300
-42400
28900
11100
20000
-118400
73800
7800
23700
-116300
-41400
79200
-150400
237200
-206600
55100
-101000
434300
-469500
223000
-311900
125100
-219700
509500
-513900
101200
-181900
157600
-33600
-37400
-67900
-59200
46100
-18300
-53500
-30100
115100
-76000
-77700
-60100
72500
-37100
-3600
-100500
103900
-196500
205700
-74900
-15500
-197400
229300
-206400
382300
-434000
127300
-203000
480900
-372600
43900
-229400
16500
-34700
68400
-44100
-63100
164800
-158800
10600
2500
97700
-185000
21900
-106500
80800
-59800
141400
-210100
428200
-372400
103500
-334700
325300
-308100
216700
-249500
42900
-94300
262100
-202200
-172600
86800
115200
-176700
37800
-2700
136700
-135000
6600
-23400
-193800
204700
-195200
100700
-120100
136800
-244000
301300
-224300
76200
-252900
196600
-114400
396400
-515400
17700
44600
-52800
5100
-4200
-45800
-35600
-110700
46800
45700
-65700
108700
-192000
177700
-164700
159800
-261700
111000
-157000
184900
-194900
326800
-375800
232300
-218600
156200
-85200
120500
-301800
-4400
-88100
153800
-93500
-13000
18700
-114600
-39600
-33500
20000
3600
91000
-138700
202800
-149400
12700
-154400
110100
-196900
143800
-118100
33800
-29800
58300
-25500
253300
-437200
67600
-83400
186900
-215800
-45700
91800
-96500
55000
-68500
10300
-110200
44300
-83800
155200
-134900
-81800
21700
225800
-170400
-59400
-159400
221900
-236600
275200
-267600
227800
-321500
450100
-364600
200800
-333400
14800
-19300
-13500
-60100
-16500
85700
-2200
-43700
-102600
-77900
-24000
157100
-180100
95300
-97500
162500
-100400
58600
-239700
241800
-203900
240900
-310700
402700
-461200
334400
-312300
445900
-457500
49500
-86500
-70600
-44700
27100
-84100
58500
-29800
70200
-64300
-183200
93100
-90300
170500
-163500
340900
-356400
104400
-19500
87900
-354600
173000
-92600
202800
-365700
320200
-304300
408700
-403300
-49700
30900
-37900
38000
-94000
-1600
6000
70600
190400
-278200
-37700
-4200
-116200
220100
-215800
96700
-218400
74000
49600
63600
-210900
122700
-137600
287600
-281500
166500
-267900
112100
-75200
43000
-105900
-12300
-75000
-45900
72300
-56000
-24500
-75800
99400
88400
-205200
-91500
149700
-124100
87100
-48800
-84800
-37500
195800
-129900
-53000
-118800
153000
-86800
287600
-411200
155400
-224700
427300
-439300
89900
-159300
76100
-46500
-107900
-18600
55300
54600
3400
-10600
-89500
121000
-212300
100
-9800
257800
-252700
-13500
26200
101600
-242900
211500
-379400
408200
-400400
456300
-388600
41800
-102200
93200
-136800
28500
-68600
-34600
132800
-146200
-70700
15100
92700
-3000
119600
-260100
5300
1037200
-987900
-123400
224600
-81000
69500
-206600
184400
-306100
117000
-109300
216900
-313700
130200
-150900
110400
-89000
-201700
38000
-34300
7000
57200
-75300
700
134300
-64400
-157000
-69700
107500
-23600
-10900
-173300
330200
-311900
310200
-247700
5600
-117300
295100
-256900
91900
-211200
62500
-111200
80300
-136900
33600
-2000
-41100
-46600
-13200
-76700
69000
109800
-176600
218800
-159300
-20800
-115700
302800
-360500
208500
-241600
336500
-405800
424900
-327200
200400
-367200
188000
-142200
143100
-309600
47700
-1500
142000
-116900
-56200
-111200
223200
-200500
729600
-623300
-86100
233100
-263700
99500
-202100
49500
2000
-41100
-139900
156900
-210200
339000
-318200
213400
-318500
249500
-250600
183300
-194200
-45500
175000
-184100
-3400
-7300
-27000
-300
-74300
-42800
51600
-82200
105500
-120300
254800
-247000
-20400
-42900
20600
-135900
137000
21600
94500
-265600
188500
-68400
75800
-315700
46500
42700
-71300
-121400
-1700
-23400
150100
-87400
-130700
23700
6100
20000
-88500
-31500
-3800
79300
-62900
268200
-401900
116500
-92200
83100
-79600
109600
-183600
336300
-289600
81900
-153400
102700
-184600
58100
-139700
23100
45200
-115100
27400
13700
6400
-147300
18100
-49700
83100
-92200
-32700
-16500
110300
14100
-47500
-152600
167300
-144900
234500
-400000
250300
-252500
311400
-287300
9500
-155500
40700
106600
-153200
101600
-169500
109400
44100
-108200
-101500
46500
-14800
18700
-170800
206300
-202300
44300
-2200
43800
-208200
166000
-59000
155500
-286900
147200
-131200
160000
-261200
103200
-147400
126800
-90300
-5300
-107600
83200
-48900
-19700
80600
-99900
38200
-165300
138900
-139700
-32500
25200
3200
-146400
286900
-163400
132300
-344400
255700
-240700
453000
-400300
124700
-279500
130500
46000
-204400
3700
-33900
151700
-171800
37900
-110200
128000
-7600
-65000
-124200
89900
-147600
73600
237700
-234400
-168600
203600
-172800
240900
-339600
365700
-326100
385700
-444800
4900
-51400
75400
-99800
30100
-160700
129000
-145700
-74100
70700
-36500
122000
-115200
35000
-14100
57700
-134400
98800
-176000
72800
-80800
38800
-116000
241200
-149400
254400
-476300
147600
-89300
324000
-416000
25000
-34000
186800
-222000
-72300
-25500
57500
-26500
-103900
-15900
10500
112300
-76100
146200
-229900
13300
-15900
129500
-188900
114800
-145000
145000
-141000
164200
-225800
278500
-476900
98500
-28300
147800
-255900
35000
19600
58900
-135000
-62800
-30600
37800
136400
-178500
122200
-132100
105400
-38000
1300
-134800
93100
-132100
101500
-241600
281700
-268100
521000
-473200
165100
-297800
312500
-307700
24400
-115200
15200
-26800
3400
-15300
-32700
33200
-29500
63200
-141600
213700
-233100
130200
-139800
39600
-59900
-25100
-53600
157500
-232300
224400
-275700
355300
-376100
520500
-561800
124400
-179800
25500
-47300
63400
-116400
120500
-14300
-89000
-47800
-73300
147400
-139600
-5800
31800
-36300
-2600
80100
-173300
47100
-118400
201300
-230700
33500
-97500
256800
-231700
446300
-366500
-48700
-80200
55800
-239700
39700
-78900
118100
-132700
96600
-36200
53100
-63100
-155000
94900
-101600
77700
-89300
81600
-102700
133600
-51700
-70300
-78900
74000
-22100
267100
-509000
187000
-100500
339700
-448900
32700
-32700
-34600
-18200
20600
-13000
-73000
203400
-133200
-152000
-50400
82300
-62500
94700
-198000
289000
-282500
244600
-156100
37800
-233300
305100
-290300
230000
-284500
530700
-526400
186400
-232400
25900
-33400
-24300
-42800
40600
-37900
-68000
-26800
48500
138600
-222600
51000
-74000
65500
-71900
101400
-226400
122300
85000
-51900
-303100
181100
-177000
470100
-456600
147200
-223000
17900
78400
141200
-230300
-74800
19700
-1200
-162500
32300
2700
18800
44900
49500
-83600
-50800
39000
-247300
119400
2700
7400
-127300
413400
-410300
228900
-212200
173100
-355900
241800
-148600
138900
-265100
116900
-69100
-6900
-154700
37100
-31500
60300
-23900
-32800
-23800
39800
144300
-266000
170900
-250600
199800
-180700
236100
-306300
130100
0
71000
-263500
289300
-314300
320300
-482300
129700
-108800
211800
-123900
-44600
-124900
56700
-40400
-1800
-81700
18300
34600
-91600
202000
-179200
137400
-272700
149600
-150300
115300
-100800
186800
675500
-575700
-350900
135800
-24100
-21400
-293400
254900
-233100
-10300
-57700
144400
-20300
-155300
-6500
-16100
100900
-108400
-18300
-28800
46600
34500
59800
-176600
151500
-91300
-161400
5400
63700
-60700
-54000
78100
227500
-427000
121600
-60900
-52800
-71400
36100
22500
-97200
28000
15400
-66100
-38300
16300
-61300
93200
-146100
126300
-135400
90300
-52700
-78800
-119400
247100
-215100
78100
-219000
206900
-186100
499700
-466100
122300
-260300
40200
13100
68700
-128500
-45800
4200
56800
-126700
-37500
109400
-68400
-37500
-68300
115100
-56400
44300
-57100
32100
-113100
-9100
-87000
167000
-231100
259400
-291800
309800
-291700
421900
-492100
264800
-351800
42400
200
-59500
-120700
56900
55100
64000
-228700
113900
-103500
42100
6700
-55100
21500
-114600
207900
-163900
307100
-442500
240900
-257700
136400
-207300
345900
-328000
517500
-500000
3800
-70100
95600
-244000
70400
5100
-47600
-124000
279900
-160900
-22800
16700
-186700
219100
-184400
121500
-142600
75200
-27700
31600
-147200
120600
-147400
96500
-207800
365900
-387200
200000
-204100
379400
-546200
217900
-221000
41800
-23100
7200
-65900
28500
175300
-90400
-120400
-31700
82800
-93100
46800
-138100
56600
-74500
90300
-106900
62800
-188900
292200
-292900
255800
-333200
168200
-160400
279300
-235700
-64000
-3600
-55000
-80400
37700
-900
-33300
71300
-61900
162100
-295200
124900
-127200
46700
-128400
33600
97000
132900
-237900
207400
-233500
146700
-362700
268900
-227200
306000
-417100
104500
-26000
131500
-177200
-6500
-121900
137500
-51600
-49900
-52700
-42900
133300
22900
-150600
34300
-42600
-26300
-53000
-102300
325100
-326000
304000
-273300
-5000
-124300
263300
-218900
322500
-449000
123200
81700
-7700
-166900
-85000
39300
-30600
-124100
67500
-81400
93500
-57000
84100
-66400
-77600
4200
-65200
30400
-121900
160800
-133300
213000
-175100
232100
-360800
202900
-230900
280000
-324100
278500
-353300
26800
103100
-47600
-178500
31700
23600
-43800
-44100
-5700
107300
-136000
132100
-121100
-37600
-60900
190900
-183500
83400
-112900
77700
-284100
485600
-378600
353800
-461200
290200
-321000
131800
-164400
-21000
-84900
127200
62800
-165800
5200
-58800
125600
-10700
-183400
4100
-34100
128600
62100
-218500
221300
-261600
123900
-134200
409900
-518000
293800
-247800
305300
-423400
160000
-131000
54300
-58800
-70600
16000
-135100
2500
57400
-122200
32300
62300
-65800
32300
-80800
123900
-220300
149700
-18500
-89500
-89500
341300
-378600
136900
-164900
170200
-307100
299200
-219800
376300
-489300
140800
-123200
84200
-92600
-76600
-29200
68900
32800
-110400
-6800
-38100
208400
-263000
52200
-103600
54800
126200
-108200
-133700
207800
-143400
-150900
7200
322100
-385700
217000
-189500
454300
-548500
-29400
-6300
59900
-4100
-53000
-45700
300
19000
-60400
-2900
-71300
77600
-120500
204800
-211500
14300
-60500
66200
-23600
36000
-186700
82500
-102200
87300
-117200
348800
-496900
346000
-293400
56700
-147700
58600
-85900
56400
-63000
-88400
-1700
179800
-123300
-53000
900
-61700
161700
-147700
226500
-328500
116700
64400
154900
-307200
163500
-261800
242500
-342400
229200
-228400
417000
-398500
-34300
-88300
53300
42700
-79400
-62100
-30900
60000
-65300
39700
-47000
84400
-135400
-34200
-72100
220100
-197900
2600
-127900
313800
-244700
233300
-343600
186700
-242800
278600
-312400
350800
-374600
157700
-23600
-71300
-144900
17700
19700
-46700
-134600
59200
54400
-16700
-17500
-81500
80900
-65500
-51600
-65900
141600
-214400
188700
-117700
204600
-304300
207100
-227600
180500
-218700
132300
-148800
101500
-55000
-47300
-28800
-65400
21800
-76400
-9900
-19400
357300
-363000
147600
-87200
-44000
-115500
54600
-131300
54500
-136600
155300
-103300
88300
5300
-126300
49900
170000
-297500
450700
-491300
10200
75300
-76300
35000
-87700
-89300
-4900
185000
-260200
129700
-187000
1000
162300
-93400
-171100
135400
-98500
54000
-102100
78600
58600
-186800
165500
-106000
-169700
452500
-422300
193800
-207600
-7000
183700
-39500
-202800
36500
88300
-247300
39800
-60100
-37300
-14100
53200
-100400
99400
-15400
-126500
-38800
149600
1098000
-1192700
-142100
286700
-377800
314100
-247000
130700
-229700
158600
-201900
55500
-96200
192200
-86400
-68200
135700
-227100
49500
-116800
220700
-275000
25400
-33400
120300
-127000
106000
-120400
82100
-133700
109400
-197700
48900
-108000
20000
72900
420100
-482800
62900
-96000
-81900
-73200
177700
-70400
-178800
298000
-245500
90400
-128700
94500
-184100
42000
10700
-69100
43300
12700
-121500
77100
-190000
83800
-71100
-10900
-52600
268700
-346900
261000
-24600
12400
-299200
168300
-162800
-22700
-32500
-72700
34800
171100
-126400
-27600
-66300
-2500
-30000
-72500
47400
-55800
115600
-83200
178700
-175800
-36100
-136500
-41000
-36600
469700
-486400
149800
-29500
203500
-401600
225200
-213500
-27500
3600
-165900
218700
-66200
-8900
30900
155200
-415800
55100
132100
-192000
-46400
129400
-204000
214200
-94000
-7000
-125200
5300
32700
23700
-146200
73900
-94900
453500
-398500
-53000
-10900
-49300
11900
-29500
89600
-207900
210900
-117500
34900
-137100
26600
-82200
6800
30800
-123200
39800
-91300
83400
11700
-103200
103000
-131100
50600
50600
-98800
54900
-60400
83100
-163100
82600
-144000
-66000
154400
-234100
7000
-61200
115200
-38700
10700
-81100
26100
-51600
-43800
103400
-239300
205700
-114400
-54600
59200
145600
-192500
51400
-194200
125300
-68700
365400
-478200
72500
42500
-88500
-26700
-111900
180400
-227600
-13600
80500
-83800
125900
-78300
-146200
197000
-221100
-27800
65300
-37800
-75400
67100
-55300
132900
-200600
16900
40100
200400
-371700
518400
-589000
124600
166700
-229300
4900
-91600
200
-40600
-29300
30800
-44000
-109300
294900
-214100
-51700
-24100
191700
-288500
112000
-48800
-76200
25700
143500
-27100
172400
-437300
119300
-80600
143600
-163400
201000
-329100
114700
-22100
-91300
-85000
28000
-54000
76500
-82000
-74200
17400
56700
72800
-191700
6500
-21800
67500
-98400
116400
-190800
136400
-107300
39600
-152400
174000
-195000
286100
-165700
44800
-322400
736800
-491200
-105200
-167600
240300
-206800
-84300
2400
392100
-482000
81300
-62800
35600
-59100
-54300
116100
-18800
-80500
-119800
174700
-151100
114900
-158100
412100
-568400
29200
96800
22800
-173400
70800
-29000
71000
400
-30900
-58300
-76900
-1900
-111300
290400
-308600
116900
18400
-11200
-229200
185800
-109600
75700
-144700
126400
-164700
35800
-68400
127800
-99400
263800
-453600
198800
-225200
-6900
31100
-66200
134600
-80700
-81400
109500
-230800
-24400
256100
-218400
38200
-69400
43700
-6900
9600
-45500
93200
-204900
37300
-108200
164400
-119300
345800
-421200
321400
-373000
118900
-104200
-70000
162400
-228800
-12300
78000
-61200
-118000
78700
-25300
-51900
-52900
81600
-104700
61200
-86000
114300
-149100
57200
-150900
272500
-221900
13600
-95100
252700
-261400
219600
-235700
56100
-170300
147600
-234200
103300
15700
-186400
130000
70900
-105200
-28000
-66300
7400
-115100
-47100
164200
-105500
8500
4300
-79100
-93800
69000
-36300
77200
-144300
422200
-482700
243800
-209500
-80500
-25200
30700
-64800
-12900
-28900
36500
-83300
96600
52300
-41700
-186800
-16500
42800
-67400
43200
-60300
-200
60100
21300
-208200
46000
-34600
45900
-83200
411300
-490700
322600
-289600
200400
-315400
92000
63100
-181800
140300
-133100
-2900
-59200
95300
8900
-195800
-38900
93900
-63600
-26000
-9300
197000
-229700
41900
-32400
122200
-263500
255400
-150500
-58500
-67400
37900
-106200
197700
-148400
46000
-126100
-33300
65200
-100700
22300
500
-162400
46300
118800
-197000
104400
-101700
-49700
36400
-44600
-18000
167500
-135000
17600
-144000
28000
-29800
-80200
4700
113800
-103600
77200
-56200
24200
-35700
-205400
58400
-19500
-71700
125500
-203800
51000
93700
17900
-7200
-127300
-88700
-4900
100
-28500
225900
-262300
381000
-344100
-6500
-121400
112500
-95400
58000
-173100
78900
-153900
239800
-169300
-66800
70100
-95000
-54100
28800
-45100
-40000
-76200
115700
16200
-116500
-16700
-31300
-13200
-1800
133500
-201300
322400
-229000
-23400
-133900
40600
37800
-115700
-36600
77100
-127600
118600
-65100
-9200
50200
-135400
-71400
12000
32500
37600
-49400
-115400
16900
13400
52300
-128100
-39700
-25000
13600
-300
-43200
155200
-113400
-24000
-28600
-136300
113900
-178000
72300
-44500
-43500
70400
18200
-36300
-176500
16100
26100
-60000
-7600
118500
-139100
101700
-27300
-48600
-141500
-3200
41900
4700
-109600
387200
-421200
52700
-13000
33400
-107500
-8000
-92900
112400
-128300
-4200
-66800
8700
145600
-158400
-10100
-59800
36900
-22600
-6600
-101600
123300
-132100
79900
-51200
-46800
8400
-22400
-86300
400500
-434200
-34700
28200
47900
72500
-134300
-140000
131300
-96100
-41800
21300
-97100
89000
-73800
0
-28800
-12700
-27800
55700
-147400
76200
-16400
-80400
75400
1100
-140400
140000
-211400
323700
-381700
106000
-120100
95900
-60500
79700
-208900
130800
-157400
-11000
52700
-26900
-66700
-16100
38700
45800
-139600
-23700
20000
-73500
104900
-179400
28700
35800
37400
-33500
56000
-195400
51900
-88000
7300
50400
8700
-187400
498400
-404400
-34900
-84600
-22100
127900
-213300
-17200
11800
-39400
70500
-21000
-91800
65500
-70500
-53300
-46000
33100
3500
-135100
97900
149300
-259000
90300
-130000
70900
-37400
-46100
-65000
155800
-71800
24800
-189600
51400
-19300
36600
27100
-162900
26500
-75500
75400
1500
-66400
-73200
267600
-343900
29500
52500
-25300
-109400
255500
-224200
346100
-476600
67400
-92500
113400
-136100
95500
-93000
106600
-57900
-173200
113000
-133000
-28500
53200
-150800
-900
41400
59700
22200
-142000
-12500
76500
-126000
-35400
134700
-173900
102600
-20300
27700
-134700
41800
-144800
419900
-451300
175600
-226200
84100
53000
-41900
-104600
7100
-110500
93600
-50300
-39000
-56600
-200
98100
-105900
-46400
66700
-103400
-11100
118300
-199200
344500
-353300
79900
-38000
-50900
-26400
53100
-162600
177900
-151600
800
-93900
109800
-49600
-96200
-36400
104900
-162400
4500
-16000
-28000
101400
-78200
11600
-3600
-122300
-57900
161500
-174000
271900
-251900
-45800
108400
-26400
-62900
-20100
-109800
153400
-174600
30300
-99700
-24600
125800
-104800
-82900
59100
-128700
59300
-10400
-51900
62800
-153400
108200
46800
-125000
-65000
9600
-35900
328000
-409600
69900
-49900
163500
-144000
132600
-290500
243300
-287500
91600
-64600
7800
-88100
104400
-77200
-51900
-49600
-21700
93000
-145200
32400
48900
-71000
22000
27100
-95400
-18800
-44300
15700
-28600
233900
-304100
382400
-414900
105300
-172800
64700
-52400
305500
-394800
59100
-92900
113800
-131800
53200
8100
-58500
-116200
17700
-52700
-1700
64600
-157700
123800
-87400
-72100
7500
108700
-98900
3600
-84100
34400
35600
289500
-370900
123700
-273600
47200
-48900
6000
-20900
-35500
-30100
166300
-171600
-56700
18400
32100
-127200
19400
29200
-77800
120200
-107100
71400
-179100
50400
-80400
55200
-127400
274200
-275900
51700
-42100
2900
-25100
-87100
-50800
37300
56800
-123500
-27300
34300
12800
46800
-173600
35100
-6800
-76300
143200
-218500
232400
-135900
-24200
-12500
23300
-91600
-16100
-58700
-25700
120600
214100
-400800
273900
-289800
-5200
-53000
6600
-51800
-6200
-56200
68400
-41300
-7000
84100
-244600
38800
53000
-114500
-22800
81000
-9300
-42300
-15100
58500
-102700
105300
-164500
420400
-508000
71100
-93500
54000
-64800
169200
-250000
6100
-27700
-26000
104000
-189700
-13100
80300
-73100
-119200
-125400
146700
151700
-113000
6600
-31800
40600
-66800
110500
-143500
202700
-353700
125200
-102700
7500
-21900
-14500
-59000
130800
-88200
-128400
72000
-135900
18500
48400
-5200
-119600
65800
-4000
21100
-137500
-21100
64200
12400
-154300
105000
-143800
113900
-28300
-69700
-57600
248400
-268600
800
-38400
13400
-93600
69000
-41900
103700
-176700
-35800
82500
-177800
116300
-31300
-88800
48900
80000
-112200
-61800
19600
-29800
-64400
700
-35400
168400
-231100
439000
-422700
-22900
-35500
27100
-80000
11700
-83400
99400
-172900
133200
92000
-260400
35400
-53700
24100
-66000
26600
-48700
29900
6700
200
-152900
38900
-18400
-9300
-62100
164500
-166400
-10600
28800
-7800
-29200
10500
-161700
114600
-194900
78600
-54100
43400
6100
-22500
-106400
-7000
88500
-111700
3800
12600
-49800
-2700
-25900
19100
-88100
-1400
-3000
-128200
66200
37800
-44400
-29400
63700
-108300
-42400
-27600
-31900
-57300
150800
-91400
-110100
20700
89700
-32300
-147700
-4900
120200
-197800
12000
51800
-111700
26000
65000
26300
-166800
124700
-177600
279100
-334600
84500
-100000
29600
1400
88900
-186800
66400
-87100
-4200
67000
-186100
39500
2800
20300
3900
-75100
-58400
65800
-98500
-51500
105800
-149600
1300
134300
-69500
-44600
255200
-295700
-51300
8800
36800
-37300
-127700
272800
-173900
-93800
-65900
-20900
92800
-90400
-75400
67700
-150300
125700
64100
-208000
4200
-14400
31300
-65000
65900
-126300
63000
39800
-23600
-129900
-81300
-18500
307800
-286100
-5000
-86700
66800
55400
-63300
-118000
94200
-152000
85600
-107100
-19300
28200
-15400
127300
-59300
-98500
-35800
66700
-131700
48800
-94100
18300
-84800
134500
1400
-120400
-95100
179600
-229900
68000
-86800
3600
17800
56100
-75500
24400
-47200
-95700
34100
-87300
53800
-98100
72300
29400
-120900
-31700
39500
-40200
-33100
-49900
-8700
25200
-101500
97600
28800
-124800
-26900
-51900
12100
11600
11600
-114700
97300
-34800
-8600
-115100
-15000
20300
-49300
-49400
36100
-53600
-28300
68200
16700
-187400
78600
-68100
12800
-11900
-74600
78300
-144900
177700
-88100
-91500
5200
54900
-145700
165000
-229900
15400
10600
15100
-15400
-83400
34400
-72400
76800
-148700
146800
-191400
58700
95900
-15800
-215800
92300
-119900
80900
-139100
49400
-36400
-13100
108000
140500
-290600
-9600
-131700
29400
40200
-15600
-86200
37700
53700
27500
-188700
14700
18800
-34500
10800
-46800
-54200
41600
-35100
25100
-103600
-29200
47100
-124200
42000
-62500
42800
-39200
246100
-233400
-99400
9900
-32300
36100
-100800
-26400
76100
-158400
149600
-35300
-59000
-69500
0
2100
-44500
37100
-118200
155200
-122800
55000
-38700
-136500
55600
2100
-56100
-20200
-85700
-28300
153000
80300
-282200
251400
-241100
-1700
-26100
-38600
130200
-203900
125500
-7600
-155800
114900
-127900
-44200
48000
-76100
127500
-169500
106000
32400
-220300
-16600
53200
-83600
79300
-110600
14700
42400
86300
-166500
184300
-272500
45000
-81500
47300
-94900
4900
-70200
128400
-73100
-62000
130100
-237700
55000
-48400
22000
-26200
65500
-58200
104500
-165900
-13600
6600
-57500
-119500
303900
-308600
39400
10800
16300
-58700
-90300
-39000
87700
-142300
38600
-12500
-7700
94100
-117200
-104000
70100
-38700
-23100
91400
-162400
39000
-37200
100600
-51000
-24300
-135300
214500
-290500
35100
-55600
2400
-46000
339500
-277700
-69400
-90500
-6500
122900
-190100
29300
28000
-139000
120300
27900
-124800
13700
-11700
-44900
3500
40600
-123800
80100
-32500
-29300
-23300
-27800
-53300
266600
-382200
138200
-96900
77600
-110800
146700
-177500
400
-109200
31300
30700
-131800
6000
64700
32400
-31500
-153500
-500
54500
-65900
-14400
53600
-76200
-55000
146300
-139800
-3400
-54500
-10300
-59400
243900
-251200
15700
-72500
67700
51100
-223700
-20200
195500
-209900
-22500
6800
8500
-62000
75700
-35300
-33700
-100000
-200
188300
-255000
57500
-29000
-80900
64600
141200
-319000
120400
-85400
42900
-27600
46600
-200400
244500
-217100
90400
-141100
33000
-98000
56900
-14800
-64900
55600
-71000
60900
66000
-275500
53600
57600
-105800
28400
-107800
76500
28800
135300
-225800
361800
-495000
94700
-63500
26800
-70000
-600
-44400
151200
-164400
-61800
75800
-141200
10600
30800
-70400
-45400
-55100
33500
109700
-141000
58600
-57600
-18700
-5700
2700
-125700
254000
-168300
25800
-120600
-25200
38100
-86500
-44000
136700
-127300
-20600
-15000
31500
28400
-204200
46600
-1200
-133100
46800
89700
-118700
82100
-64000
-68700
42500
-51800
-40900
127400
-269500
120400
-9100
51300
-104400
109200
-194200
45600
-101200
38700
43800
-160700
18900
98400
-120200
100
-14400
4100
-17900
-55400
-83200
87700
-99700
75800
13100
-114400
64900
-132000
49700
-15500
78600
-175900
364500
17902400
-7666900
-6980400
-3641200
-3700
-83400
-400
-70500
-1600
-1500
9600
2200
37400
-199100
45300
2600
-95000
30600
-16200
-54800
139700
-76300
-79700
12900
-120800
9300
171700
-195200
-31600
4100
74600
-57100
-5300
-164400
95000
-85100
35000
-34200
-119300
56300
104700
-96600
-64000
22100
-73100
10700
2500
-47200
-8000
-86900
87000
55600
-113000
21100
-132100
35600
2800
-15400
-73400
325100
-206500
-57000
-110500
-45300
74200
-171500
49400
-13500
-10300
-57800
148100
-115600
75700
-137600
23000
-19400
-70100
-31200
-115600
50800
195400
-177400
22700
-107700
568000
-524000
-84900
-9800
365000
-474400
333000
-296900
2700
-18600
21900
-160800
4600
-48700
52000
-29800
44600
5000
-105600
-53900
9300
-9600
-17300
63400
-120200
216100
-127300
88800
-147400
-48000
-85300
288900
-367500
71700
-70700
-63900
75000
57800
-167500
34300
-72700
36600
-53200
-41500
102300
-86900
11600
-2600
-130300
-11400
73900
-96400
127600
-218800
101600
-72800
96500
-86500
131800
-262600
45200
-56300
36900
-51600
-55100
-55400
205600
-8700
-186100
-66000
8400
36100
-56300
-55100
75700
-166500
141000
-17500
-92200
-37500
-8300
-25200
-22900
126100
-138300
239700
-270300
27300
-40400
-30600
-81700
220600
-295500
142600
-131500
40000
42300
-114200
-97600
78600
-83400
-7200
7300
-55900
39000
-75800
76900
13000
-192300
18800
79900
-65900
13100
-74300
2000
16200
187200
-220200
369200
-521300
73700
-54400
18900
-60300
55500
-219300
244000
-134400
-122400
13100
86700
-143600
39000
53100
-139500
-65000
200500
-110500
-65200
12400
42800
-114900
-1500
174600
-198300
15300
8400
19300
-116700
-1800
-88900
100600
-172000
148300
-29900
-44700
0
-58800
-139600
63900
-25900
-37600
-18200
-34700
431700
-313300
-32700
-27000
-103800
-9600
40500
-137100
198500
-218300
32600
-42500
77200
-54800
-8500
-134100
119800
-168600
46800
-67000
900
-19800
19500
-41800
9700
-138300
62100
-37400
1500
-52800
-22800
-27400
114600
42200
-164900
197700
-329500
124900
-97400
10900
-69800
373800
-323800
61200
-170100
77800
-92200
-31500
-49900
85400
-93100
-12800
85000
-51600
-68500
-69700
-4300
-35900
-50600
44300
4300
-25100
59000
-62500
-75700
37100
65900
-242000
441700
-486700
108600
-70800
147300
-134600
-8700
-153200
174400
-281900
110500
-83200
132900
-189200
152900
-29700
-75300
-32000
-11400
-55700
48200
-33000
-75700
159200
-155300
133000
-180900
81700
-157700
234800
-247900
16600
-39100
31500
35600
-48500
-131900
100100
-54300
-85100
-5300
-33700
13500
-38500
33800
78600
-226900
25500
20100
-32000
-65200
27200
37200
-87400
130100
-105900
114800
-280400
96300
-46300
-10600
-108300
224200
-243600
141400
-106600
-13800
95400
-224900
-28300
106900
-110100
-6000
-47000
88700
10500
-85100
-61300
42400
-132900
25100
105800
-125100
16600
-12800
24000
-122500
240400
-289300
388100
-470100
100500
-102800
122200
-83700
81700
-182900
45000
-39600
-67400
30200
-98000
7900
-36900
107600
-24300
-85100
-41100
188600
-176900
37400
-75700
-71500
-16400
118900
-95500
145600
-260400
42100
-68800
41200
-91900
59500
-151700
192600
-96900
-46900
-101100
5500
33100
-49300
-53900
98300
-201300
149500
-9500
-98400
-36100
2000
-14100
43300
78800
-194200
185200
-194500
166200
-197500
35600
-148500
228800
-273100
69300
-48500
-22900
75800
-91500
-109200
69600
80600
-165600
-31900
-22200
98600
-85000
34700
19700
-179400
16100
105300
-138500
51900
-74900
22200
-116800
360400
-329400
11100
-81600
11900
-9800
-56500
-54600
87300
-66000
72400
-33100
-121000
35500
-85200
-22100
30800
-134300
57600
-46200
2100
41700
-53400
-40000
24000
-17400
-80800
246100
-318000
93000
-8600
102800
-216100
128100
-151400
72000
-120000
21600
-42800
-30700
56300
2100
-136900
1900
-43800
-9200
-23800
-12900
-47800
81600
-58800
-29000
33500
-127000
37900
-45200
119500
-155400
307600
-356800
392500
-341100
60300
-188400
117600
-182900
65100
-77500
45200
-46400
21500
78300
-244600
11600
9500
-19500
-12200
-3700
-38900
48600
3000
-5600
-39200
-132000
33400
95800
-149200
4600
-54000
32000
32200
212300
-368200
107500
-181300
134800
-42600
-163700
24100
-30500
141100
-62800
-102300
-18800
-13100
-49000
14400
600
-4200
-15500
62600
-91700
70600
-134200
15000
-91100
78500
-149500
200700
-140000
9800
-73000
-11700
-16600
-86600
-35200
76300
-103200
-15100
90400
4200
-21700
-127100
-17200
-32100
11300
-15500
80900
-165300
62800
-58600
13100
-60200
6900
-89900
203800
-238200
-7400
-20800
-11300
143500
-111600
-90500
70500
-115500
-9000
-4600
-61100
42400
-54600
55900
27500
-226300
56700
20800
-103200
66700
-44900
-19300
9400
95100
-16800
146500
-351900
273900
-326100
25100
-21700
46300
-129800
159900
-149200
25800
-101000
14500
-29000
-88600
-1400
80600
-122000
86800
14100
-75900
-18600
-44200
-32200
-6800
4700
-73900
160900
-162100
120500
-140100
37800
-141200
246300
-258800
20900
-86000
13500
121300
-118200
-112600
47300
-134900
101200
-29800
-33600
-17600
-24700
96100
-69900
-25600
-81000
84600
-184800
90700
-11800
-103000
36300
114900
-60700
-92300
-43600
14200
-58300
118500
-213700
112200
-182200
213900
-4500
-105000
-103700
-11400
-13500
-42500
-17900
-21700
28500
75300
-65700
-108400
50700
-40500
-122900
8900
73700
-109900
21900
104600
-53000
-67900
166400
-310100
183700
-113200
-28500
-70200
53500
21300
-42400
-121200
129000
-230400
61900
35500
15800
-38700
-159000
80500
40700
-107600
-34300
112700
-142700
131600
-264200
119700
14600
67200
-149100
134100
-175000
54900
-161700
66900
50800
-186600
-17300
117300
-25000
-92400
-38900
-29900
46500
-52300
-45100
29200
-147500
161100
6200
-100600
-34400
-43400
23800
-4100
-28300
-94100
312500
-215700
-37500
-112100
24600
-88700
104000
-125900
77300
-188400
81400
133900
-121900
-115500
-4600
7600
-21600
-83100
11200
96100
-83000
9600
72300
-236400
52900
40500
-46900
2800
-98100
33800
11900
223600
-279500
64900
-144000
39200
-119600
59200
35100
-180400
37700
153500
-202900
1900
-900
-6800
-72100
26000
-1400
-19200
-80800
73800
131000
-198200
-15700
-24300
18100
-108500
146100
-202300
38600
1100
102300
-139500
-64100
-45300
50400
-49000
-25500
-119300
44500
87800
200
-132700
4900
-45300
51500
-48200
-109300
179300
-223400
150000
-50300
800
-121000
239800
-247800
24900
-122500
72400
1900
-5400
-47200
29800
-128500
63700
-58200
-32100
-48100
-64700
-15500
125700
-137800
6500
-54200
18400
-110500
54700
-39000
36400
-17700
-9600
233000
-368300
73100
-40600
-6700
-48400
148200
-217300
87800
-54200
63300
-86600
-55700
-61500
92400
-181900
46600
54800
-82800
188000
-203100
28200
-129700
-5400
94400
-221200
5100
-51500
79400
-3200
8300
46500
-127900
419100
-487400
97500
-84200
45000
-73700
78200
-75200
-1700
-59300
-37900
-6800
-110700
-26700
87200
-104800
120200
5300
-153700
133600
-198900
-2600
35200
-53300
-17500
53800
-27500
54600
-157900
30800
-14100
101700
-232400
188300
-204400
20200
58400
3800
-146800
-142500
3200
-28600
-7500
30700
-9200
35700
26100
61300
-175300
-2100
71600
-91100
-9400
-38200
-14500
-13100
202300
-208800
314900
-463900
111500
-111500
77800
-67500
-16400
-69200
124500
-29900
-157300
92400
-141300
9000
15100
-50000
-1500
-75100
77900
22200
-157200
10500
38800
-80000
-26800
182900
-299500
132300
29700
-58600
-75900
35500
-116000
120400
-134900
75100
-135300
59800
72700
-144600
-45900
1900
-20900
-23000
-50900
6000
66400
-138500
100400
38500
-221600
65700
12800
-53500
31000
-90800
17600
31600
106400
-182100
216000
-298500
-8300
-17800
21800
-68800
10500
-111700
205800
-198000
6900
-18100
11700
-90500
11700
-41200
23500
-93800
94400
140700
-231500
7000
15300
-140500
24300
171500
-177000
-50600
-700
137100
-170200
6300
-118100
174700
-216000
46200
-63500
23800
121200
-144300
-24800
-69400
119500
-64900
-175300
61200
54000
-59500
46000
-35600
-101800
58300
7000
-120600
283200
-267700
-7000
-31700
103100
-152400
33700
-145700
109300
-187800
60500
-11200
-30900
-44400
86800
-30500
-79100
-25700
-60000
69100
-56300
-49400
26600
-119500
140300
4300
-116100
57200
-114300
55100
-124000
273300
-329100
105600
-31700
59700
-97400
-95500
-48200
131300
-159000
10600
13300
34300
30900
-123900
-94100
46700
-85400
31700
-26400
1800
-26800
-27700
92500
-54700
69600
-199400
328100
-402000
91800
-69300
-1100
-92800
146700
1100
-172800
-31800
96100
-80500
-54000
-30000
-36000
27900
56000
-49400
-80900
-110400
82200
-11000
-23000
-60900
-3600
14400
36100
56400
-187400
341300
-457000
109300
32700
-111900
-18100
119100
-94200
59400
-169400
-1100
49900
-155300
9600
37500
-67400
-21700
61100
-25400
-54400
-94200
900
88400
-87200
-23000
68300
-167800
173900
-86600
32300
-133500
374500
-474500
513200
-542400
132300
-113800
8300
130800
-250500
-5500
-34600
-78800
89200
-130500
59600
7900
138400
-94500
-19800
-151100
50700
55500
-62500
-64600
-30200
63900
-6700
104500
-236300
23600
-64100
55200
-86800
-28300
-69800
159000
-57400
-13900
-114500
-28400
13600
166300
-138100
-61100
-115000
221700
-198200
49500
-98100
-7100
-28900
-3200
-25400
-13400
133400
-211800
311200
-333900
10600
-28700
82100
-139500
33700
-84900
143400
-246600
181000
-24500
-192100
-8200
11000
-21400
-21000
3300
-32500
20800
44900
10700
-107700
105200
-158500
7100
-121700
58700
-68300
39800
85400
103400
-323700
216700
-307700
145400
-108400
128000
-206300
65300
56000
-28900
-104500
-16000
-35900
4400
-69100
57200
-145800
39200
183300
-69200
-151400
14200
42100
-111200
59300
-90300
20200
-83100
72600
116800
-116200
-141400
147900
-248200
115000
-111600
86300
-66700
39600
-37800
-10900
-97600
-8500
68600
-44800
-126200
24500
63500
4400
52600
-222000
123700
-185500
68500
-6700
-8500
-117900
272200
-160600
6200
-214700
45700
25800
16600
-161300
143200
-152600
-9800
161900
-156400
-90600
73800
-90400
-11800
60600
-109300
83000
-146600
120000
20700
-189300
15200
159900
-193300
-24500
10600
17000
-61100
225300
-228400
107200
-167600
-34000
-44700
38900
-85100
-37800
-20200
112700
-53400
-98600
9300
-94700
63600
-87200
71400
-118300
148800
-161600
60100
-181400
47400
14600
173600
-134300
-88600
-61300
50200
86800
-71700
-142800
193100
-275000
84200
-9600
-24100
-64400
5900
33400
1113100
-1112100
-134600
73900
-136800
128700
-45000
-112000
-12600
121800
-65100
-14300
-123900
30600
-79400
2500
33800
31700
-175500
283500
-255100
-41900
59500
-61000
-29000
-44600
-58400
106100
-148300
90600
85500
-117400
-20000
-54900
-88500
-25900
55100
-56700
8000
68400
-40500
-52900
-88200
6100
280000
-396300
85600
-57500
-4800
12500
65200
-176400
68200
-111300
-5500
93500
-165700
48500
3900
104600
-65700
-141400
-27600
148800
-185200
37900
-900
-119000
14100
91400
-58300
-50500
-89500
58200
-47200
78900
-146800
119800
-178500
106700
138100
-317300
193800
-221700
-34300
28100
11800
-29100
-44000
69000
-8900
-110100
7200
5100
-93200
-13000
66700
-143100
104400
-28000
71200
-223700
347900
-367400
170800
-252400
97500
-112700
90600
-33800
43900
-155800
8600
4700
-56500
73900
-160800
23400
64500
-75400
48100
-48600
-33700
-45500
-18900
62500
-66200
91900
-161500
343800
-371800
52200
-127500
21200
-77400
111800
-143600
110400
-135700
123700
-200
-251100
67500
-38400
-52200
44800
-15200
-70500
106100
-110900
89300
-54800
-148500
23700
69600
-62000
-7200
-80100
27500
86200
107600
-331200
324100
-377200
102200
-84400
76300
-96900
-72500
75700
52500
-115000
-64400
88900
-130900
45200
-52600
21500
2800
50800
-117300
-10100
-94000
81800
-107800
25600
-89300
106500
-142900
451200
-421500
-24900
-55000
59600
-111100
61600
-93000
77400
-138300
101400
79000
-252200
50100
22800
-9200
-122900
79100
-105600
64800
15200
-29800
-70000
-106900
-5300
168100
-180600
-2600
-27700
20400
1900
97100
-218200
57400
-66700
6800
50200
-197000
18300
62400
-18600
-900
-58900
-59200
-12600
-4300
-6100
-22300
-137500
109400
60000
-46200
-106400
-10000
30700
-63600
260500
-322800
317700
-394800
136900
17700
-168300
-18400
165200
-178000
-7800
-40600
-48500
43800
-40300
0
14200
-128500
-35000
93600
-46400
-10400
-44500
-46200
96400
-18100
-141300
192600
-278100
119600
-81900
68800
-55700
-42900
-25800
203800
-287700
80500
-8700
-183400
24800
-22400
16100
-53600
101900
-27900
-63000
-75400
-5900
27000
-144300
40500
30100
-17500
44000
-68100
-42500
-12300
63500
-157200
180900
-235000
66900
-109900
95800
11000
-132700
-42800
61900
-96100
8300
-10300
2200
-47200
27000
-21000
11400
-79900
-44600
45600
-59000
-60900
7000
-4900
100100
-36000
-155700
312800
-376300
61500
-65800
3300
-79000
109100
-31400
25500
-84000
-84400
62800
-66200
10500
-35400
-53100
29300
10600
-18600
-54200
-70300
2900
-45500
57500
-131000
146500
-171500
160200
-113800
-77400
-1400
-72000
8900
170800
-239000
25000
-20200
190100
83300
-336700
54400
-87500
6600
-61500
800
18000
-68400
78900
83900
-143400
-53800
-48700
300
-50000
5100
-65500
69000
-31800
22200
-119300
110900
-51800
164500
-327600
186100
-280600
43300
104800
-18200
14200
-154700
-31900
22700
-46400
-26900
120200
-210900
159400
26000
-211500
21000
25100
-46300
11100
-90300
18400
20300
45600
-102200
213200
-385400
90100
-18500
400
-50300
-17400
-30200
140700
-154400
-52100
120300
-103000
-59700
-62200
86000
-97400
46500
-30400
70600
-134300
-14700
25800
-113300
-4700
70100
-61600
-33300
49600
-36900
-32100
82400
-234400
132400
-192000
66000
-71600
73500
58200
-70300
-97900
40800
-75300
-73900
153700
-205100
87500
32000
56400
-127900
2200
-110500
101800
-200400
65500
-18700
65800
-144700
285900
-263600
-26500
-134300
68900
-52800
258600
-324700
32000
-10000
71900
-29900
-117300
39000
-86700
-23600
119900
-207200
28700
78900
-2800
-27100
-87300
-44400
34200
-20600
-95300
185200
-80400
-126800
78300
3300
-133300
75700
-166300
94200
-73900
15800
30300
-124500
247100
-226000
-91700
3900
4800
-54700
39300
-105400
101100
-84600
81600
-62700
37000
-151100
45700
-85600
34000
-58000
-20400
10900
135900
-174700
51400
-133400
21300
-82900
-23700
55400
-70400
-54600
152400
-144000
-29900
104300
-129100
-4300
-41700
46300
-96300
112600
-76900
88500
-292800
103800
2600
8100
-160700
299300
-266200
8500
-5600
31700
-50600
-97600
-60700
125700
-72500
-44600
-45000
-23700
123900
-44300
-170600
107900
-196900
32900
188700
-112600
-21400
-107100
193100
-64100
-110300
-97100
357400
-434900
61900
45600
-60300
114000
16900
-178200
17500
-97200
-41900
-18700
17600
-25100
-23700
-76600
144400
-18600
-159800
86100
-140600
88100
-136200
116200
-103600
101200
-83700
131200
-276500
52000
-35200
-3900
-47800
194400
-264300
12400
70100
-29800
-48300
-118400
6300
65200
-62000
-34100
-1500
-64000
108900
-43300
-78500
-3700
-116600
52100
107800
-166900
59100
-109300
219000
-165300
106400
-223400
291200
-384300
41600
-29100
58000
-118900
159300
-125200
-92600
6000
-12800
49700
-67000
-59300
101300
-155100
71600
118000
-292400
109400
-103200
150300
-132100
7300
-83200
172100
-130400
52800
-78400
-149200
81200
199300
-261800
-19000
9500
-31000
7800
-61400
-146500
7400
-28200
127000
-80900
105600
-200000
3000
96100
-29200
43100
-172100
24800
36100
-23500
-122600
158200
-155800
103900
-82800
-16600
-66200
70300
-167600
373600
-378900
18500
38500
-31800
13100
-226400
37500
48800
-83700
400
-40800
57200
-89900
33800
28500
-31300
-68600
-26900
99600
-149900
43200
-59400
5500
28900
354700
-518800
221200
-276000
98700
-82700
-9500
39700
-126000
32700
57400
-144400
21900
-48800
-35200
76900
-61200
-133000
144900
-77400
33200
-56600
-19900
-1400
-93900
73200
-14300
84200
-217400
419500
-423700
89700
-142400
94800
-131200
13100
53700
-78900
-101000
112200
68500
-247500
27600
-24600
-13800
-33700
29700
-53100
75800
-45100
53500
-109300
-112900
15900
189400
-207900
46800
-107100
23600
102600
218800
-452300
181500
-221900
30600
-41600
11800
-25900
-71500
56400
57700
-136100
-23600
53300
-121300
31500
-56400
12500
-13800
136900
-142200
42700
-183100
139800
-98300
-78200
-10900
401600
-409000
98100
-94500
-41400
-65900
84600
-132000
60000
-63900
-26400
40400
-27700
-700
-75600
-52000
-15200
45100
-85800
133500
-211100
64300
179800
-65100
-227500
245600
-257300
23900
-54200
12300
-19800
269800
-283100
67100
-137800
1100
-51000
-16200
9200
-88300
-37300
745500
-657400
-20800
47500
-173300
40300
38800
-144500
-24300
7600
14400
112100
-99700
133400
-356800
119400
-77000
10800
-97600
138900
-117100
61200
-53400
-40800
22600
-152300
-14000
50100
-12100
-35500
-63100
45800
18900
-82300
-17500
17300
-129900
36800
125800
-129900
8000
2000
-16200
-119200
262800
-267200
-11500
-37300
4200
36000
-22100
-4200
107900
-281200
39900
-15400
-13900
-71700
13600
-70300
38200
48200
-19800
-1100
-188100
87900
-11900
-82800
22400
41800
-49200
75300
-89100
-94500
67600
130000
-279900
268200
-297500
103600
-89300
29800
140800
-245400
-79500
27800
-63100
1600
-31800
17200
55600
-15400
-58000
36500
-192800
79100
500
22100
-52900
-48100
-1000
34100
190800
-331300
254300
-291000
63600
-111700
16800
21600
-127600
105700
41600
-144700
-35600
7100
-32900
-17000
-63600
48700
36700
-30300
-31500
20700
-94600
-29900
-75200
112200
-136700
122600
-104400
54500
-30100
-127600
47000
86500
-221700
133200
-245500
96600
-20800
0
4700
-74500
4900
-21600
-10900
-67700
180900
-247700
37400
124600
-155900
-9800
33400
-103600
235500
-318200
91500
-63300
60600
-72900
245700
-358800
40000
-41100
13700
22500
-143400
-21700
103100
-15200
-39000
-110300
29000
75900
-129400
167100
-257300
55100
-1400
-56700
93300
-84600
-64600
1100
3800
12200
-80300
159400
-238100
359800
-248100
-92500
-96500
2500
-34000
121200
-169700
12700
15000
20000
14000
-194800
15200
84100
-165500
84800
2400
-69400
29400
29200
73300
-193200
69400
-122800
220200
-324400
62900
-7600
-43000
6100
364800
-435200
17600
-27000
-20700
16600
-180100
142000
-166500
103400
27500
-61200
-99900
30300
-69600
141600
-140500
6100
-11400
-71300
33000
9800
-86800
60100
-72600
29400
-97600
283900
-346600
265100
-282200
6700
-82800
60300
-66200
-20300
-54100
41800
-51900
44800
99100
-211600
22300
6700
-148600
54300
95400
-105800
44200
-15200
40000
-136900
90500
-160000
325200
-421300
58100
55200
-90500
101900
18300
-191300
38200
-58800
-48100
63700
-137200
38500
-56200
122700
-77800
-6700
-114600
119800
-126100
34800
-64300
-49100
-14300
157500
-138200
11400
-19000
-47100
55800
125500
-273100
193900
-296400
146400
-71100
-28100
-86400
900
-91500
90000
-55900
-47200
95200
-74800
-12000
-34600
-128100
79700
84500
-168000
131100
-214400
102500
54700
-106900
-51200
126200
-212800
79400
-108000
1900
19600
-71000
53200
90300
-142900
-78400
-6500
-41400
185500
-183500
7000
90900
-92000
4100
-169600
5400
12900
6900
-18900
-53700
25500
-78200
211900
-184400
-27000
-22800
-30100
-9700
-72000
-11900
66800
-85500
100000
-56800
-135000
132300
-135900
-17300
141600
-272900
56100
84000
54300
-107300
-148500
13900
51200
5400
-138700
265900
-331000
73100
67800
-8300
-148500
131600
-182800
41400
-110900
61300
25200
-100300
-22100
101900
-225800
73800
25000
-66900
8500
-79800
22100
-31400
168700
-114800
-3500
-174500
193300
-198000
8500
3600
81800
-193600
350200
-342900
94700
-188800
57300
-77800
119700
-172500
91900
-117100
83100
101700
-268600
21400
-18800
-42600
32700
-57000
8400
-25400
24300
33700
-55400
-117900
-73300
217300
-150700
700
-53500
-10300
100000
240500
-420500
140600
-223000
61900
-33800
-31700
-29000
49600
-7000
-53200
-48200
-43400
90700
-109100
-6200
-700
-99400
36200
113200
-53500
-75000
-61200
48400
-61200
117400
-212500
382500
-400500
93700
-44900
-60100
-87900
74200
-121700
107700
-145400
-10700
64000
-69500
47500
-118600
81500
-118000
-18700
-24600
16900
-8200
9900
53600
-115500
-31800
102700
-130200
-32500
-3000
-28800
53400
-4600
-83100
165500
-139300
-110100
-97800
55200
91900
-182900
95500
-176900
97900
65800
-122600
1241900
-1214700
-156600
186100
-131100
16300
-83600
74700
-1400
-191600
24600
97700
-130100
-22200
-15000
21500
-78200
222900
-193900
-30300
-89100
5900
166500
-272200
14300
22000
-37900
115700
-66100
-110300
88600
-133000
11400
-21700
14700
-53500
62000
-31500
65800
-252800
93000
-61100
48900
-125500
295600
-364300
225800
-203900
41300
-76900
-3300
-61000
-5700
5700
-41800
38700
-105300
118100
-43300
-49600
-27400
-96600
34000
52800
-5400
-81900
-59300
193600
-174600
27900
-156300
44400
-52600
-39200
146700
-147600
-67700
231000
-231900
10600
-66400
34100
-13100
-51000
-51900
27800
85100
-86100
86400
-228300
70900
17200
-143800
36300
20700
-31600
61000
-42200
-23000
-100900
185100
-225500
227600
-333900
92200
-72200
37600
18600
43500
-165500
54900
-41700
-66300
-36200
-41200
133900
-158600
53300
89600
-237700
2300
125500
-200400
75400
-70700
9100
-40700
166300
-129400
-54200
-93700
37300
69500
-120300
-49100
158300
-201700
113300
-51000
-76400
-14500
-62300
11200
28900
-168600
100000
13900
78600
-91900
-45100
-6700
-47400
78300
-158800
120600
-218500
39300
96800
44000
-209800
202500
-233200
14500
-62500
-19800
96800
-169600
109500
-6100
-40300
-86000
-30200
-5900
-11700
-54700
-3700
48800
111100
-173300
-46000
47500
-2500
-86500
63100
-99900
-111400
31900
284200
-237000
-38400
-60700
-16000
44700
47500
-165400
18900
-106200
81800
140300
-197100
-12800
-30900
25000
-74700
-7600
-41500
146200
-138300
76900
-165500
20500
-74100
10100
-53900
186200
-187800
-32000
139000
-16800
-242400
165400
-253300
137400
-73900
8100
-23000
-38900
83100
-4200
-82600
-72700
88700
-164400
30300
-45700
34500
-18800
125300
-144500
22200
-174600
35700
1100
7000
-71700
146500
-274700
549600
-481200
-40700
99200
-78200
-79400
4100
-65700
27400
-33100
13700
145200
-278900
-4400
16000
28700
-67900
-1400
-45000
15800
38800
-13500
-24800
-112200
-8900
274900
-219800
-115300
13000
-31900
30200
67500
-205600
123500
-102700
-55500
122700
-211100
26900
21300
106600
-124200
19000
-119500
163400
-231500
43600
43000
-134600
3900
128200
-64900
-80400
-14200
-37700
-17900
351800
-397800
111300
-195000
219100
-125500
-15800
-111100
3300
-89700
16700
20000
-71500
77900
-81600
54900
-33200
-60700
-76200
96600
-61500
-37100
-41600
24100
57400
69400
-244900
209000
-309400
115700
-93600
94300
-171500
61200
10800
103500
-186300
-36400
51700
-152000
38900
-3700
-39800
42700
70000
-135800
25300
-74300
2600
-14500
-117600
42100
140600
-129000
52400
-31600
-160700
84800
-17800
-97300
151400
-191700
14800
-58700
63100
65900
-241500
8700
30300
-90100
36700
-1300
-36700
-29000
81300
-34900
-46900
15200
-111800
99400
-218100
140400
-51000
-21200
-2700
124800
-262400
73100
-71200
28200
-7100
-10800
-130700
127500
-76100
18300
-102000
-107400
30300
-78800
-31100
136800
-69500
-6300
141600
-90700
-59800
-27200
-89800
-6300
7300
-40200
59400
-109000
165700
-56000
-197900
65600
156500
-207800
-16500
18200
-90600
13700
41300
-25500
-52200
-144900
56400
55500
-189300
36100
16900
-500
31800
90400
-182600
155500
-233000
88100
-16500
-76200
-58700
147600
-107200
49000
-159800
24400
35100
-60200
-118100
113600
-55100
-87500
75000
-16500
-30400
-127000
900
60900
-164700
63100
4300
-15700
-4400
27800
-1100
-45800
74300
-179000
159200
-267000
77200
-72100
103900
-53200
201100
-340900
51400
6600
-80800
22600
-153300
57900
51900
-14000
-91500
-65300
600
102900
-87100
-14800
23000
-157800
95900
173300
-312800
126100
-95200
116400
-198800
200000
-260200
344100
-299900
52500
-119700
15500
-98600
66400
-114000
45100
-57000
6800
100000
-73600
-136100
152000
-179600
-1200
-20000
72300
-61600
-45400
68100
-26200
71200
-211300
211400
-284000
90100
-38100
-55500
133700
-52400
-3500
18800
-200600
59200
-154400
56800
-13900
-89800
-900
128900
-47400
-177400
81800
-67600
20300
-54600
-17900
36500
-82800
61900
66400
-178900
78700
-102300
11400
7900
10500
-149300
232900
-145900
21300
-155400
-17400
82800
-187400
-20900
48800
-79100
23100
72100
28800
-150600
8000
-67300
55500
1100
-91600
123500
-203300
236900
-90700
-109600
-67000
203000
-240000
52700
-74700
4200
-21100
70200
-81100
6900
-10800
-119900
-40700
17600
-27600
-56900
-15900
133100
-114400
-57200
160000
-238900
82500
-33300
-5200
-113100
97100
-20100
64100
-176400
36500
-30000
101500
-212000
345000
-441500
90600
30800
1600
-82300
-27800
-106300
50000
-58200
-3200
50500
-129800
102800
-14000
-137900
27100
22700
-16400
-4600
-77300
700
-3700
124900
-138600
154700
-328500
113200
-21300
-80800
-21400
83800
-103300
93000
-97400
-94900
26800
-40300
-28000
62700
-83400
-59500
147800
-100100
-500
-70500
50400
-130700
122900
-111200
-800
-69100
49400
86700
-96900
-146900
332900
-379200
74900
-84600
64500
-100300
48700
-31500
78400
-195200
3000
101600
-157400
-16600
-5700
-39800
46900
41700
-72100
52400
-175300
683800
-608600
49500
-31300
1517700
-1677800
268800
-215300
161000
-242300
-15000
-69300
91400
-135100
-32500
1200
133100
-85000
-128800
64900
-147000
42900
-40000
-18100
-9200
19700
-1800
23500
-105600
-62900
115400
-105400
-91100
185300
-157000
40900
-2600
-2500
-92000
210900
-318600
126900
-27000
-98500
-10400
-39700
51700
-46900
-103600
40300
-143300
70100
37200
-22400
-88500
33300
10000
-5000
131000
-262000
227700
-174000
18400
-100500
4700
-59100
275600
-257800
88500
-250600
67000
-59000
42600
-103500
20900
-23000
47900
-5100
-117900
68500
-160900
12600
58600
-25300
-69200
117900
-41700
50000
-192800
37500
-600
8900
-97300
296600
-415800
172500
-63900
34400
-200100
94500
-134000
66200
-80100
3400
40100
-148500
103000
-29400
-57700
-37000
-6600
-45900
95000
-179400
15300
69900
-61200
-37300
-19800
-55700
60400
-71000
369300
-397300
30000
-47400
146200
-120200
-37800
-105200
98800
-208000
63000
-37100
14500
-51100
119800
-57500
-90500
-46200
-4700
148900
-195500
-20300
73400
-142200
149400
13100
-170600
72200
-108200
21400
14800
149800
-298800
101000
-101200
57900
-113700
27700
-106500
32800
-78100
26000
-6000
-55600
98300
-47900
-106900
52600
-145300
76400
31200
-54600
51800
-156400
144200
700
-11400
-185400
345300
-353800
168200
-226700
-7900
-38300
121200
-78100
-57700
-101500
68000
-58100
2100
37700
-149500
2500
155500
-60200
-154400
85100
-104600
-21400
-28000
35200
3500
-62000
16800
243700
-375400
70300
-69900
-33600
-32200
278500
-295600
114700
-154700
137200
-95900
-47100
-79700
-72300
62300
1700
2800
-60900
108800
-81100
-112700
20500
-93500
24000
23400
-20800
-38000
-78700
143100
0
176900
-369700
247500
-324800
39500
-35300
75300
-73800
99300
-91500
-71700
2400
-64100
66300
-99000
-700
-15000
-110300
99300
54900
-142000
-20500
-55200
92900
-121600
142100
-173000
302200
-203300
19600
-145800
124500
-222000
134500
-138100
-500
-79800
74600
60100
-59400
-136100
64000
-168900
77200
59400
-85900
-67300
54800
-31300
17600
-31800
-99700
49200
-125100
98600
-101100
36800
-89400
259200
-195700
-19300
-105300
-19800
-5000
-66100
35100
25600
-40400
52900
-6400
-131500
-28400
40200
-84300
185000
-270100
43900
97100
3300
-51500
-142800
73700
-76000
72400
-157800
258300
-295600
20100
99300
7200
-233800
110400
-81000
11800
-79100
8000
3300
-53700
51500
26700
-163100
-1300
133500
-234800
16600
-2700
14700
-47700
65100
-39300
-33300
-50400
-15000
38900
-190000
59800
247300
-242100
178400
-216400
-65500
-7300
2700
78200
-151500
13400
24000
-159000
114400
23600
-77800
-76500
26200
-29800
21100
-28300
-37500
100200
-127300
83700
-142700
-5700
-31100
128500
-201200
458100
-467700
13300
32500
-19200
-141400
130200
-134200
4300
42200
-128000
500
10200
-7400
68200
-251600
80600
21300
-20400
-122200
24200
-24800
40600
123000
-134900
184000
-261600
-36300
-20400
13200
-61700
235800
-293600
152400
-70600
-43100
-39600
-86900
37700
-67800
-20300
-44100
23900
34600
26800
-102400
-58300
23400
-100300
42500
51600
-97900
-17500
21800
57300
-154400
700
-42200
377100
-94700
-264100
-78600
61700
-45200
49100
-190400
121100
-150300
29300
91800
-194700
17200
-18300
85600
-10900
-142900
-24100
137600
-210000
900
119300
-159700
27100
177500
-128700
-54800
-53900
2500
22600
291400
-425600
386100
-460600
123400
-26600
-102100
-42800
-39100
3000
47600
-68600
-30000
39800
-49000
-600
-13100
-45500
-41400
100700
-129800
86600
-96900
41000
-18300
-46700
-118300
450900
-418400
66400
-147400
119700
-158700
11100
13200
85500
-184700
5200
18800
-129900
4100
27700
-33700
-16900
21100
-3300
-10300
-50900
-62000
65400
41400
-171000
-10600
-24800
362400
-304200
77900
-260800
87100
-70000
69600
-69000
-84000
-16400
161100
-89300
-102700
-16800
13000
-62000
-18100
-50100
26500
-37000
19900
131700
-264100
61200
38300
-49200
-69700
131900
-205100
-26600
82900
45000
-33100
-81000
-67300
114300
-132100
-300
-79000
56600
15000
-21400
-131200
76200
-174700
66000
-31700
54700
-112500
21900
50400
-9900
6200
-141000
82200
-152900
66300
26000
-8700
-131200
336000
-230500
-107800
-63600
35600
-19900
-147000
30900
53600
-40500
123500
-158900
-33600
-78100
6000
82700
-198400
-72700
113000
51100
75800
-91500
-113200
53300
-56200
62300
-148200
258700
-224800
18400
50200
-115400
-105700
144600
-155300
39200
-114300
12100
83700
-185700
139200
-43200
-83400
-9400
-26500
-46100
70000
-77300
-64900
101400
-80800
18800
48500
-103000
-21800
-81200
74600
-25100
62100
-199300
404400
-323500
-36200
-60800
76400
-122500
-26600
-70700
64600
-97600
81500
108200
-263200
20500
-21600
-36100
72400
-53900
-58400
66800
-55900
-19800
-41000
40200
-101800
235900
-272600
532500
-627700
116600
-37100
40000
-116800
40400
-95000
1700
-57100
-28000
88200
-172100
94700
36400
-144800
-3100
-58000
9600
75000
-93500
-48800
72500
-63300
36100
35200
-95000
-45100
-83700
35300
9100
15800
-29700
220300
-200900
-82000
-95200
31100
-40400
-52700
10100
-15000
-83000
145100
-95300
-91900
80800
-153900
51700
-51000
21600
-33700
13200
29200
143000
-256100
18000
-18100
-133400
13300
175900
-139300
-11700
53800
-28800
-87000
-21900
-81700
62600
-123700
25000
23500
-121200
66800
58700
-167900
32300
-600
-74400
187600
-248800
32000
-41900
145500
-111200
63100
-166000
84000
-134100
50300
-15200
8400
-112400
246000
-250200
-39200
42600
-32200
-80500
-55200
-21600
66400
-163000
171700
-29800
-65100
-72400
26800
-49500
13100
61000
-159300
258800
-249300
92700
-146100
-8500
-66400
276600
-280800
30800
-48200
-2800
60100
-78800
-92200
40100
36600
-146900
-28200
9500
90300
-114300
26800
56000
-206700
63100
20700
-57300
12400
-55200
600
8900
135900
-157800
325700
-549900
114200
-62800
49700
-90200
4200
-78900
230600
-167000
-83700
35700
-104000
2200
68400
-186000
87400
-34000
94200
5400
-149200
-12000
35000
-23300
-81500
297300
-451400
123900
53000
-100100
-82800
286300
-352700
134900
-108100
6200
19800
-78000
52000
27000
-168200
4300
-27000
-7100
32900
-46900
-81400
113500
31800
-100200
-35100
-68500
-4000
-29600
9000
56100
75600
-232500
482300
-483500
19400
-89700
64400
58800
-168300
-53900
149100
-169000
122100
-136100
-44200
104400
-132600
-49500
20000
-59700
4200
12600
36000
88100
-151800
-16700
9600
-29300
-146200
357900
-234300
-60300
6100
35100
-145800
237800
-301800
150900
-246100
16100
27800
-92400
97100
28200
-124000
-12800
-39700
-6800
-7200
-21800
-36700
44700
31100
-72100
-15600
-138200
52500
12100
-64300
-67600
265700
-297600
245800
-146600
9900
-123500
-49400
-25700
89600
-83900
-44500
-18100
35600
43900
-199200
-12600
101800
-141000
32800
54100
-36800
-76000
40900
32200
-31700
-108500
-52500
387000
-418100
81300
-72800
32800
-60200
133400
-206800
87100
-132200
22600
3600
-129600
-2100
74500
-19700
72100
-180200
-24500
128100
-223200
20200
98100
-181400
51500
201300
-175700
-29900
-70100
26700
-39600
241600
-339400
352800
-446100
206400
-111500
23600
-141400
-26500
18300
14300
43200
-99300
-16600
98000
-100900
-69000
26900
-75600
2700
-63300
142000
-114500
39500
-2100
-101400
-51300
218300
-202100
-40400
-41100
-47700
-1600
62100
-52400
62700
-43000
-77800
-78700
21000
-75900
-18200
-34200
84800
-60700
58800
-139400
72500
-122400
44400
-76300
50100
50700
-140400
238100
-232400
-29200
-44600
-62800
10200
84600
-154700
134000
-161000
95200
15000
-34400
-126700
54500
-124000
103000
24800
-123700
9800
9600
60600
-180500
-56600
75300
-89700
-22200
116900
-142500
232900
-256900
135700
-182200
61900
-57300
216000
-326200
148800
-252400
179200
-66300
-12600
-1700
-179700
13000
66200
-37400
-45600
-21500
-35400
176000
-182400
-56000
75100
-43300
-47200
58200
-167800
256600
-74600
-82300
-47800
-59700
-9200
236700
-447900
349600
-355600
58000
-34700
163100
-105000
-80800
-40900
62100
-181900
113100
-80600
49400
-28500
4200
-26700
-17000
-106400
50500
53100
-84100
3000
-118900
77600
36300
112500
-228200
311400
-351300
-25700
-86300
82800
42600
-194400
127500
-19700
-69600
-20400
-119000
10700
137700
-220800
53400
5000
27200
-50600
11900
-102400
69500
-9100
-21100
-163700
87500
-8800
153100
-226300
201400
-267800
47300
-111500
75000
-119200
24900
-76600
153000
-156000
-1100
-70500
27100
-61000
7000
119000
-138300
-11300
16200
149100
79500
-275300
39600
-103400
-62300
81400
-120500
379000
-372800
210000
-368500
268700
-210600
86600
-132500
33000
-102100
97600
-118600
93100
-84400
7200
-116200
29800
-38900
24800
-110400
47900
198200
-162800
-75800
-38500
43100
-37400
92900
-238900
376100
-373200
135400
-121100
-69500
45600
-32800
-129200
235700
-252400
22800
13800
144600
-115600
-43000
-60400
-66400
16300
-63600
191100
-231300
57500
92000
-52200
-144300
178400
-214200
235900
-367400
103300
-74900
71000
100
76000
-230000
116100
-204900
8300
17900
23200
-75300
-33500
16500
128200
-161000
-42800
103600
-174800
-8300
39900
-10400
-28600
127200
-129300
179400
-354500
99100
-23300
6600
-70100
154800
-208700
177800
-199700
2800
-65900
28300
-76500
-23200
-60900
105700
-116900
66900
-18500
-97500
87300
-98700
-5400
37600
-90800
-36700
58200
-35400
190200
-292200
60500
-23000
-102000
20300
128700
-187800
53000
-13000
2800
-4100
-202100
21300
-18800
26600
-8000
-57000
-25700
140700
-76400
-117900
-6600
-7300
-600
101600
-144100
145000
-109300
14000
-101200
60100
-129400
117500
-169900
227500
-289400
54700
-105400
188100
-71300
-197100
-12300
30900
-94000
42200
-5800
10300
-113800
116300
-65800
-49000
-100
-50500
157600
-239000
120700
-107000
73000
-45600
175900
-238800
31600
-110000
56000
-35900
-101400
-25400
92300
-28800
-18500
-117100
-26500
72500
-188900
111900
-31300
-14600
-10600
58200
-78000
89400
-209400
78300
-33800
-47100
-24400
157300
-193100
324900
-377400
32300
-68700
83200
-115500
-3100
-52900
151300
-259500
333500
-230800
-53100
33200
-99600
74200
-145800
3200
15700
-96400
126100
-10500
-89900
-34100
-37800
56800
-57500
98600
-170600
321800
-351900
121100
-181200
52300
-110500
32300
-62400
134200
-134500
-27100
142500
-158100
-87100
-33700
53800
193300
-243700
-26400
115900
-188200
147200
-10700
-99000
-95100
32500
-98900
218900
-253900
17700
-40400
204600
-169100
-6100
-69800
96100
-171200
42500
-92700
10400
-65800
102900
-30200
-98700
58500
-103000
83300
-140600
116200
-55700
-13300
7700
43100
-183000
53300
-83400
8300
37800
-179600
67400
128100
-47800
-17800
-121000
-16000
-26500
-41700
-37000
65400
-47000
-57300
144800
-145300
10400
-85000
13600
-41700
-63400
103700
-16600
-88300
75700
-91900
-40800
54500
-64700
-116100
263600
-255600
136700
-102600
-10900
-38400
-66800
59700
-148700
18400
-20100
19300
-26100
-10400
-14800
140800
-306300
72500
9600
-11100
-43000
-2300
-67600
92900
-107000
70500
-146100
49500
-92500
232600
-282200
126700
-158400
-29900
53200
118000
-106500
5800
-203000
132700
-169000
53800
-25200
-19700
87900
-48700
-123800
75000
-154400
-11300
142300
-100600
-66500
900
132400
-96900
101300
-235900
475600
-544200
138400
-111900
43300
-112700
130500
-87600
76100
-221800
25200
47900
-29500
38500
-155300
15900
72400
-89200
-26500
-67600
46600
12700
-67500
53900
-120300
32800
66900
5700
-205700
261700
-329700
84600
-63900
82900
-166700
125400
-73500
86300
-223700
-5500
14500
-23400
-29100
-15700
-28200
56200
-63900
45700
-42500
-62100
-24700
-36100
34100
-45200
61500
-133600
224300
-241000
36300
-61200
20600
-100800
120100
-151600
70000
-161900
173900
-80200
-90000
-28800
30700
-46500
39900
-200800
98500
-44100
103500
-47000
-105600
84500
-124300
73100
-108100
58700
-94000
-34900
99500
-126800
-19900
191000
-214000
-19000
-64700
26800
80000
-165600
86800
-65000
-55700
-5900
-43900
25500
9800
-98300
-22500
57400
106100
-110200
15900
-123100
100900
-155800
71100
-25800
-68800
-15800
258700
-207100
-116700
-6200
2000
-26000
-35200
-42400
29300
-93000
330900
-305400
-53000
133200
-229000
-20800
37800
6700
-37100
5800
16100
76500
-147000
3300
23500
-94000
-25800
46800
-66900
6700
-5500
-10600
-56000
200
-115400
106100
-103700
3200
-65000
-50900
173500
-101700
-108600
50200
-162100
67500
-5600
-5300
-20700
-16700
23500
21000
-25100
-109400
119200
-234100
91400
-106400
37100
-54000
293100
-258700
-6600
-121500
2900
24800
-24200
41800
-80200
90600
-58000
-137100
-59900
-47800
17200
-92100
78700
-103700
96000
-100000
96700
-51600
13300
61800
-181400
70500
32900
-166600
34900
78200
-153800
86800
-103900
-45700
15000
-64200
55800
-113100
131500
-40800
68300
-118100
-64500
-51100
8300
-57000
149700
-90700
82400
-206500
112900
-43400
-2800
-156400
32100
-42000
22700
-14100
115200
-216000
253200
-172700
-97200
-88400
57800
-32300
-111900
54500
35800
-63900
72600
-20500
-134400
100200
-116100
-63000
58600
22600
-147200
62300
-2300
87400
-170700
31000
-32800
58900
-214600
308500
-298300
53400
35600
59600
-295900
25900
108200
-16000
-173200
43200
-5800
-68400
601500
-510200
-3200
-150600
120100
-184400
138700
-150400
137800
-139000
98800
-96600
153900
-207000
-25900
-38700
14300
-41600
76800
-156100
228900
-185400
-72900
31000
-71000
-13300
-25700
-91800
96800
-98500
103900
1000
-92300
-67000
-35000
6100
25400
-120100
7800
40600
42000
128300
-254900
2700
-16200
95600
-172300
99500
-125900
-9200
3500
-18900
-26200
-162300
37200
71100
-60900
-9700
-23300
-33400
209400
-128900
-115600
21700
-99000
-11400
40300
-52100
35400
-126800
92900
52200
-209800
19000
390700
-406700
19200
-53500
-60900
41900
-32400
32000
-51400
-70600
-22800
-104200
79100
95900
-118900
118500
-48100
-67000
-90100
-26700
42000
62800
-196000
74700
-142800
90500
27800
-1800
-99500
172500
-301100
184300
-199700
88400
-158400
9600
-21000
89000
-131400
87700
-8300
-29300
46100
-162800
97000
-158100
106900
23400
-74700
-115500
11000
-39400
76900
-123200
-8200
74800
-49600
-48600
167000
-258000
2900
18600
-71400
53800
-72200
-26300
61000
-64200
8600
-150100
35200
59200
-29500
-15200
-117900
24800
136100
-125200
-50300
63900
-110500
-51400
-12500
-1000
29700
-56100
13000
207100
-327300
2900
-24500
-13300
73200
-51900
-94100
-48100
112600
-33400
-71100
51700
8100
-181400
65800
12100
-54100
-72300
100800
-45600
-31100
-123900
36900
-35400
42600
-139200
235100
-200500
100200
-67100
-136400
77700
-128500
12900
97000
-87100
-51800
34500
18600
66000
-227000
45500
3400
-111800
-2900
24500
-14900
-81300
100000
44400
-122600
-92400
-90600
130100
-57200
15000
-62900
-18700
111700
88400
-300500
106600
-77100
-48500
5400
-78700
98600
-118500
45500
101500
-249200
17900
41900
33000
-107900
-30000
-18700
75500
-52700
700
-12400
-23600
-19000
-52500
-23600
7400
-148600
-28600
289500
-190300
-37900
-84900
3600
23000
-117400
67900
-48000
-43900
133600
-36000
-143300
23700
-32700
2800
-51200
-88100
178000
-201800
71600
60200
-157300
-5500
-23400
52300
-49100
105400
-219100
201300
-99200
26600
-191000
49700
38500
-135600
-20000
33500
-128900
36300
74300
-34000
-37500
-46400
-59800
73200
-140100
-34100
137200
-130800
122900
-45000
-40000
-31300
-106100
27700
216600
-259000
-1500
-89200
140700
-8200
-219100
48200
-64200
20000
-25300
-17400
-27600
48500
11300
-41000
-24300
-165100
44900
85000
-126700
42900
-66300
21200
116200
-70400
-178900
416500
-386900
-38800
-15100
48100
-95500
52600
-47800
395500
-535300
42000
80700
-150700
83000
-172600
8400
86500
-24900
-23900
-68700
-32600
82200
-159400
92100
-71000
12700
-45200
374000
-363100
22900
-150400
55300
-56500
55500
-100100
78500
-122200
148200
-62300
-148800
83900
-80600
-77800
-21500
-37700
7600
49600
-1400
59600
-230600
82200
-82700
47400
-70700
74700
-125000
337600
-318200
50900
-132600
47600
-89100
63900
-129000
124400
-237100
132000
15900
-18000
-159600
43600
-68600
63700
-16800
-75300
182700
-269000
76400
51200
-90800
-51800
94800
-159600
217400
-202200
8400
-33400
-29000
-38800
181600
-236000
30200
-43700
12200
25400
-79600
-4400
10500
-28700
-60100
-66400
30000
49300
-106900
117300
-204300
67200
20300
15100
-109800
-86300
-52500
206000
-208400
48500
-72900
12900
99300
-23700
-188200
153000
-156000
84000
-136600
33800
40500
-182000
107200
30200
-127900
1500
-17800
-28600
54900
-152200
15900
29000
5400
9800
-82700
-77900
50100
-50500
20800
58000
-53600
-112500
267300
-229400
-82300
-32300
7000
81500
-179400
15600
62200
-38100
-63000
55200
-121800
42200
-53300
-49600
16800
-107500
29000
42200
7200
19700
-76300
-17200
-131000
1500
6500
99800
-163300
109800
-38200
88600
-296900
161700
-116700
43400
-46800
-69700
-42500
78200
-44000
15200
-79100
5200
-42100
-34200
26400
-17000
25100
-112300
174300
-186400
-37000
-11800
43700
-54700
172600
-261400
5300
-1000
64100
-23900
-123600
-29600
23800
-112500
-45200
48300
29800
-75000
50700
15500
-52100
-121900
17200
123700
-113100
29000
-74200
53200
16200
-54600
-76900
138400
-247200
25200
-20700
13200
-22800
40700
-39100
67000
-225000
86700
-5100
-147700
-7800
50700
-69100
27500
31600
38400
-31800
-196400
26800
49800
80700
-198200
58200
-106300
146500
-21600
-146000
60200
6900
-43300
7800
-4400
-84400
-62500
206600
-178900
-97800
-37300
-15700
83400
-146200
42800
-17200
-93800
98800
8500
-98300
25800
-147300
107600
-97200
121400
-131000
-59100
72900
183200
-354200
59400
-23600
8900
-96500
95000
-141500
153400
-153400
12200
-77600
-400
-48600
-32300
-9600
10700
-19100
-22400
167800
-188500
-25600
5000
-39000
-27700
72000
-133300
146700
-146800
134300
-67700
-159500
-30600
307100
-326100
36600
-26200
-38000
13000
-4400
-11200
-86500
-54000
13500
20500
-89900
116100
-188700
400
145600
-105100
-82400
149600
-136300
16300
-134300
97200
-45600
-34400
12400
347400
-402100
-5800
-84900
-5200
32900
-81700
-38100
99800
-75300
14000
-104000
-14300
19100
-45400
-5800
44400
-189100
65300
163200
-75200
-94900
-40800
74300
-72100
37000
-163800
288200
-339300
140500
-27000
-107700
-39800
-59800
69200
-104000
81600
-44800
-80100
102100
-14500
-131800
-31900
-30200
112500
-131900
-7200
-47100
110500
-60600
-38900
-85400
78800
-74300
78500
-142700
12700
-19100
46200
-30800
219000
-353500
-3700
0
-43100
46800
-69500
-60500
100800
-105400
100100
-138900
-2600
-74600
11400
-35200
45900
-57800
-34700
189000
-220200
54200
-93400
-15400
-31000
121500
-152400
23500
-100600
109500
-5100
-88300
-92100
49400
-76800
83700
-85500
-13600
89100
-96100
38600
-103700
-60200
46900
24800
-84100
53800
-101800
44800
68400
-44500
-198200
56200
-89200
117300
-124700
13300
-44600
9500
68500
-24400
-154100
63300
-128500
18900
-18600
-33600
169400
-262700
126100
6900
-43600
-108800
1700
-27500
25100
35100
-95400
-43200
74900
3900
-38500
-154000
177100
-166200
-57600
23200
-13700
-66500
154100
-101900
13700
-134900
-4300
105200
-187100
8000
-27300
32300
59600
-40500
-118700
109100
-194000
60700
31200
-70100
-46900
51200
-13600
28900
-163700
76900
18100
-83400
-113300
253900
-222100
-63200
80600
2600
2000
-156600
-42600
82100
-157200
32200
71800
-19100
12300
-51000
-38600
14700
-141600
29200
2500
5400
54400
-165100
89400
45000
-170600
-32400
298600
-352800
39700
-14700
-1400
-105900
208000
-147400
32300
-113500
-36500
112100
-74500
-46900
-75100
35200
56100
40100
-216300
147800
-216700
85600
-80700
58600
-104800
65600
-44200
162500
-244400
43400
-20700
-118600
-27500
130100
-127300
26100
-11800
-20800
87700
-190300
15200
45100
-176300
45400
37600
-68000
35700
-19000
-38700
38700
-23900
-105400
84700
-213500
149800
-105000
84300
-54800
95100
-253700
45800
-62900
11400
-3000
-84100
6900
129800
-100500
-63900
7300
-82800
100000
-123000
-44600
57700
-71300
31300
96100
-183400
98900
-163000
51300
31700
-128300
145600
-96500
-55600
516800
-581400
47300
-46500
-1900
60200
-156100
-16400
7600
58100
-32900
-133900
-8200
57800
-85700
-44600
82500
-110400
17000
48800
100400
-88800
-200700
54300
-53500
35700
-34700
200100
-275700
161000
-114000
-66000
-47700
15000
-80300
56400
-104900
83500
-111400
51800
94400
-27400
-203000
-7300
-13900
18300
-115400
-17300
101900
41200
-26500
-130400
61800
-36500
59200
-181100
403300
-406400
-2900
16400
132400
-96500
-202700
1600
92400
-98200
3400
-77000
-21200
123900
-24400
-146400
-20000
-2800
-11100
17000
-85600
67600
-126200
97700
12100
-23600
-182800
204700
-208000
140800
-134400
10200
-53100
180500
-160600
-31600
-99100
123800
-208000
40000
19100
-12200
-71200
88700
-60000
15100
-183100
55400
8900
-33500
-89900
13900
22600
115100
15100
-216000
357800
-435200
111400
-85900
42500
-95300
45700
300
107000
-247100
59000
8700
-136500
-26600
23400
-10200
-13600
130100
-100800
-36500
-141200
5700
13700
-29800
-38300
98200
-115800
202300
-154200
-45500
-61500
66800
-98200
398400
-468700
229600
-334800
243500
-107500
-100000
125600
-225900
11200
-23700
24100
-34100
-7000
29600
56000
-226500
-14300
9500
59100
-48200
139800
-214000
175300
-172000
188800
-253800
18300
88000
242800
-391800
80000
-86900
4900
-24200
34300
-58900
-142200
14600
-58100
-5700
-21100
22300
-52900
63900
-13200
-8700
-96300
-22800
-48500
-25500
64800
-131600
31500
320500
-325300
73500
-127700
13200
-82200
29200
-74100
110000
-191100
207500
-110600
-44100
-96300
-5800
-30900
72000
-111100
4600
17600
81400
53900
-291000
71800
-37300
-24500
-3400
131600
-204100
232000
-233500
8800
-48100
-1000
-39500
85300
-171200
94100
-98300
15100
125700
-173700
-55300
-8300
-54400
19400
11900
-62500
124100
-112000
-800
-12200
-85000
-24400
106000
-140900
124900
-192700
54300
-117300
112200
8400
29200
-277200
170900
-161300
5500
25000
42200
-85100
115000
-132800
-44500
16600
-48100
-52800
-33400
54300
8700
-167100
135400
78100
-163300
-22200
-57000
98400
-77500
-84400
-33500
223900
-156000
20500
-156200
6700
18300
-116000
5800
34100
36000
-85600
17800
1200
-65000
-109100
158900
-150700
44500
-64300
33300
-81500
192100
-202100
-3300
-29200
17700
-127800
221100
-256800
56700
-41900
85100
-40800
-165100
23300
57200
-105600
30200
-92000
11000
41700
19700
-27500
-63500
-148400
75000
35800
-81600
55400
-113700
34000
54800
-71500
-100700
124000
-137000
62300
-121400
-8100
76100
-59800
54500
93000
-280300
181100
-176600
15000
-76400
25700
-50000
-45300
62600
69700
-241200
74600
51900
-90700
-47000
-19000
1000
-39500
256700
-230700
63200
-217400
123400
-99200
32700
5800
26400
-166100
471100
-398900
-64200
-108300
23900
73700
-177900
34800
-16200
21600
50500
-58800
-67600
97400
-110200
-63900
34600
-115300
73600
31300
-30800
79700
-224100
67800
-21200
31500
-154600
394400
-435100
31000
38400
-37100
-8900
-2100
-104900
-4900
-118100
41000
30900
-64700
200800
-125100
-136800
55900
-146400
52400
73500
-70000
-64000
-30100
107000
-61900
-54200
-61900
354600
-432500
72600
-41500
9700
-103700
179800
-77200
-53700
-120100
-1500
-43000
-24100
119000
-135600
-18000
142100
-182300
-22100
65200
-95800
-2600
-28400
84200
-149800
73700
-13100
195800
-379300
91900
-65500
66800
-82900
125900
-203900
79000
32800
-61100
-41400
-137200
21900
57800
-64000
-41700
-17600
-11300
176700
-176000
-79300
-7300
-4500
-32700
155600
-190100
119800
-119700
87000
-99500
-31400
61200
-2500
-200700
269000
-271100
13300
-91800
126900
27800
-216800
-20600
81500
-98200
-13500
-15300
-200
85700
-153800
91500
-78600
-21000
-61300
49000
-82800
81300
-80100
-27700
50200
9000
-140700
306100
-359400
56700
38700
-74300
-71100
1800
192500
-214600
42900
-178900
10800
77100
-71600
-37500
34000
-62300
75600
-90200
-1200
-14300
7800
-134800
68400
-62300
-6900
-65000
81700
57800
-105900
-93400
16800
-37100
9700
-125700
50300
59700
-4400
-49600
-108800
-9900
100
-23200
-21500
48300
-155500
36500
61200
19900
-124100
40800
-111700
158100
-252800
56500
-14200
18600
28100
237700
-367100
42500
-26500
-41000
9500
-80600
-52400
32300
54400
-10000
-52300
-98800
145100
-221800
74900
-47600
2700
-65500
247300
-208100
1500
-53200
-7800
-61200
39900
-112700
326300
-364500
333200
-354700
23300
-110600
103800
-129200
107900
-161400
80200
-162600
759800
-545100
-123700
-54500
-44400
70900
-94400
33400
-111800
45700
-15100
44200
-134900
21400
-70600
99700
-109400
78200
-144300
82200
39200
8100
-237300
69000
-78000
56100
-62600
-47500
26400
-14800
94200
-99900
-51100
-44500
-20700
-59600
101700
-128700
118000
-133300
140000
-154200
-9900
-13000
-18400
-109800
320400
-329700
46700
-117600
143200
-101200
-40200
-53400
85500
-124800
52800
-81400
15400
87300
-114400
-28100
-35900
4400
-74200
41100
-77600
176600
-231400
-10600
149300
15400
-238200
222500
-199200
-22700
-29000
20800
-36100
59100
-16100
31500
-114700
39000
-36000
-84200
-80100
-22000
77700
-72400
8700
60500
-207800
7000
106900
-86400
-36000
-44000
5700
9500
81400
-93800
175900
-306100
52300
-61000
42300
-51300
-9100
-88900
163900
-108200
-65700
31500
-110400
108900
-155100
10200
-6600
-53400
66200
-26900
-89100
77800
-158000
67800
-15700
-112500
1200
42900
-9200
71500
-178000
7500
94000
-141700
-15000
210100
-253700
69600
41900
-30800
-118200
-31400
-73000
77100
-150800
33800
31200
-42100
62700
-27100
-95200
-25800
145500
-212700
94100
-162600
65800
-43300
98200
-87200
191800
-302000
67400
-96400
62200
-50600
-69300
-54500
199400
-79500
-130700
-27100
-46700
96000
-51300
-24300
-1500
-149800
134200
36200
-130900
-13800
-52400
30900
-26600
-2500
-114400
250700
-234300
229400
-214800
-16300
-99700
48600
3200
12800
-170600
152400
-135800
214400
-182300
-115500
3500
-16800
-5900
-59300
81200
-102200
112600
-114900
-71600
70300
-95100
-14600
81900
-136700
265300
-266400
55100
-21700
-110200
53600
-126800
-6900
158700
-174000
56800
-134900
114800
49000
-194600
2600
65200
-120900
-9400
-17500
17500
-44700
7700
-10300
-39400
-21900
-43800
113600
-203000
54200
-25100
11400
6600
151100
-323500
81200
-47000
-32000
68100
-91500
23200
23300
-22800
-71600
-60000
-34000
2600
-45800
64300
-80400
-49600
68300
-44800
36200
-83700
-46500
19800
-26700
-9800
-14200
-29300
-101000
381500
-231000
-199300
40600
-53000
39000
-125700
31300
33500
-70300
217200
-178600
-110000
67200
-175700
81200
54400
-149000
27800
-17100
63100
-3500
-181900
4900
6700
55200
-125400
161400
-216500
352400
-309200
23600
-99500
34100
-35700
27100
-154700
98700
-150300
31700
183700
-141600
-28200
-96600
36700
-66300
108900
-156100
48600
-130100
145600
-61100
-23400
-121600
100100
-99900
340000
-377000
-20200
-21100
85200
28100
-146900
-96500
170000
-217000
49600
-48900
-14900
-32700
69900
100
-70100
-10400
-77100
114500
-94600
-59100
-47000
47900
70100
28800
-201700
218600
-249900
28000
-89000
5500
-10700
123700
-116100
138800
-303200
27600
106500
-161700
99400
-86100
-69000
106200
-132500
80000
-50500
-48600
-400
-59600
-11300
4600
53500
-118900
121400
-88900
-36400
-74300
-4500
-8600
138100
-210600
113700
-161400
47600
-28400
-82700
107000
-157100
2100
51200
-126000
18800
10300
39600
-31200
-104800
46400
-4000
12200
-112300
14300
-17700
24800
-60900
80800
-154700
-18200
-38800
278000
-322400
249700
-233000
151900
-167600
75100
-41900
-92500
-54000
-57300
31700
-54000
25700
-82500
167000
-170400
49100
-82800
29400
-66400
-67900
-5300
99500
-122600
66500
-20100
-22600
-93600
181800
-237700
23900
-84400
48400
29700
-57400
-18400
-77000
-5100
-35300
78200
-127300
97900
-187500
95500
75900
-101700
-43400
-26200
75200
-106900
-29300
-31700
42100
-39500
21600
173300
-366200
47900
-25500
13100
-21500
29900
-125500
97000
-78900
-16100
17800
-85000
13400
-27900
-4600
-14100
11200
-136100
209800
-102000
-88000
-61300
76700
-105300
30500
-87600
269500
-280300
77000
13800
-191200
-68000
137600
-84000
84600
-162800
27700
36600
6800
-71300
-18600
-29600
-64700
19800
-44400
63900
-161800
83000
29200
-21100
-57300
-64000
-39300
173100
-271900
81600
-41600
8700
15500
160100
-289400
56100
-23100
-100
-39100
-127700
34400
35600
700
-20900
-69500
-60100
48800
-117200
27200
6300
-111600
49700
85600
-72900
-26300
-90000
11700
-47100
129700
-61100
243000
-350700
85800
-101400
-17300
-11600
-46400
-95100
84100
-87000
34600
14100
23600
-65400
-84000
-10900
-8300
-129900
68300
-17800
8100
-8300
25200
28100
-103700
-112800
-4100
212500
-247100
26500
566200
-514800
-41100
-1800
60000
-112600
-103000
-2100
-77500
28500
-77600
19300
81100
-45600
-124900
78800
-151900
55700
48700
-65300
-47700
-23400
86600
-13600
-58600
-93500
491500
-482400
11800
-114900
68300
117600
-93700
-44700
-37000
-115300
12300
-59800
-1400
71100
-178000
12600
151600
-12500
-157800
-8000
10800
90200
-218500
50100
14000
-47900
82600
-24600
-136200
19300
-77100
59000
9800
-45000
-81300
87800
-12600
30300
-101700
-95700
-38600
20900
-87500
90600
-14300
-142100
31900
58700
-64400
-87800
128100
-187300
124100
-33400
-60700
-69000
259600
-194900
278700
-440700
44100
-43600
22200
-93500
393900
-418600
183000
-170400
-38200
-16300
-42000
-32700
36600
-93300
41700
-8400
70100
35100
-271900
23500
80600
-72000
-37800
-12700
-49800
58700
36400
-9500
-133600
108900
-187700
250100
-226700
88600
-197800
175000
-99800
39900
-99200
6800
-121200
35500
-85700
81400
-4500
-38100
95100
-76700
-45900
-96100
-44800
78700
-137800
-11300
273200
-240800
67400
-47600
-89200
-25800
-44900
43700
130800
-188500
-8900
-87600
115000
52900
-264600
-6900
50400
-75700
141200
-192600
20600
-86600
124500
125000
-296200
25600
-33700
54800
-17300
-36400
-99300
186700
-133800
134900
-199700
114500
-106200
-23200
-9200
-79300
109300
-37900
19200
-56700
-143600
83700
-189500
38400
-50500
34600
100400
-4000
-81900
-32300
-97100
-29200
37800
-66600
503100
-539000
220400
-250500
158800
-153500
-71100
700
74500
-1100
-153900
-42200
-9200
-35200
205500
-181700
-40000
-12100
-45900
57400
-114900
5000
49700
-77500
42200
67500
-168500
232200
-156800
-98500
-25100
8400
6500
-27500
59600
157600
-383600
165800
-274900
192600
-144300
-1500
30400
-62500
16900
35100
-120900
-4700
8600
-76300
96900
-85100
-25200
-54100
81200
65600
-251700
42100
262600
-331200
97200
-83100
33700
-33800
177200
-163800
-59400
-71200
-26500
19300
-88000
3000
-58400
60100
-61100
10200
-42700
-7500
-53100
35800
-78900
128800
-203000
54500
39400
80700
-210900
232200
-266200
515800
-575700
93900
-112100
84600
-16100
-36200
-106300
156800
-197600
26300
-26800
-84900
79900
-145000
68100
92400
-178100
26800
-43800
-44800
65900
-125300
50800
38800
-4200
-37200
72900
-236100
103000
-91200
57200
-118500
86300
-71700
84000
-85600
61300
-205100
-22900
69400
-119800
76100
-127900
-3100
141300
-68800
-108000
-71800
62000
-49500
-20600
-30400
-24200
194500
-170000
13900
-85600
176800
-233800
277000
-265800
68000
-96200
55800
45800
43300
-57300
-195000
-83500
30200
-48600
31800
-117000
90200
-13700
4300
13100
-167000
-19000
109500
-90000
-12600
82200
-155700
417400
-421200
18800
-39300
103300
-151000
342400
-454600
180300
-116800
103100
-113900
91100
-225600
-4800
-36900
28400
8800
-41700
-6100
-17600
95700
-263000
60900
-33500
-32900
57300
-52400
-50800
152200
-86900
386100
-522800
102300
-212800
80000
-19500
82100
-151800
44500
137900
-198800
-102100
73600
-63500
7500
-62700
-25600
89100
1400
-34800
-19200
-137300
47600
-128400
41500
83400
123000
-207800
-95700
123900
-42400
72100
-213800
225100
-217800
58200
-168500
82000
-13100
-97300
86300
-107800
-23400
1300
-800
-97100
62900
-133500
64200
38500
-14300
-5600
-183400
66300
79800
-93300
-27800
-45100
35700
53900
10000
-193600
104800
-101200
94900
-211000
80800
-65900
-13400
-6400
51200
-171200
112500
-182800
70600
-24300
2000
-84900
20600
116100
-54300
-71800
-72900
286600
-366900
86800
-66300
75800
-128100
333300
-291600
159700
-330500
128800
-108300
86500
-132100
17700
-58400
165700
-198800
4300
-38400
11100
-30000
-40700
-29300
40100
-123200
110700
6600
-89800
-10800
-58200
55400
-89500
63300
-132500
173500
-91200
72700
-177200
-19400
162900
-175900
44400
-54900
-171800
73400
17500
1400
19100
-150900
61500
-71000
-68600
20800
-32500
-4000
87500
-74800
182000
-288400
168100
-198300
325600
-401300
130500
-123900
123100
-90200
-2200
-107200
-17400
-53100
56600
-124900
34600
23600
40400
-29700
-156200
121500
-183100
53100
-34400
14800
-62400
64500
-19600
191600
-341300
100200
-81600
64400
-151400
257800
-220200
142000
-141200
69100
-192100
-31400
9600
-63200
-12600
8600
-21100
-36800
143200
-4300
-239400
57900
-66000
33800
-1400
-74100
88800
-45800
51100
-71100
-68100
67800
-22600
-127000
489300
-478200
8200
-104800
157100
-42100
-202800
29000
-20800
-70300
48600
-105800
-19200
16700
32800
135700
-269100
47300
-30600
-22500
37600
-99700
22600
143000
-126500
327800
-490600
87500
-56500
95800
-160300
144000
-147100
112200
-104300
57700
-191400
-17600
31300
-103100
13700
80000
-110100
29900
-13200
4300
-28200
-80800
-69300
114500
-186600
57100
158100
-176800
93300
-40900
-124800
16000
22500
-107300
190900
-158200
7500
-70200
30100
-20500
-6200
-127400
-37100
5900
39700
-147000
96200
-46800
20600
112600
-227200
53600
-67100
9800
-15300
-55600
-42600
224000
-114500
-14900
-41700
-44500
-10400
-21300
-100000
197300
-233300
121100
-90000
3300
-127000
-60100
101500
-145800
22700
40500
-95500
-11200
85400
-55800
-18500
-56300
-62700
86200
3200
-163900
272200
-262500
178300
-134900
-35900
-23700
100
-120300
83500
-103900
136700
-153900
89700
13600
-183600
12400
-2900
-75600
20900
-37800
-32800
65600
-93300
80000
-66400
-37400
-72100
145200
-176500
461500
-524100
127300
-46300
182900
-286400
74300
-176700
182500
-265000
124400
-84500
-4700
197600
-167500
-105300
-27100
152500
-219800
-33000
78100
-150700
91200
35500
19900
-123100
-42000
65200
-31700
-46700
-73700
438800
-440900
463600
-467000
159500
-254800
51700
-67900
-19900
-61600
40900
-84100
81000
75000
-130400
-74600
1100
-77300
600
41800
-73900
60300
-62500
38800
-105600
25800
-55200
292300
-366100
617200
-681500
59700
34200
142900
-225200
24200
-77800
82800
-198500
39700
-29000
-16400
43800
-83000
-45000
-3100
12600
-41700
3500
-32500
43600
-138300
133400
4200
-127800
-12800
284500
-341600
72500
-92500
87300
-111900
150000
-177400
-6400
-78900
74100
-102100
-20600
107200
-184100
-34700
77400
-14900
-72100
43700
-118500
84300
-117200
66200
-43200
-28600
85500
-9800
-144700
337800
-273900
-98200
-51900
21300
-20100
38500
-46900
84500
-176500
30400
-1900
-132200
224800
-145100
-150600
-6000
73300
129900
-317700
88400
-20500
-25000
-65700
-19800
-15300
107100
-1800
-39200
210300
-408400
136300
128000
-133300
-120300
26100
-92500
245100
-234600
-18500
22800
-105300
68400
-155100
3400
23300
-55600
96400
13400
-175500
87000
-23700
-56600
-64900
-19000
14900
120100
-115900
443500
-604700
39300
6500
129600
-185000
78300
-141200
136700
-130700
35000
-48300
-25200
-95600
36700
-97100
76600
-135300
-12900
71200
28800
-46400
-88000
-19100
70900
-106100
-30800
81000
-108400
135300
-105500
3900
-68700
-31000
-62000
141100
-147900
13800
-87800
151100
-17400
-237300
2400
83000
-70700
-29200
53500
-83600
105800
-140700
10300
-61600
-8900
25900
-4700
-62300
250800
-356300
89800
4200
102000
-203500
172000
-233300
88800
-108500
35700
-55800
19900
-39200
-3800
-97400
31100
-128000
42900
-11700
16600
-71800
-500
22200
48400
-100100
-68400
98500
-125500
4800
-53800
-1500
21500
385000
-417000
469400
-615800
161400
-130500
2200
57600
-11600
-172900
122800
-132900
-3100
-51400
71700
-69300
-8900
-70100
54200
-130800
96400
60000
-151100
22700
-102600
-3200
77800
125700
-241000
482200
-506500
155900
-200000
139600
-193600
153400
-190100
114100
-212900
58800
51400
-16100
-17400
-31400
-84200
-55200
-1500
29800
-135200
72200
115400
-82100
-78500
-43900
-7800
11300
56300
-116300
423200
-443800
202100
-227400
-2800
-104200
23200
-80200
33400
-50900
42800
-101200
86500
-300
-106300
70400
-127900
-42900
111000
-141100
19300
12200
32300
70600
-242200
51000
-41700
30200
-132500
207800
-134800
295600
-285000
44600
-206300
19000
5500
-131300
10000
69900
-69600
40600
-29100
16700
-118900
11200
-59600
-28400
36200
-15600
-62600
-4800
47100
68000
-227000
26300
352800
-319000
-57700
-52600
-49900
100900
-13800
81200
-87800
-51900
15000
-42500
-129700
119300
-89100
9900
47500
-50700
-69900
-53100
-1500
-14400
138200
-216300
-1000
33700
111300
-99500
-90600
178900
-221100
199300
-296500
504800
-569000
177300
-190700
100100
-144500
-39100
176400
-122700
-87600
-66900
-16400
37600
85300
1600
-181300
-13100
69900
-106200
93600
-167100
7500
-36600
215700
-139700
258700
-411900
428900
-500500
117900
-91100
127400
-149100
85400
-100800
43600
-220400
94400
-29700
37800
-117200
34600
-46500
112700
-51700
-129300
-6400
37500
-63800
6400
-62300
43800
22700
-43600
393400
-475100
-11500
-63600
25500
12700
-64400
-20600
78400
-89000
49800
-147400
23000
62500
-90900
-108100
10400
11700
-101600
107800
64800
-76900
-87700
9200
-63600
178700
-215900
-15300
-6000
70400
-700
-130700
-70400
183100
-202000
148500
-173300
36000
-144600
127300
-23000
-71300
-45000
-5700
-60400
87100
-161300
35200
10500
80500
-95600
-54600
-10200
25800
-7200
-89800
317700
-354300
132000
-101800
59300
-123000
23000
-108300
151400
-110500
28800
-126300
8300
61600
-106600
-104800
33700
-57800
115300
-179000
64500
-5800
11500
-28700
-22400
13900
-34000
-6500
-29400
202300
-349600
361100
-370800
156800
-53600
-77000
-82800
46500
-96100
32200
-109500
139600
-216700
167300
-24500
-163900
111300
-112500
-50900
62700
-50900
-27000
63100
-43100
249900
-358200
28200
-13300
-16900
-45800
121800
-201400
101100
-62000
122500
-237600
86900
-119400
52200
-29600
-131300
9300
57600
12700
63700
-232600
4900
67800
-122800
-21800
28200
-30200
10400
64200
-63900
174300
-329200
172000
-195400
115200
-82300
-15800
-12400
81300
-146700
70700
-137700
108900
-175100
1900
88100
-158500
27600
89600
601800
-646800
69600
-192400
-20500
-36800
-16700
-35700
194600
-148100
83400
-155900
-37300
-27300
232400
-311500
456700
-426600
94800
-62800
84800
-164100
-106200
-4400
20100
-55500
-32900
-23300
16800
66500
-106200
-43900
16600
-50700
-9500
-31600
-10800
26200
-73100
52700
16700
-159300
80400
36300
-133600
257100
-275300
60500
-138700
231100
-130200
-26500
-160100
78100
-148100
46400
-26700
-25300
-48400
86300
-56700
28600
-200700
89200
49000
-54500
-55500
-35200
-13600
138800
-4600
-172700
198000
-209500
72800
-181500
103300
-39100
-106400
47600
73700
-169900
-11500
-16200
-57900
66600
-143400
76800
-5600
191300
-96800
-76900
91700
-314300
2100
96500
-40200
42800
-128900
115200
20300
-187800
57200
-60700
85300
-152900
25000
-19000
-2000
76000
-115700
-78700
34300
-43100
101600
-206900
63900
-26000
-62500
155300
-100300
-117100
27600
-76500
37500
-67100
93900
-175400
-21500
149200
-48900
-8600
-172000
581800
-543700
-44300
85500
-147400
145500
-46300
43300
-225500
-22400
48200
-51300
107400
-208900
55200
-53700
68400
-16500
57800
-170400
74400
-141800
66300
-110000
108100
-141700
190900
-92800
312500
-364600
-105700
11700
-55100
65900
-116200
5000
59800
-34900
-800
-91200
18800
-54400
-63100
112000
-128000
-14800
70300
-57400
-81000
-32200
28500
-400
-39700
426500
-411600
4500
61300
-76600
-149700
49500
41100
-185100
42800
34600
-118700
38700
-3800
21500
-72900
-10100
-5100
-111100
-11300
4000
-51100
147000
-71800
-1500
-42900
-61400
290200
-363700
-27600
-69300
42600
36700
-48300
-11900
137500
-155600
-49900
-101100
6500
28400
-71000
106000
-88300
-22700
-27800
-61000
20400
39800
-80900
131400
-195600
13200
52700
3200
-54200
-107300
-44100
140000
-162300
58400
-82700
56100
32900
69100
-244800
178600
-199600
16800
-66300
-34300
76800
-150300
73400
51000
-149400
22900
-51400
-14900
111700
-147300
-8400
34900
-28000
-27200
-15000
-45900
900
-800
-37600
3500
-52400
531700
-291800
-234200
4500
-160900
120400
-87900
-33900
-51600
-29400
114000
-118100
92300
-137200
55700
-119700
151300
-202600
24200
-52500
82800
35200
33100
-235100
202400
-286000
95300
-52700
10500
-55800
236100
-182500
204100
-318100
-30300
-59600
-48900
105300
-104800
-27500
22900
-41100
63300
-125900
42200
17900
-12100
-83900
-1300
-38500
-62000
78800
33100
11800
-83000
-104800
36100
-39100
-82600
159200
-190700
167500
-169300
-37200
-49800
51400
-56800
-43200
-45600
76400
-168200
162000
55300
-145000
-80000
13700
-28200
57600
-124700
-16200
156900
-17900
27400
-192600
-43200
28200
10200
-100800
134700
-232000
257600
-222600
108100
-139000
-60600
155500
-228500
-6500
86700
-106100
51000
-5900
2500
-10400
-154700
17500
85300
-137500
-28800
117400
-143400
167900
-89000
-37400
-7700
56300
-205700
213600
-246000
27400
-53700
144500
-30700
-125200
-46700
-38900
-26700
4600
-25200
-37000
125000
-29800
-95900
10800
-90200
-14400
-40100
-42300
79300
-85500
49500
44900
-125600
-65000
200500
-242900
31900
-3800
-40200
-54200
12100
10500
16000
-149200
33000
19800
-84700
82200
-156000
33800
138700
-87200
-12900
-40600
-66800
60800
-194900
105000
-31500
-700
40700
-141100
172700
121700
-382900
198800
-79700
-143100
-24600
3500
27400
-20900
-55300
15400
-168000
52900
-7300
-40600
68200
-119900
-15000
117700
-10200
-144300
109900
-138800
135700
-217000
144600
-135600
51400
-32200
348000
-453000
-16500
2200
-21300
-9800
-116600
37100
38000
9300
30300
-149200
10700
29500
-123800
73600
-20600
3500
-145300
219600
-146000
-28200
-60100
67200
-61000
2200
-148600
247200
-224000
50800
-72700
-20200
-12700
-40500
-59500
16900
-32300
-20600
-27800
33200
72100
-144000
6600
-54200
16700
-39500
36600
-85000
80600
-100300
129700
-131400
-54100
37700
-102900
-43900
243600
-289800
12200
69700
200
-149900
8200
-50700
62600
-140800
41000
56900
-91000
60000
-51000
-59700
22700
-92400
-13800
753900
-726300
213300
-355500
186700
-131900
-40300
13600
30500
-147900
381800
-375800
12900
-85400
141300
-95500
-24300
-60300
88100
-211600
43400
-3400
-33300
-73900
96600
-17500
15500
-183400
3400
500
33600
-60500
700
9700
79700
-74600
-119500
243300
-254700
-32300
-23100
30300
-77200
72300
-32000
48400
-52100
-71100
65100
-147200
-72600
-12300
40300
-39300
98500
-79800
22100
-169900
75200
-36800
-26600
104300
-126900
100900
-27100
-83900
123400
-283800
31300
-52100
16600
-79200
203000
-159600
80100
-151400
22100
62700
-108100
70400
-191700
17700
59500
-104900
69500
24900
-62300
-28300
-74300
-19200
26300
32100
-122400
47900
-71600
130600
-131500
-33400
10300
-54000
-14300
178700
-276600
427200
-318300
76900
-193400
-46100
120600
-118400
8600
-75900
-53000
192500
-160100
-22600
-20900
-76600
27900
-41500
-43200
3400
-89800
43500
83200
63600
-82200
-122400
108900
-143900
12900
-112300
96800
61300
-71800
55900
-254600
94400
-75200
-45900
38300
-143300
27700
78700
-23000
74000
-199300
-18900
-18900
-11200
71400
-44800
-64900
12800
37300
122500
-259300
8600
-19600
-62200
32200
-49900
-13700
101700
-56500
99600
-164500
-43800
37800
-35700
-5100
-102200
36100
13100
-41300
80800
-98700
-115700
36700
-65600
73700
-120500
-19600
-26900
39500
134000
-182000
-55700
235200
-310500
71200
-64900
83200
-165700
70400
1700
-106600
122500
-79700
-44900
-114000
62000
-32500
-72200
161800
-113900
-44700
-92700
-4900
469900
-481400
85000
-192000
9600
112400
-39300
-84000
229100
-297200
101700
-182600
105700
-102600
-28200
161500
-105500
22200
-180100
57400
6900
-67700
-5700
41000
-25200
49100
-109600
-37600
-25600
-44000
-4100
-29200
27900
-59800
15300
20800
-66700
94800
-205000
78800
-96700
-15100
118400
-131200
-13100
78000
-40700
-57200
-44100
49300
-105200
-14500
12400
-59700
143300
-93700
-17400
-10800
-123900
134900
-123800
-118200
128100
-169600
180600
-173400
92500
-158200
17600
40400
-89200
-71400
123600
-134200
-16600
99000
-45600
-56800
-41000
-57600
34900
-41300
16500
-66200
-49200
255000
-203900
278900
-393500
28300
2600
25100
-54100
303200
-431500
197800
-94400
-70900
-71300
6900
2400
-85500
-76400
31800
-21700
136000
-160900
-26100
10100
62500
-178300
20200
-39000
48600
-26900
29200
146100
-336700
184000
-153500
27700
-108700
501000
-498500
109000
7600
-25400
-166900
-100
101500
-232800
37200
-26400
5300
-3000
90700
-89100
19600
-98200
-36100
12100
-25500
16000
30200
-131400
343700
-242300
352600
-375800
58100
-271500
108400
-178100
105000
37300
-50900
-6700
-112300
-42700
28300
-51000
9300
-41900
-13700
-52600
89800
17600
-149200
7600
-22000
42400
-146300
209300
-174700
-6600
-5200
31600
-94500
-37800
-74700
103800
-127900
128700
-224600
150000
-40200
98500
-181300
-47500
-27000
57500
-51200
-53500
-26500
-15800
95100
-100100
-35500
9500
-74300
27900
-14700
-96800
219100
-235100
179300
-119000
-23500
-82700
14600
-8100
-67700
-37200
61300
-97800
125500
-86200
-85000
36800
-102600
-50600
82700
-122800
41800
800
63800
-35300
-116600
20700
20800
-164400
22300
229700
-231900
71600
-99100
93400
-116900
7800
-79100
178500
-255800
83300
-76700
-16400
148800
-174600
-82400
5600
9200
-55900
3500
-25900
46300
-137500
119300
700
-96600
-40200
96100
-157400
138600
11400
-161800
-29200
124700
-73400
102800
-262500
99400
-110500
12700
20700
-91800
50400
-31000
-52100
-23900
-115500
44600
2500
-53800
98300
-194600
44800
118100
-140300
-43200
96500
-146400
77100
-91300
-11700
11700
13400
-43100
257700
-343900
52100
-91100
41900
-47500
-144500
40000
-42200
114500
27200
-237400
117300
-86400
18000
-90700
47600
-39300
59200
21800
-58600
-6900
5100
-44200
-57900
-11400
21500
-34100
-2100
119000
-157500
18800
-132800
27300
-54600
-20600
8300
-24400
-105700
117500
-70500
-4700
-16300
-21000
-106000
45300
-73400
104300
-40600
-50000
85200
-184700
-1100
-22200
62800
-121500
301200
-363500
297600
-288200
160500
-220500
64400
-89900
-14700
-34900
52600
-180300
65400
42600
18500
-134300
-17900
-32100
57400
-134800
49500
88800
-80700
42100
-21200
-16200
-58800
74700
-161100
361500
-480700
153600
-109800
96400
57700
-150100
65700
-60900
-87100
-104400
-8400
28000
-67900
84800
74000
-261500
31400
18200
-36200
36700
-18700
-67400
83100
-135400
147900
-178200
47700
-22300
228000
-342300
248600
-283500
51200
-25700
82400
-135900
-13700
-59500
89700
-194200
2400
33700
-1300
-1000
9600
-123500
46400
-162200
63300
47000
-34700
11900
-114800
136500
-47400
162400
-330600
370800
-315000
-47200
-82400
135100
-17300
-17000
-96200
-66500
-45600
109700
-195900
28300
-3700
-36600
60400
-45000
11000
-96600
32200
47500
-93000
-33600
98500
-163600
319200
-166000
-60800
-165500
2400
-16600
-6500
-103600
178300
-210300
141900
-130000
130100
-182800
-4000
59800
-139900
-17000
9100
-46400
18800
134300
-110200
14000
-7100
-150200
97000
-100100
48300
-68100
-69100
399800
-316500
78700
-197600
222300
-351100
55900
-64600
95000
-76100
17400
-14500
-22100
-136900
-21100
54900
-69600
132300
-169300
10400
151500
-55700
-138900
55500
-132100
40200
-42000
94000
-225100
29900
39000
70900
-160400
118200
-168500
123400
-209900
147000
-40300
-39600
15800
-11500
-31900
-74100
-80100
6100
48400
-40300
-43100
-24300
77500
-100
-38000
-96200
-3200
-58000
445500
-545800
73500
-51000
28100
88600
-174900
-50500
76400
-79300
50000
-124300
4900
105100
-113800
7400
2200
-77900
-34100
-9100
-34900
37700
-37900
-2500
166400
-114900
-151200
60800
-122500
213600
-206100
69400
-102300
-26200
23800
13800
44100
-188400
-19300
101500
-86600
90900
-129100
-8800
11800
500
16600
-196100
563200
-535300
-3700
-27600
-80400
97900
1700
-46300
-12400
-113200
443000
-545700
13100
66600
-53800
135200
-37100
-62500
193900
-371900
139300
-114200
80400
-224600
90500
-68600
60600
-48000
-60000
-4900
-23200
34400
-115500
82500
-187700
137900
-13000
400
-145600
147600
-174000
105700
-128500
17300
-67200
196100
-121500
23700
-190000
96100
15100
-208200
39300
-38300
37600
13400
-81600
61300
-37500
-25300
-97400
-1700
13700
-17100
12500
-81200
252000
-262600
-35000
-19800
-6300
-45700
222600
-291600
47000
-54800
105100
-4400
-140700
1100
-42100
3200
-24100
-79700
-1900
-7400
62000
-49500
11000
-62200
-64800
88200
-155600
103100
-75600
115500
-41200
-153800
-17200
297700
-327400
36200
-98100
203500
-200000
-35000
-6200
140800
-203500
-26300
-44900
-2100
69300
-144400
86900
-116700
96800
74000
-222200
56500
-9800
-42200
-12600
83600
-66100
-90100
26600
4200
-95300
-17100
113900
-158100
351600
-405500
82800
-145100
209000
-126000
-89800
43600
-61700
177900
-281200
6300
-39700
-17000
69900
71800
-233100
149000
-200300
84600
-92900
46400
-72700
85800
-50800
86800
-165500
-39700
-47800
6500
-16300
18500
-89700
51300
41700
-32000
-91800
-30300
-89600
53300
-22100
40700
8900
-128200
124600
-131400
9800
29800
-165300
6500
86900
-96000
47300
-121800
156200
7200
-73300
-165700
370700
-374100
-5300
-91900
52100
63700
-30600
-81400
5300
-80400
34200
-88800
19000
8800
-16100
-43600
64100
-76600
-95800
61500
-84500
46300
-83900
14700
45000
47100
-89400
425500
-443600
-144200
20200
-38900
-5100
27000
-102100
96600
-122000
75200
-9000
-85900
-64600
4400
-50500
73100
-68500
-112900
225800
-48400
-134300
-7100
-51300
32600
-67100
-26300
203300
-185600
26000
-32600
68600
-210000
50700
-94600
122200
-224300
64700
-4400
51200
-35000
-38600
-70200
-8300
-37900
-38300
100400
-137100
103700
-12100
36200
-194100
100800
-123200
11800
-75100
25700
-700
67900
-76400
427400
-513600
-17200
-77600
49700
-59400
3200
-60600
67400
-92600
53100
-69600
-30200
-35800
9800
-37300
-22100
47000
-103300
140400
-131300
5400
21500
-46300
-110800
254800
-293200
254500
-342700
176100
-50300
-28600
-12600
-44000
-39000
99500
-119900
5000
-108600
52500
300
-108300
36800
-49300
-37600
-2900
-66700
11100
131900
-84600
49300
-168000
48800
-30600
16000
-131200
355600
-362800
-6000
-13100
95900
-152500
-5200
-22200
-35400
-57300
50500
-150200
37800
106200
-43400
-134400
5300
-11500
4200
-21800
-30700
143000
-217800
143100
-37200
-41800
-89100
238000
-319100
341000
-435600
112000
-76900
114600
-111700
-34800
-53500
103300
-232300
64500
44900
-85600
3400
72100
-48500
-111100
58000
-78200
176800
-92100
-45200
-116500
34400
6400
105900
-254200
209800
-212400
48100
-20300
-41700
-20900
-46400
76900
185600
-337100
84400
-128300
11200
31100
-129500
93900
-27100
-6900
6100
810100
-930200
32500
-47600
-9400
21600
-135100
-31400
235900
-169700
-32200
-84400
73500
-102400
93800
-85600
324300
-417000
239500
-189300
-88200
-5400
-74900
58100
-127000
42000
-19100
6200
23000
900
-131600
154500
-216200
51500
-52900
68400
-62400
144700
-167200
372900
-531300
95900
-4400
24500
-67200
15000
-92300
95900
-72700
-31100
-72400
-21700
-75900
32600
-33800
76300
-76900
-57500
128200
-123700
-46800
-10800
-5400
-43600
87100
-134300
58900
-42600
68200
13100
-224000
200
46700
-73000
114800
-189600
66800
-11900
38700
5200
-205300
5400
69900
-66600
-35100
36100
-74600
108000
-83500
96800
-181500
-6100
3800
-52400
-73100
412200
-414100
463700
-410300
7400
-169400
98200
-44800
-124300
-9600
125900
-147400
-23700
61700
-12200
-57300
-112800
-2800
15400
-44000
13100
1500
-53600
155500
-80100
-105100
-39700
22000
-28100
8500
-40600
370800
-459300
87500
2500
-60400
-98400
64700
-145100
115000
-181100
52900
-46900
129000
-88100
-95900
-23300
47300
-115400
42700
15400
-42300
98400
-96800
23000
-124600
37100
10700
94200
-222100
349500
-380500
33500
-4800
21600
-51900
-64700
-17800
72000
-127400
57900
-68100
-15900
-800
-30800
-86300
69100
-128100
43600
-25100
32300
-87100
58500
-45400
9000
-28100
143300
-288400
53800
187000
-291600
8900
-15400
54900
22600
-160300
-7300
45200
-89100
600
-31400
-41000
154900
-144400
56700
-46000
-90300
-30600
-800
-40100
46100
-47000
-23000
98100
-105800
-67600
155800
-161300
-7100
-17000
-41700
21200
-53000
3900
21000
-147500
82400
-105300
-7600
50800
-150700
15700
-10300
106500
-67400
3900
-94500
2400
-89900
30800
-34500
13400
20300
-41300
-1400
125600
-229400
24900
-96800
56800
-5300
-61300
-300
34200
-1400
14900
-135100
-40000
522600
-529300
43600
-61500
-43900
147000
-189700
16200
-42900
-53000
-14300
-25100
-1600
-26600
-10300
51400
162900
-298100
263800
-306700
26500
-64200
30500
73700
-170800
60000
92600
-184700
-36000
-29300
-8200
43400
-93900
600
10200
-35500
49000
-64800
-30000
-9400
-57700
22900
-64400
16500
-92500
190500
-157800
-56000
11100
10300
-46800
108400
-204200
129200
-116200
63100
-133800
-3700
107700
-216600
81600
-41600
-4700
-34600
-73600
99200
55800
-158500
-48900
26600
106700
-124200
-6800
-95100
276500
-289900
98100
-159500
46900
-23700
88700
-190300
94400
-163800
69700
86400
-125000
66600
-119300
-57800
94700
-149100
31900
2700
2900
-9500
-27200
-79200
53900
-109800
-16000
148600
-199200
381300
-424100
88400
-60200
-24900
-2900
-6400
-128000
139200
-210100
84700
-61800
74500
32800
-204500
-900
45600
26800
-57600
-73100
-27700
17300
75200
-69100
-98900
11700
33600
-112200
-25900
253600
-289900
88800
-37500
100
-92700
35600
-72100
4000
-73400
112100
-156700
-5800
111200
-22600
-140400
-27700
-1100
8800
-24300
-69900
129200
-197800
93700
146000
-230200
-71900
133600
-91600
1800
-133200
43600
65200
87600
-179500
56600
-157100
14300
-35900
38400
-83700
-18500
-39800
152000
-181100
6900
-47400
56100
-57100
2200
-41100
106400
-104300
49600
47000
-214400
93500
-119100
-3500
23600
-64900
-55900
206900
-130200
15500
-130900
-30400
49000
-101500
-59500
82700
-54900
3600
-45100
13000
-12600
-64800
31400
-81500
5600
76800
-49500
-88900
186300
-224400
77500
-138400
38300
-84600
230600
-232400
24000
-74100
44400
30100
-195000
21100
88800
-101600
-3500
-61500
12900
91300
-103500
19200
-55000
-134000
49600
19800
-43100
29700
-56400
-16800
350300
-260800
-196100
267500
-290700
17100
-74700
36200
12000
-78600
57600
28000
-87300
-48000
-56200
-3700
20100
-135600
400
103400
27800
-82900
-70400
12600
7100
-58600
1100
-41700
14700
-31100
79900
-44800
37200
-209500
33100
-61600
85200
-116100
8600
-40700
178500
-173900
-58000
-98300
8500
78700
-84300
-17100
-13600
-84600
99700
66000
-149900
-31800
-56100
26500
34600
-130300
23800
15600
37500
-10200
-167500
37300
25100
9700
-127500
248100
-234000
-71600
122900
-10600
-91700
33100
76500
-254500
-21400
57000
-39900
-44100
146400
-122700
47600
-223500
84900
18000
-88100
-27200
-5600
-30300
139200
-99400
-121400
41300
108300
-199100
190600
-198400
-17600
-33700
66700
70500
-239400
-4800
19600
-10000
-33700
-5300
-70800
195700
-152700
24700
-43400
-112000
33800
22600
-73700
37200
-95500
50500
54800
-42900
-129900
240100
-189600
-96200
-39300
24900
-35700
-34800
48100
23500
-187200
13700
29200
-16400
-18200
-42100
30000
-26200
113900
-128400
-14500
-134800
-12700
54900
-8600
-53100
-19300
-16700
181600
-174600
-76600
-65900
63700
-87000
49200
-101700
63700
-109900
163000
-119500
-66700
99700
10100
-174400
-11500
21300
-57000
53300
-28600
96000
-228200
56200
-28800
69800
-137300
74100
-122300
37500
74100
-39300
-103300
96400
-161100
80200
-126100
44300
-35000
-56100
157400
-166800
-46100
-79900
127200
-99900
22300
-72400
78600
-93200
29700
-300
-70600
-9300
-34500
-20300
110800
-181400
-9800
-68100
124800
-20200
115500
-311800
200500
-158300
-42100
-64400
16800
-39500
51500
-29000
-9200
-105400
10000
50200
-95200
-67300
30100
-55300
115600
60400
-200900
184700
-273700
69700
-57400
23500
-11400
202900
-212900
58000
-236500
71500
12700
-72100
-43500
-8700
-53800
99300
4400
-89100
-53000
-59400
71300
-73900
76600
-169300
90100
-84000
117300
-27200
-50600
-116100
320900
-378700
32500
-13700
-13500
-88000
328100
-288800
47100
-90600
-3800
12000
-160900
24600
-9300
-42100
121400
-27100
-75800
-74800
-800
-16400
-39000
47400
-32500
30300
-19700
85200
-175200
17900
-96900
62400
-65100
65100
-157100
160000
-42000
-40100
-84800
-44500
24900
-101900
-35400
35100
-124900
58700
73100
25400
-109400
-74000
8700
2600
-64800
-14600
127700
-161300
196400
-148300
-59600
9400
18900
-152200
318600
-333800
65100
-172400
187100
-104100
-5100
-119000
5100
-16100
-11900
-39100
-45000
54800
-45800
1300
-41900
-42200
-13000
58900
-81700
81400
-147700
119300
500
-86200
-142900
258300
-254100
30200
-41500
-12300
23700
-97800
44400
101300
-229100
-3000
-25600
-15400
12700
-14200
-14300
35100
-12900
-23200
-37000
-95900
141800
-229500
80800
-37700
47100
-148000
221200
-142000
297600
-406300
-16000
155700
-115900
-47100
-79400
-45700
224200
-143100
-107600
36200
-96400
94100
-166600
-3300
41400
-107300
121500
3900
-109400
37300
-75200
-23300
9900
17700
-99000
260200
-263100
143700
-183400
-700
-41400
116300
-187800
91500
-160700
23600
54600
55600
-179900
-44800
-17600
105900
-204900
66700
700
4900
16800
-57600
-30700
600
-101300
31300
199500
-145900
-25200
-132600
114600
-20500
127900
-304300
262200
-299100
56200
-120000
11100
11600
61300
-32500
-28400
-152500
49900
-400
-65200
118900
-128900
-68500
124600
-133000
-22300
94300
-88900
20800
-135400
87800
-33800
-86000
100400
239600
-404000
43900
-44900
64300
-52400
38400
-143800
-52600
54400
42900
-118100
4400
23300
-138300
-12600
35100
-56900
20600
121600
-113200
85500
-212000
70100
-71100
65900
-149800
202900
-200500
108400
-84900
-21600
-39000
-73100
-900
-24000
2300
-60400
-23600
28700
108800
-243100
15100
42900
-38400
-52000
52600
-101500
141800
-63700
-7000
-59000
91000
-169100
105500
-174900
497000
-598700
152100
30400
-13500
-101500
53900
-163500
102600
-236300
52700
13000
-57000
122600
-93500
-50600
-17800
-34400
-26300
24300
-69500
145200
-226800
235500
-100100
-122700
-21800
180100
-234400
68100
-12000
-33400
-32100
45800
79300
-217100
-91300
116400
-42800
-110500
3400
-26900
56700
7900
-52600
-11600
-131300
49200
16700
-70800
1400
-54400
1200
120300
11900
-208400
336400
-311400
93200
-195000
7800
-25900
104200
-98800
63700
-121400
-69800
68600
-126900
-13200
25000
-41200
800
118600
-138300
3000
-130900
43300
-6100
3100
-56100
104100
-149700
174900
-106500
-67400
-61200
68400
-115600
247200
-311100
237300
-320600
155800
-46600
-121900
75000
-142000
3800
66100
-74100
-44700
-3000
64100
49500
-179300
-30900
51300
-144100
83500
33700
-68700
16100
-35100
84100
-108400
-5000
-121000
238800
-262600
57100
-135100
37000
66900
-110200
-77800
87200
-50700
-42100
-35100
-15500
36400
-27100
20800
7400
-199900
75400
34100
-85600
154600
-241300
88400
52300
37200
-77500
264900
-458500
236500
-208700
10500
-95900
12000
-18100
63400
-40200
-66300
-22100
-79100
14800
-49000
70800
-87300
-35000
91600
-68800
-91800
126700
-138000
128900
-196100
72300
-55600
55200
22300
-9400
-194900
334000
-346100
82600
-137200
22900
26900
-55800
-7300
101300
-266200
33500
-23300
-82700
54300
-11200
-32000
33300
-36100
38400
-41200
-51700
28500
-129200
45100
-4900
101000
-193700
235600
-260400
204400
-256600
260100
-287300
117400
-252900
209400
-172000
138300
-78100
-114700
-41000
169800
-250500
119000
-40300
-14700
-37400
37000
-13900
-21800
62000
-190300
603500
-662800
84200
-101600
69700
-41600
197300
-319300
63000
-123000
32700
-16700
-20000
42500
-148500
73700
37700
-92100
-66100
92000
-84900
38700
-101500
-55400
16100
120600
-17600
9500
-191900
135200
-207400
95600
-58800
38200
-93200
271000
-249800
55300
-129800
16600
-170600
64000
-51600
500
-58600
83900
62000
-84500
-9500
-92600
40500
-60700
-85100
84400
-45200
27900
48000
-99800
54700
-189100
87600
-57300
3400
-39100
-8200
53100
-45700
-121600
25900
-37800
-62800
17100
-63300
22100
-55900
-26900
50300
-125100
26100
34200
-26300
31700
-63300
70600
-164800
287300
-202700
-56200
-64700
-1500
-20100
230100
-306000
168500
-203300
144900
-156700
17900
-67700
-17600
-16300
-55400
-27100
4400
-10600
21100
43200
-199200
-8800
22300
36600
-74500
111700
-169400
95500
-86900
126300
-165600
22200
-108600
272300
-317700
42000
-16100
-7200
79300
-93200
-125600
-8800
-1200
3500
-42900
-21200
13200
-97600
72700
41300
-186400
20500
36200
-51600
90700
-129400
86000
-108800
49400
-38800
232700
-336000
123300
-105900
29600
-89400
63800
-126200
202700
-175300
26800
-24800
-127000
122700
-175600
13000
-8000
-69300
71600
16100
-117500
-108000
57900
-47100
-9800
30200
-27100
29200
-53900
92300
-107300
46200
-198800
235200
-188200
-49400
-59000
105400
7300
-93800
-84000
64700
-156200
69700
-53000
138000
-171200
18100
2100
51300
-25400
-162800
139500
-214000
162600
-134700
69300
-48100
187500
-193200
332000
-481600
69700
-81200
43900
-67800
15300
-77300
160800
-151700
-62900
-11200
-53000
2400
25200
-59500
-8300
103900
-85400
167100
-284900
17500
35200
2900
-121900
97300
-166100
266300
-239000
101700
-167100
35500
-98500
62500
-161100
90200
-9700
-39900
132700
-57700
-158200
40700
-119300
21800
58200
-98900
152800
-248400
103800
12700
-46700
-85700
27200
-62700
96400
-77800
0
-12400
29000
-80800
377500
-450200
-48300
-57000
63900
-52600
-27900
-32800
94900
-114000
-33600
22400
-67300
-42600
29700
-38600
-20100
96200
-73000
88700
-226900
44500
-9400
-30700
-82400
210300
-233200
32300
26800
21500
-96400
-88600
-38400
78100
-122000
26700
-58600
17700
51700
-1100
-109400
47500
-116700
17400
16300
-57400
-25900
-48200
250400
-108300
-149000
-34200
108900
-153500
45100
-113000
57900
-3900
139800
-173100
-4100
-63200
-21500
-86400
-5400
103700
-172700
102800
37400
-88200
-11600
149600
-250800
21900
-44000
106500
-192700
-2600
144000
-56300
-177400
161600
-147500
58300
-72600
700
44500
8300
-63500
22100
-129200
-40800
-40800
-19800
16800
26900
-132800
58600
56800
33100
-214900
53100
-83700
52700
5100
-104900
154000
-228100
165500
-29400
52400
-213700
265300
-326900
119200
-156900
57400
-97900
118200
-55900
-56700
-71800
107300
-196300
26000
50600
-70700
-69400
125300
-7300
-66400
-106800
-7700
90900
-74300
-55900
-30100
2300
42900
121700
-220700
304900
-402700
109600
-108700
56000
-99400
155900
-120500
83700
-191100
1200
33800
-148400
61800
35500
-97600
-12500
50600
-21300
7200
-168400
5500
97800
-85200
-22500
22200
-87600
218800
-156600
-36200
-42600
87600
-162400
182200
-229400
45500
-76200
102100
18100
-253300
23000
-15500
-25500
-7500
65200
-110300
95200
-114900
35300
-78200
-25700
-10400
85400
-169700
125800
-127000
20800
29100
107300
-247800
220100
-222100
73000
-113900
42700
-52800
-103000
75400
75100
-163200
-9500
-38300
-19800
-36200
1900
-55200
136700
-145200
67700
-77200
-16700
65100
-155800
77000
-39100
-39600
-83400
272000
-176400
-56500
-123600
94800
6800
-69400
-98600
101300
341000
-299000
-85000
-135400
35300
-72900
59300
-139000
-18700
138100
-96200
96800
17100
-57000
13800
-203500
157100
-255400
88000
-74200
45000
11600
290800
-392000
-100
-72600
24400
8600
-100500
-3200
68400
27900
-26700
-89600
-53000
142200
-250100
33300
-17800
-6300
6300
33300
-37200
23900
44400
-127600
-27100
-66200
-20900
210500
-270800
204500
-166700
28600
-85700
137100
-238800
249600
-275100
26500
-30500
43400
55100
-227800
-2800
-15800
-16400
32700
-20600
-64300
131900
-116100
-14100
-71800
32400
-52300
84100
-145800
87400
-85600
27500
30000
32900
-203100
165300
-187700
-26800
-25600
25000
-42200
-53300
66300
75100
-244700
45200
-50000
50700
-85500
-23900
44600
1200
-14200
-400
134700
-245700
28900
-78400
58300
59900
-87600
-37300
106200
-75000
-144300
-46900
133600
-106400
-61800
-28500
-15500
11600
35600
-19900
-41900
-126800
22000
43300
-28400
-73000
-15200
10200
108600
14600
-234900
208400
-249700
69600
-63700
39700
-111200
135900
-92600
88100
-186900
-23800
-49100
22500
-31100
-11300
-38300
75600
-109200
45600
-57200
1500
-68900
-7700
-45300
-2100
44700
-94200
234000
-210400
7900
-56900
42200
-113400
191300
-241300
115500
-219100
220500
-83500
-63900
-64400
-64300
800
39400
-150300
39900
8400
78900
-40200
-102800
-25100
82700
-155800
815900
-714300
-76400
114500
30700
-72800
-142300
60200
-14900
15400
-213400
215100
-234900
61700
-24200
55700
-89600
-164300
76400
-39200
5800
-28800
-63900
10900
142000
-148000
-75500
-21100
9400
-5400
36400
-126100
248500
-363300
208600
-44900
-44900
-107000
261200
-293900
93400
-165800
43200
-20400
168400
-192100
-39200
-63700
68200
-103400
2800
40500
-119300
19000
129700
-130700
-13400
59400
-92500
-35000
-32200
-1800
4800
-96000
121700
196000
-321200
24000
-99400
116800
-62900
-138800
41100
17800
44500
-25800
-146500
-33100
57900
-136700
44300
35600
-31000
-60100
102000
-78400
40900
-196600
48800
-48500
56600
-55400
71200
-166700
419000
-412900
93400
-150500
47600
-81600
49300
-132300
180300
-149800
162900
-155700
-74800
-69900
73300
-165600
73000
-21800
10000
-69100
60100
-9800
-53200
19900
-89100
162800
-193600
45900
-95600
29800
102300
5500
-307400
259000
-217300
22600
-24000
-16700
-11100
-141700
118400
40800
-100200
-52200
-38500
-65400
122900
-85400
-72500
65300
-62900
45400
19100
-86000
119200
-202500
83200
-99400
-54800
-2500
358500
-307100
-12200
-79400
8300
4700
-69400
-132300
-17200
47000
180500
-166700
-63700
47400
500
-104000
-25800
-6100
52600
-162800
136000
30100
-176600
203900
-243400
36500
17200
-48300
-6600
113100
-128100
267900
-333400
-50100
-59800
45800
-64300
-17600
-48000
114400
-111100
58100
-126500
76900
-130800
42500
-115300
107200
-31500
-86000
192600
-45200
-16600
-248800
87500
-74300
110300
-157400
274000
-279900
112400
-150200
5900
-10700
11800
-151400
40100
-6600
34900
-39600
8900
23700
-150100
-36100
66100
-101100
10900
59900
-119300
117900
-128800
64700
-132600
49800
-17300
130700
-247600
69300
-71000
20800
7100
91200
-223800
30600
-59900
36200
-139200
51000
26700
-67200
14100
33900
-15100
-123700
-39100
61000
-128400
9400
65000
-28400
100300
-106200
-28300
-50800
22000
-109200
451600
-467100
92800
-47900
-900
33900
-212400
-7700
29100
-25900
-52000
-1700
-55000
-8900
65100
-25400
-36200
-130600
17400
26200
-4400
46900
-108000
13300
53100
-59400
-68200
234100
-251800
15100
-111500
32400
-18500
-81700
84500
74500
-152500
-69800
-33800
-35500
75600
-126800
-9000
123700
-128800
65400
-81800
-18200
-24900
-58100
-9000
53500
-139200
55200
206800
-157500
-32400
-119400
55700
-39200
45600
-153700
213500
-199800
61500
-41000
-77500
-33500
-18900
-47900
75100
-176700
5000
5500
136300
-70300
-96900
-36400
56900
-102900
6900
83800
-103100
27100
-29600
65100
20300
-118000
-94100
249900
-255600
216400
-279200
13700
-11300
-8100
-77400
-48600
-15400
83100
-179800
55800
-2700
-7800
-24500
55800
-91800
-13200
100300
-182600
220400
-284800
129500
-83400
130100
-154300
236000
-330300
224500
-295600
69100
-81000
17400
-45000
57400
-42400
7000
-204200
93400
16000
-86100
208800
-184300
82500
-94600
-21100
9600
-125800
-29200
71400
-63900
53700
-119000
36700
63600
210800
-385200
162400
-245500
95200
-79700
-5300
-27400
-67900
71300
42300
-199900
-5100
2200
-18200
94600
-161400
23700
-8900
44000
30000
-38500
-127000
163800
-120000
-27800
-35700
17900
-72200
239700
-268900
100000
-174700
-2300
-29400
-35200
-6200
-11500
-77000
156300
-158200
-36400
33000
-700
-104300
-9200
21600
19500
-148100
161500
34100
-169500
35200
-80400
74400
-93200
-12400
-70500
249900
-205400
78100
-244100
82100
-59500
51900
-82700
-42600
18700
-25600
39900
-35800
34200
-127600
6600
-23200
-109200
31500
48300
-47400
25500
15300
-71000
-48400
123700
-176800
276000
-315200
10700
-6500
68400
-9800
-182500
-25600
72700
-140800
43100
-96800
41000
-18500
53200
60700
-190000
300
19600
-18100
-75600
128200
-160000
221400
-203800
89100
-134600
72300
-151600
367800
-421300
487700
397200
-837100
2400
10100
-157500
-46700
227400
-294100
17000
29700
-125800
-2300
303200
-206500
22700
-124100
-40700
12200
24100
-159100
120600
-111900
170900
8800
-188500
11800
-9300
-147600
38900
38800
-39600
-27900
124500
-63100
-128900
-29300
1100
95800
-91200
-62900
-17500
-57500
143500
-48300
-122700
17300
-67300
30000
-49200
-38000
-58500
36500
79000
-113300
-33300
181900
-257200
107800
-98200
-23300
-11400
-37600
175600
-182900
-77200
-20400
27000
-27800
-20700
-68700
134400
-198300
125200
-37400
-52100
-89700
81100
-89300
82600
-200100
86100
-25700
87400
-98900
141600
-263400
45800
-82300
13700
-44400
32300
-29300
39900
-56400
74800
-214300
47400
86300
-173700
90700
-11500
-66900
128200
-105800
-94800
28600
65000
-37100
-108300
49400
-58200
10800
-39000
-12600
-87300
35600
-4100
-125400
72600
-102800
-21400
79900
-38100
40800
-223600
73100
-13900
-15800
-43700
-29700
-700
116500
-162200
68700
-53200
-27100
11800
-137800
96900
-66300
-49300
-27900
281600
-248000
-15700
-75100
-26600
26300
-56500
-41300
38600
61400
7000
-123600
-74100
68200
-101300
-64200
96200
-175400
92700
79400
-38700
38900
-154100
1900
8500
-25500
-24400
-7200
-47400
-32000
46400
-2400
35200
-147200
-35000
81500
-109900
81000
-64900
-83500
52700
-53700
-55100
-111400
105100
-19200
109300
-216400
26400
-77100
68700
108600
-214600
-21800
204300
-260100
220600
-238500
-27300
-34500
102600
77600
-229100
-28000
146000
-147200
-37600
-53300
-18800
50800
14200
-33900
-46500
-119000
37800
55900
-99900
104000
-150200
112800
2300
-89900
-114100
153000
-125900
95800
-164800
10900
-7400
341400
-330500
14800
-134500
2100
51600
-120000
85200
-74700
30400
8800
-71100
11300
-160800
32300
133800
-144700
115000
-180200
438800
-491500
140700
-38000
-139900
119700
-88500
-29500
-200
-164300
237300
-264900
116600
-22200
-73300
-46500
-49700
-38800
53600
-130700
37100
-2900
51700
-12000
-112600
-29300
26600
29400
-97500
79100
-96600
63400
61600
-84300
-115500
157600
-227000
238900
-311700
48800
-18500
-34300
-19900
164500
-213700
8400
-50300
-19100
120200
-159000
-3200
-50700
82400
-5900
-72800
-66300
103000
-203800
88900
44300
-40200
-100400
129100
-99100
249600
-358000
36900
-65900
27700
-39300
90700
-156800
184900
-229000
-6800
-12000
-54700
6000
26100
-95800
30100
-112300
123600
-27400
-54500
-50300
-20600
-8900
24500
44500
-131100
-195900
94600
-64500
-99200
256400
-13500
10900
-93000
69600
-108500
-72300
96200
2000
-48800
-176500
-10500
-19200
5100
1300
-8400
-24300
169500
-136600
-79500
42000
-37600
-85800
41900
-51400
77600
-132000
105500
-42500
-44500
-127400
298100
-265900
-71100
-9500
-2000
-44900
45300
-6900
-8300
-161400
43300
-19100
3800
-46700
-41600
-31200
206100
-217600
-10700
81300
-99200
60100
-138400
129500
-88600
-9600
-26500
385600
-533200
67700
-59900
-1900
900
-39600
-44400
9900
5400
-7000
-15200
-113200
-1600
-18500
100
-23000
35500
-78900
242400
-157300
-138200
34300
-42100
6000
47900
-173300
109700
-42600
17200
-7400
-84700
124200
-225300
57600
-97500
-55400
20900
98300
-1000
-105200
-93800
54900
-17600
20600
-13500
-114100
44100
-72900
133200
-41800
-98800
-138300
35400
140600
-200600
348800
-426100
100900
-11000
61800
-165400
30200
-89100
73200
-162500
9600
49800
-45300
-600
21800
-108600
82800
-47000
-87400
40400
-47800
73100
-53000
-11700
2700
-163200
12900
63100
-93700
97700
-147000
298300
-275800
167900
-215700
51200
-122500
59400
-88000
-23700
-78300
105000
-196800
133300
48200
-115300
-55600
-70600
138500
-167300
28500
1200
24600
24000
42500
-185400
122200
-197200
65400
-80800
30900
-77400
293900
-284800
323900
-428400
61600
-36200
-26900
19300
-52800
-23200
59100
-67900
17300
-18300
-106000
139400
-101400
-55800
-30900
-19800
38400
-22600
-26700
74200
-199800
353000
-442500
93000
-62200
-26400
8500
110200
-153000
16400
-153900
57600
-52100
48300
-53900
-18900
-44600
118700
25500
-174600
8600
-64500
141900
-229700
36500
-14400
87500
-18000
60300
-206200
125800
-202600
101400
-92100
87900
-157200
119700
-72800
91200
-224700
3200
-18100
41700
-100200
-6100
424200
-442800
27500
24900
-127900
125400
-24400
-158000
7300
-2500
11300
13600
-48400
-43000
95400
-219800
70300
-119500
44600
15200
-95400
-17600
194400
-123100
-87900
5400
-75900
190300
-264000
119900
-111900
30300
50400
73000
-227600
126200
-196200
64400
-67000
21600
-98800
114500
-30300
168500
-356500
45900
-33500
66500
-84000
50300
-131500
118200
-113300
115700
-182400
27500
-60200
-20900
53400
35300
-165600
-2700
110100
18100
-110500
11700
-67800
-23600
-124700
68300
177600
-224700
332600
-274900
-59600
-106600
23500
44500
-106200
-30900
101700
-125900
116400
-61500
-110200
68600
-48200
-104500
74200
-119400
49200
-2700
-7700
98400
-249200
69800
-30000
10800
-113900
114700
-129900
71300
36600
-50800
-108600
-12900
15600
-113400
33000
-17400
-20700
-13500
24400
-12600
37300
-105200
-66000
23800
-83700
59500
-114400
36000
131700
-75900
-102300
-38400
24900
-15800
-22800
-84300
347200
-414600
170400
-87500
-22200
-104400
40700
-92300
79100
-97900
-10000
62800
-84700
-1300
-33600
-16800
-49400
-700
-27300
34900
-108400
-6700
95300
-17700
-124300
43600
-46000
101400
-177600
15200
5500
22100
41200
270500
-434700
-2300
-64800
119300
-238400
35600
67300
-22000
15500
-39300
-118100
113800
-210300
189900
-74800
28300
-104500
-17100
24800
40000
-79100
-84100
253800
-296300
62900
-68200
-20400
31600
14000
-101300
66900
-168900
99200
-69900
103500
-232800
67600
-50900
65400
132900
-322500
41100
-24100
-31200
60100
-24200
-73600
8000
129600
-83500
-109600
34900
-14500
309700
-394200
212700
-225800
33400
-38300
-10800
7200
-185600
-19000
32200
-53000
51300
-129600
52900
89100
-60500
-114200
8700
-73600
123500
-60600
-78900
115900
-114300
83200
-81700
-92600
49600
-29000
-79500
313600
-343000
-18300
-15700
106000
-95200
-17300
-114600
122400
-226800
80300
-7600
-26300
-16000
25400
-42900
49000
-155500
-8900
33900
-13600
102300
-228700
55900
148800
-97900
-172900
115500
-82800
31500
-90700
31300
-38800
6800
-26500
31200
-157700
125800
-202600
39400
9900
-68000
-16200
21800
-51100
161900
-225900
13500
120700
-160500
16300
-85400
42700
-8300
198700
-214300
205200
-231900
-92100
-29000
32500
-96900
41900
-76200
831600
-737000
-123400
-83500
143000
-58300
-102200
134400
-214300
119300
32800
-89900
-92700
88500
-99600
-11900
-41200
-1400
-5900
14100
-16600
235200
-426900
107300
-63400
21600
-86200
39500
-79600
128700
-141900
66800
-108500
-2300
-20100
-63900
41100
10300
-87900
-37000
129000
-39600
-136900
-1900
11900
17400
-50400
-40200
131800
-241200
115900
-29800
-62100
8700
53400
-133100
12700
-121800
25000
132200
-144400
13800
-53800
25000
-66900
12700
-77900
71200
-167100
68600
120900
-118000
-58200
39200
-92800
33300
-65300
8500
75100
-56100
-66100
307800
-343300
-54900
-41300
6500
-3200
13500
-110100
66800
-42900
-8400
28300
-102500
41400
-113000
42000
-1700
-75800
-26400
163900
-82100
-62600
-67300
61400
-26000
-27000
-97000
196500
-232200
424700
-381000
-110900
-38800
-7900
45100
-50900
-69600
97400
-187900
123400
124600
-240200
-55800
42800
-79400
21100
47500
-96900
93000
-93900
120400
-135800
-46800
-91300
150500
-137700
393300
-361800
-83100
-5000
24400
-107400
148400
-180300
34600
-78900
68900
-29900
-31300
85000
-151500
-15700
-39900
61600
-87800
20800
-78900
74600
-82100
88400
-55100
-79200
10000
-11900
-76000
160900
-241100
-600
-500
82200
-77400
1500
-106400
130700
-212200
39500
-22300
22000
98800
-130200
39500
-81600
-36000
-1000
82400
-200000
34400
42400
-19000
25300
-42100
-80900
2000
-62500
297300
-353700
39500
-94300
120100
4100
-108500
-126900
62600
-73500
8000
44000
-108900
71800
-131800
104500
-31200
-111000
900
101800
-130400
152000
-157000
-100
-72300
193200
-75100
144500
-360900
433800
-428300
39700
-106300
-5600
36900
-35600
-26900
-6800
-93100
-24600
-19800
-17000
102700
-122100
-8100
108300
-125000
-57500
75100
-113000
3900
-66500
107500
-63700
-103100
82100
152700
-306900
39200
-7300
-35900
-20800
35800
-97200
96900
-36200
86800
-228300
1600
200
-39800
8300
-97800
-27100
88600
26300
-38900
-58700
-97200
42700
-24500
6700
31800
-139800
-34800
265200
-84800
-189600
-49400
16700
13500
-109800
13800
90600
-121000
53500
-30000
-90600
115300
-170200
-37400
-7100
55500
-140900
111800
-29000
-8800
-43000
-54200
63800
-153300
41900
97700
-128200
-11100
57900
-32000
-79100
13900
-64500
113600
-205200
67600
-55500
21900
35400
-700
-142000
-2900
-73700
43200
59900
-92200
-16300
-25600
114800
-85300
-174300
55100
1100
-72300
61900
-68000
-13900
-31800
90600
-127900
193900
-243900
7000
-68800
104500
-112600
-22300
-74100
200900
-157800
-81800
66500
-90300
177800
-167100
-10300
-62500
6000
20300
76500
-210700
116000
-166900
100500
-111600
54200
-53300
260100
-231200
-20600
-70100
28400
-36000
-124100
4900
44600
-28000
-32600
36700
-26500
-2700
-124500
-14100
68200
-193500
103600
-45600
29400
2100
3900
-38200
-52300
30700
-94800
241100
-350800
116600
-104800
127200
-108800
-70200
-24800
74200
-139700
22400
51000
-47500
-74900
70200
-20800
-24400
-74700
-25800
80400
-97400
-25900
-45500
-43200
129400
-74200
16400
-65800
41600
58900
-213100
247300
-245000
40100
49500
-95900
117500
-70500
-122800
18600
-152900
118200
-50700
-32500
43400
-114100
-49800
-11500
24200
-147400
49700
-13500
55800
-65000
1700
-2700
150200
-232300
51700
-32700
-120000
-32400
400
-18500
38400
75900
-116900
-43300
101600
-196700
130300
-182300
96100
107500
-151600
77800
-149300
-63000
79800
-59400
-16700
-93400
49000
-93600
98600
-22700
-158800
-36700
33600
19800
-10500
-31700
63500
-144100
51000
71900
-191300
85300
-194100
60900
22200
-64600
192400
-288500
125900
12500
-99400
-57400
18300
-53300
78400
-178500
105500
-8800
23200
-26200
8100
-155100
7600
-31200
-21100
23200
-13200
-75200
99500
-62300
-94300
83900
-132100
109600
-216000
67300
-42800
-37300
95700
-16000
-73600
20800
-140900
13400
-1700
8700
-87300
52700
23300
150400
-327000
67700
-43800
-12100
-80000
143700
-134400
44100
69800
-78500
-65400
-80800
85800
-157500
-12300
47900
-123900
95000
52200
-18700
-50200
-125700
116600
-60100
-23100
-79800
126700
-115700
103100
-74500
-91900
-46700
220100
-258400
4900
-42900
-7700
171700
-172600
-38200
-65800
-34100
9000
-21200
-65200
75600
-120300
14100
99300
-86300
-69100
97800
-137700
21400
-68800
57000
-36100
-28000
75000
322000
-457300
35000
-71100
-1400
12300
-131700
44600
18200
46600
-40200
-85800
-38700
103300
10600
-89100
-42500
-152800
71900
2600
37200
-62100
-74000
63700
-58800
-50200
-47800
80000
-85600
270200
-259400
-19700
-149000
157800
-139800
-4500
41300
-142400
-19200
133700
-128900
21400
-36900
-70100
49900
-38000
-78000
75200
-7200
20700
-37500
-135800
28700
-29100
-10800
-3500
-115900
19800
115200
-102500
58300
-136600
-21400
12200
-50700
71000
-171600
10000
114900
-33800
66400
-247700
-1500
48800
-74300
80800
-119300
-1300
123100
22800
-20300
-163600
18800
-157600
41900
80600
-90700
225800
-331400
137600
-77100
-48500
84200
-140300
24000
-101600
-38900
37900
-42000
85900
-47700
-72700
42800
-146300
47900
-40400
35100
-58500
58100
-16100
124700
-248100
33600
-58500
1800
-48600
278000
-316500
182900
-169800
7800
-159900
80000
-58100
43000
-71400
-45400
59500
-156400
95000
36900
-133900
101600
-172900
30400
41400
-89000
91500
-162000
97300
14700
-119500
-3600
22800
-75600
211200
-266700
131700
-131200
85600
-90700
44300
-184200
-13200
-27800
102600
-162800
49700
7100
83500
-110900
-72400
-29400
29400
105700
-200300
129200
-192400
79100
21700
79000
-141000
-9900
-115700
423900
-433700
-37100
14500
-27800
98800
-31500
-205600
79300
-158000
71600
-1700
12100
-123700
50200
38800
51900
-96500
-82100
116000
-224600
58600
5300
15800
-119600
270900
-230300
-12600
-78800
53400
-20400
-19900
-88700
51700
-75500
131500
-90500
-101100
79000
-82200
-101400
800
-37100
138000
-81800
5900
-58700
-86200
110400
-113100
12000
-54300
67400
-90800
221100
-217700
315200
-472300
136100
-139400
81900
-98000
242900
-305400
112400
-61100
40500
-70600
-26200
-106800
-4700
-23700
185600
-214600
187200
-190600
-7200
-10800
-82100
-22200
-9600
35400
-36600
-27500
-101700
208000
-115100
-87900
-48200
5800
12600
-46000
-50000
67400
-63900
30700
-15500
-105200
67500
-145900
2500
18700
-21000
-26600
100700
-82600
207300
-321000
33900
12900
-129100
40300
164300
-214300
-10000
104100
-64900
-75300
33400
-112500
119600
-132200
24700
-128800
25700
58200
-27400
-81800
49200
-166100
62300
57700
-72200
-102100
41700
7500
31100
-45300
-78000
324600
-423700
114600
-102100
19500
-36100
281400
-269400
-12800
-119700
19500
10900
-102200
-24400
70700
-49500
48000
-17600
-148500
95300
-71300
-43200
45300
-13200
-70000
50600
19600
-52700
-93800
40700
-4000
-180700
21100
223500
-235000
273300
-293600
189900
-136100
-154900
77400
-52100
-67800
57800
-179500
44900
148700
-76100
-80700
-7700
-3400
6500
-151700
8000
51000
-24100
17100
-6500
-92700
21600
200
-103000
210200
-243800
-28900
4700
99800
-93400
23700
-138700
139300
-204700
15300
38300
-25300
-19200
10700
-3500
-10000
-140500
72500
-27900
-61600
132500
-156900
16900
69500
-70900
-139800
44400
-65600
23000
-79000
37400
-11400
191700
-229700
121100
-212400
11600
-41900
-26700
174500
-174500
102800
-114500
-36100
27600
-144200
102300
-156000
29200
58100
-51100
-19200
-33200
114500
24700
-83200
-153400
211000
-225400
10700
-80000
44000
-48000
226400
-230800
26300
-92500
-57000
6000
-63100
92200
-181000
22300
94100
-17200
-90900
94500
-131900
172600
-281600
102200
-58100
120200
-116000
91400
-216500
327300
-348500
56300
-79100
85000
-122400
51600
-43100
7100
-174800
65900
29600
-148600
21500
-16700
-18900
-14100
160600
-125000
58300
-211600
53700
-20300
-42300
-10900
82700
-136400
158500
-105700
-30800
-53500
54500
-157200
245900
-262700
12500
-16100
19200
4000
-89700
-59600
74900
-171600
81100
-36200
1500
-3300
-6700
-20500
-16200
-153800
78700
-700
-26600
-29400
-73000
114400
9100
-56300
-136300
393900
-403300
9900
-61900
15500
-2700
-10700
-19200
61300
-204400
-3800
47600
-102100
17700
-11300
12400
-38900
66400
-28100
2900
-183300
54100
5600
54600
-168200
146900
-148800
77400
-45200
-59400
20500
104700
-245200
123000
-84400
-85200
22200
43500
-67600
-88400
-27700
75600
-136500
21400
49200
-30400
21800
-31500
104600
-244300
176800
-172400
144100
-253600
69000
-39400
0
16900
269800
-387100
32600
-29200
-26800
23500
-27900
-134000
54100
83300
-52700
-63800
-76200
86700
-40700
16100
-2200
-121200
100
57000
-36600
-7700
-122800
288900
-359600
82400
-92300
41300
-67500
397500
-401300
79800
-208800
82600
-23800
-112500
11700
11600
-53200
114600
-112500
-53000
13800
-16000
-55600
-17300
-39100
43000
-91000
147800
24800
-165200
69400
-122000
70600
-48800
106400
-223400
374200
-308300
34200
-73600
-14000
13400
-107600
-20900
-26200
-108500
21600
144300
-108700
-26600
-120900
13900
83500
-129900
-16100
56400
-43200
27100
4700
-52100
-116000
115500
-139300
207100
-287700
129400
-108000
117600
-35700
-137600
-60500
74900
-104400
48100
-127900
70700
-78100
115000
-71300
-63000
-46200
64500
-129500
34500
74300
-92200
24200
-13100
2300
-49000
-129500
53600
186000
-237700
488300
-620800
57800
56300
34800
51300
-202200
-66600
85300
-108400
3100
-50900
-38100
150900
-75700
-113600
109600
-108000
-52300
18700
-32200
113400
-167300
102800
20800
-223900
19300
265800
-334800
197300
-252900
37500
11000
77500
31600
-147200
-104200
73800
-155500
80800
-55100
-6900
16300
29800
-71100
-3700
-151500
71600
85700
-150100
42200
-85500
49100
64400
44600
-214200
414300
-412500
74000
-147500
34300
19600
-41300
-10400
2100
-142000
42900
-40600
-68400
-52200
26600
24600
-59100
121800
-51700
108000
-122500
-21800
-113200
-81500
-800
-17100
38100
23200
-28700
228600
-376000
153400
-123600
59500
-2200
-181800
-4100
163900
-154700
21200
-170500
65800
23300
-104700
19400
8700
-41600
68200
-75600
-7200
1128200
-1181300
-39800
15200
293900
-382000
190400
-162900
148100
-312500
191500
-169600
83100
-100600
-11600
-65600
108200
-129500
23100
-4500
-49400
-56200
-25500
-19500
29900
-101600
43100
121700
-109100
76100
-116600
-52100
30900
30900
-174100
335300
-358900
248200
-247200
53200
-125200
92700
-97800
-58600
-21100
16300
-72900
55400
-5400
-86200
58000
-82800
9700
-41700
-66400
80900
-127400
101900
103900
-223400
217300
-218900
-11400
-52000
-3400
14700
172000
-216300
171800
-241600
26400
-95600
23400
44600
-157100
-3700
5500
64700
-9300
-139100
-3600
14500
-126800
23200
17800
300
-1300
17000
-16800
194200
-276300
44800
-117000
132200
-139400
31300
-75000
121400
-120200
73600
-241400
98200
-39100
-130100
102700
-36300
-51000
59800
-51500
13600
-153800
27900
7700
2700
-94900
9700
10200
153100
28900
-270300
412700
-428000
56100
-87300
23700
-9500
26900
-54500
74100
-185200
62400
-93600
68500
-151100
-54300
87400
-93700
52600
-3400
-87800
3500
-36400
-8400
136900
-134000
202400
-295800
58400
86800
-150900
-21900
-31500
-47100
72400
-97500
84400
-107100
125700
10300
-244200
-36700
70300
-116900
43000
2500
-31200
36100
-18700
-87200
-18600
-59900
51100
-21900
-67700
149600
-140400
-7500
6300
18400
-28200
-119900
-80500
244900
-248100
340500
-388500
97100
27300
21200
-127500
-144000
65200
-35900
2900
-14400
-71300
2300
99700
-123000
-37400
83000
-76900
-79600
303000
-317300
211600
-217800
79300
-66700
-84100
-35700
312200
-348800
149900
-210300
66000
-135000
160300
-10100
-215200
20000
-20200
-46500
78300
-164800
37200
-20000
137200
-84000
-112600
18000
77100
-115500
-6200
17800
-97500
215900
-212800
23000
-61500
18300
-10700
-75100
-60000
88500
-109200
3600
23500
36700
-34900
-172100
14300
41000
-50100
-60600
40400
-55300
136000
-122800
-46900
8600
-37500
-3200
-19600
-70400
141500
-218900
188300
-86000
-63900
-61700
96700
-187900
90100
-45800
-10700
33900
-52400
-27700
-12200
-65300
-18400
-59500
29200
17800
-59100
-23600
135300
-179000
-58900
69200
-100700
139100
-105900
-68500
-26100
13400
87500
-63700
-48000
-28700
29300
-105000
-49200
152300
-104400
33500
-82000
19100
-178400
48800
-13800
-2800
-56100
-60500
2900
33200
-1400
-11300
14200
-117100
173800
-153800
-57300
7800
-31900
-20500
361800
-332800
105400
-190700
9800
-99900
78100
-143700
124500
-154600
155500
-163200
-24500
-50900
-1200
-35000
51600
-79900
70400
-162700
124300
20000
-104800
45500
-124900
66200
34500
11300
-172500
389100
-272400
6100
-181100
85400
-68600
-90900
-35100
37500
-64800
-15600
92200
-50600
1100
-176100
35400
62500
-63900
21600
-70500
-52300
157500
-144600
-58900
-7700
29600
-86000
290400
-332100
362400
-412200
117500
-31900
-44300
-9300
-122600
-44000
42200
-40600
-17200
-25300
45600
32200
-164300
-18300
50100
-50900
-16500
-25700
-11000
37700
-7800
46600
-171000
52300
-85800
284200
-341000
242400
-330800
134500
-52400
184400
-260400
15400
-45500
51300
-224900
121200
-13400
61700
-129700
85700
-161200
65200
-34000
-22800
-65100
700
-17700
-94100
161100
-47900
-75800
4100
-23300
-95500
323300
-316300
121100
-165600
145700
7500
-208800
-75800
27700
-36700
-11700
-600
-35800
30800
35300
82700
-218400
121500
-151900
-70200
78800
-136800
5300
113800
-15100
-55300
-137000
75500
1700
12200
-136600
255900
-251200
53000
-43800
45200
-76400
-108400
-47100
-10500
-42100
98200
-164400
79000
39200
-9000
-86700
-45500
-24400
15800
-90200
20900
61300
-105000
88500
-86300
-7200
-15200
98400
-217800
241100
-241700
70900
-102100
121800
-25800
-219700
22600
76100
-63500
-63100
-13100
-58400
6600
66300
-72500
58900
-93200
-13600
-30000
-41900
179100
-264400
74900
42500
-46100
-108900
399100
-401800
93200
-176000
69700
-92500
139000
-46300
-99300
-126900
81000
-142500
42800
-11400
-37900
-34500
50200
27000
78400
-243100
38500
17300
-46200
3800
-87600
48200
30800
247400
-255300
184100
-357300
98600
-126000
58800
-43300
94900
-205800
97700
-38200
-41500
-55700
-5500
-89300
64900
-153000
104100
-16400
42600
50500
-248000
51400
41200
25200
-166500
204100
-230800
514500
-517200
250600
-277000
96100
-144200
41200
-111800
148100
-261800
53400
93500
-34600
-139700
29700
-22000
-8400
-12400
-25800
300700
-423800
146200
-49300
-27700
-80000
145300
-191700
375800
-472700
120400
-17800
104600
-124100
69900
-208300
118100
-131700
9900
-34200
-67500
-48500
75500
33300
-74000
-149000
133000
-16000
-47100
72200
-146900
-500
28500
-32400
-78900
2400
22200
236100
-295800
233300
-297000
53000
6800
-21100
-157900
43200
-72300
72600
-126900
54300
-140900
29000
52100
45700
-153500
2400
-58000
67800
-16900
-78000
123700
-242100
204500
-25600
-113000
-33400
126000
-223000
446800
-501400
87800
-86300
162000
-134000
99000
-221200
109000
-71800
-41900
-2300
-41400
-5300
-2900
-17200
-10500
-138100
2600
31800
-40900
110700
-120800
-50800
155300
-101200
-64900
59000
-124700
402700
-368000
-27800
-100400
69400
-48200
60000
-36400
-131300
-24500
15200
-55900
-8900
27900
-87800
171800
-61800
-193700
8300
-67600
47100
23600
-51300
108100
-135200
84200
-112900
-43500
-26400
-64300
61900
219500
-309600
50800
-84700
142400
-25000
-145000
-28000
-47300
-11400
80900
-155700
36900
15200
-7900
61400
-139300
4200
-92100
48700
-44800
18100
-69200
84000
-27200
3000
-91700
6100
-56400
30300
-18500
91200
-210600
142000
-103600
17500
-114100
-29100
52200
-160200
-2800
46900
-72300
27000
70000
-58100
-55300
-88300
43600
-40400
-1800
-4500
15300
-147600
503800
-350100
-29500
-155500
91400
-23600
78200
-221900
143800
-166200
152700
-140500
-96800
76700
-163900
12600
1759200
-1698200
-5500
-102800
76300
32700
-151700
202900
-237100
-12900
-8900
11600
-52400
-41000
70500
228300
-366200
376300
-482300
266800
-260500
44400
-23600
-72300
23900
154000
-220700
50400
-177700
26400
22500
-14800
39200
-106800
108400
-26600
-58600
-67100
94900
-123700
288000
-310500
-2900
-85300
150500
-42000
237300
-384200
361300
-440200
127500
-115400
-18000
70100
16000
-87600
-52500
-82300
83200
-196800
39100
-2600
-4100
-17400
47400
8800
-74700
1700
-95600
214100
-221400
241900
-292800
101000
-82900
46300
-115900
-41700
-51200
204400
-200800
32900
-97300
1300
146000
-162800
-72100
8000
-28900
47500
-144200
88200
-95500
-7200
108400
-3600
-152400
-8900
-5700
-33400
303200
-403100
616100
-643000
190800
-67300
-28300
-39200
-58200
-31400
-3800
51600
-91000
-153700
277800
-137900
-103100
11800
-64600
-12500
58500
-95100
-25700
-4300
27200
46600
-197200
17700
-77700
15300
57500
41800
-140500
357200
-319900
122900
-297600
145200
-133100
34700
73000
-191400
15700
13900
44400
56200
-200100
-19700
36500
-40700
-36700
3600
82300
-59300
-1300
14100
-39600
-128900
283900
-315200
16400
-34600
17500
-91700
100700
-17700
-92100
-69700
90500
-187700
69900
-35900
9800
-79200
85600
-30100
3800
-91900
-6000
71100
-158500
64800
-64300
-11300
17700
33400
-44300
-57400
-53400
224600
-305500
234100
-292900
103400
-15100
106000
-210100
4900
-66100
-41600
2600
33900
-152900
44100
78900
1300
-78500
-35900
-64600
47200
-108600
55000
-22200
-47200
130900
-62300
-96700
54700
-4300
-87300
220400
-312900
268200
-357100
188000
-105800
-62600
67300
-174600
-12700
-35400
43500
-12800
52700
-40400
81800
-233200
52100
-42100
-34000
-600
67500
-135400
201200
-192400
54000
-43300
-18600
-134100
418000
-416600
258400
-187500
-101100
4000
107100
-11200
-260400
45600
9400
-88600
136300
-39800
-51600
-76600
70000
-85300
-59700
60700
-149500
52200
-32900
18700
58200
68000
-160700
298300
-375100
66200
-119000
158600
-152200
-98300
-1900
165800
-142800
-18800
-33900
-50300
-21100
-47300
49600
-102100
-7600
157700
-79500
-88600
28700
-123200
153400
-124800
-58300
-41700
58600
67000
90800
-290100
359400
-386700
80300
-102600
86200
2400
-114400
61600
-35800
-171800
66600
-66900
-25400
53800
-142900
-6000
46500
33200
18400
-41300
-104300
186600
-137900
-66600
-66600
64400
-78800
342000
-313200
254900
-423700
114400
-85900
3400
40400
-136400
-36900
58700
-27500
-30200
-22400
-39000
88300
-176200
30300
-2800
-8000
59100
37500
-169400
101300
-85400
-78800
-38400
8800
24500
132000
-137900
402800
-526300
73900
-146100
50500
-23600
-74600
-52700
58600
15700
60500
-236700
20800
34500
21500
35000
-87900
-92400
7200
99000
17000
-138400
-65300
183700
-206300
89200
-152000
68300
-100800
135500
-53300
201400
-377500
167800
-217500
75000
-18700
-87800
-1300
272700
-254000
-3700
-108400
70900
-36800
-80700
-22200
19800
-49600
42700
27900
-65600
-111400
-14100
305500
-335700
72400
-88800
51800
-100
85000
-187100
-6400
-102200
172300
-152600
-34500
3686300
2971700
-6065700
-133700
-586200
51600
-54800
-56900
112300
-180200
50800
-20800
65100
17200
-41900
-126500
195000
-225500
94300
-118600
38500
-78300
147100
-116400
-47000
-104800
5200
-11200
-3100
-24900
-84000
40500
137200
-160100
-68800
-7600
46700
-154100
49300
-22800
22900
4800
-96700
133100
-155200
34200
-94200
271900
-315100
287400
-256600
18600
-48500
47800
-19500
-141800
12100
-72000
-3100
-10300
-21500
-39500
105900
-93600
-88800
18100
-8300
-16300
91900
-169500
137300
-229600
215600
-70700
-49200
-103300
263400
-307100
73100
-85700
29300
-28800
2400
-18700
-67900
-4500
-30700
-55900
-24400
95500
-142800
75800
-22900
-25000
-27900
-115400
1900
60200
-56800
18300
-86100
18900
90100
39900
-217500
358700
-395800
71800
-100100
50100
-87000
52200
-55400
16400
-131800
35700
-130900
39900
36600
-22100
-71800
7000
29500
7200
-70500
-66100
110800
-190500
78000
3600
7600
-103500
124900
-86600
9400
-121800
56000
-58300
45000
34400
-79900
-96700
181700
-203400
-8800
-51200
19300
-122500
32000
-29300
88500
-153700
72900
103600
-166100
14200
-97200
20000
-31300
75600
-141300
279500
-280200
94800
-125100
26800
-122100
83200
-93600
55500
-210400
141700
14600
162100
-301600
22000
-23700
64600
-76300
109000
-277200
40800
99400
-9900
-134900
-22800
9500
69100
-101100
-39600
149400
-195900
364600
-389500
19200
-50300
34400
-96500
37700
-90700
96600
-172400
133400
252500
-354100
-89700
38800
900
-32400
-76300
17400
39900
-23200
59000
-205000
35600
-1300
-15000
-7700
116600
-214500
299600
-258700
89400
-225400
47300
143100
-204600
-87400
66800
-90500
62700
-41800
21500
59500
-119900
-49900
-35900
11900
1900
62200
-154100
81500
31500
-150700
-47500
1400
97200
-65300
-120000
372800
-381900
100400
-118500
-38600
-14500
1700
3000
27300
-78000
5300
-136900
93400
123000
-218700
34400
-105800
50100
-62100
-4500
-32500
53700
-19800
78600
-153000
41800
-149000
3000
93700
30900
-174500
87900
-1200
-6500
-149200
68000
-18800
-112600
10500
-39100
-28500
27300
55000
-103400
10300
-75700
-13100
-47900
9700
132500
-230700
42100
89800
-34600
-124400
-37300
25100
48500
-71600
-119500
305100
-342900
213100
-79200
-32600
-127700
85400
-116300
-43000
-9200
-31200
68900
-13500
4200
-83700
-108600
23500
40100
-64300
32900
-99600
43800
25700
7200
-118700
267100
-321200
532100
-552900
48400
-85000
-5800
114200
-110600
-114300
20100
-1200
-47300
-35700
-15400
159600
-137500
135800
-91400
-44800
-74500
-79500
66700
-159400
33700
64000
-74000
104000
-89800
-26600
11700
-26000
-138000
291300
-277400
11600
-74800
121900
-2000
-231400
11900
10200
-35300
5700
-39600
8900
-300
21800
-40400
-7300
-30700
-93500
17900
-40800
